/*
Navicat MySQL Data Transfer

Source Server         : localhsot
Source Server Version : 50718
Source Host           : localhost:3306
Source Database       : jbpm

Target Server Type    : MYSQL
Target Server Version : 50718
File Encoding         : 65001

Date: 2018-05-14 13:44:27
*/

SET FOREIGN_KEY_CHECKS=0;

-- ----------------------------
-- Table structure for attachment
-- ----------------------------
DROP TABLE IF EXISTS `attachment`;
CREATE TABLE `attachment` (
  `id` bigint(20) NOT NULL AUTO_INCREMENT,
  `accessType` int(11) DEFAULT NULL,
  `attachedAt` datetime DEFAULT NULL,
  `attachmentContentId` bigint(20) NOT NULL,
  `contentType` varchar(255) DEFAULT NULL,
  `name` varchar(255) DEFAULT NULL,
  `attachment_size` int(11) DEFAULT NULL,
  `attachedBy_id` varchar(255) DEFAULT NULL,
  `TaskData_Attachments_Id` bigint(20) DEFAULT NULL,
  PRIMARY KEY (`id`),
  KEY `FKd5xpm81gxg8n40167lbu5rbfb` (`attachedBy_id`),
  KEY `FKjj9psk52ifamilliyo16epwpc` (`TaskData_Attachments_Id`),
  CONSTRAINT `FKd5xpm81gxg8n40167lbu5rbfb` FOREIGN KEY (`attachedBy_id`) REFERENCES `organizationalentity` (`id`),
  CONSTRAINT `FKjj9psk52ifamilliyo16epwpc` FOREIGN KEY (`TaskData_Attachments_Id`) REFERENCES `task` (`id`)
) ENGINE=InnoDB DEFAULT CHARSET=utf8;

-- ----------------------------
-- Records of attachment
-- ----------------------------

-- ----------------------------
-- Table structure for audittaskimpl
-- ----------------------------
DROP TABLE IF EXISTS `audittaskimpl`;
CREATE TABLE `audittaskimpl` (
  `id` bigint(20) NOT NULL AUTO_INCREMENT,
  `activationTime` datetime DEFAULT NULL,
  `actualOwner` varchar(255) DEFAULT NULL,
  `createdBy` varchar(255) DEFAULT NULL,
  `createdOn` datetime DEFAULT NULL,
  `deploymentId` varchar(255) DEFAULT NULL,
  `description` varchar(255) DEFAULT NULL,
  `dueDate` datetime DEFAULT NULL,
  `lastModificationDate` datetime DEFAULT NULL,
  `name` varchar(255) DEFAULT NULL,
  `parentId` bigint(20) NOT NULL,
  `priority` int(11) NOT NULL,
  `processId` varchar(255) DEFAULT NULL,
  `processInstanceId` bigint(20) NOT NULL,
  `processSessionId` bigint(20) NOT NULL,
  `status` varchar(255) DEFAULT NULL,
  `taskId` bigint(20) DEFAULT NULL,
  `workItemId` bigint(20) DEFAULT NULL,
  PRIMARY KEY (`id`)
) ENGINE=InnoDB AUTO_INCREMENT=53 DEFAULT CHARSET=utf8;

-- ----------------------------
-- Records of audittaskimpl
-- ----------------------------
INSERT INTO `audittaskimpl` VALUES ('1', '2018-05-13 05:54:06', '', '', '2018-05-13 05:54:06', 'org.default:artifact:1.0.0-SNAPSHOT', '1', null, '2018-05-13 05:54:08', 'Task1', '-1', '0', 'org.jbpm.examples.checklist.sample1', '7', '49', 'Ready', '1', '1');
INSERT INTO `audittaskimpl` VALUES ('2', '2018-05-13 05:56:32', '', '', '2018-05-13 05:56:32', 'org.default:artifact:1.0.0-SNAPSHOT', 'Please perform a self-evalutation.', null, '2018-05-13 05:56:32', 'Self Evaluation', '-1', '0', 'com.sample.evaluation', '8', '49', 'Created', '2', '2');
INSERT INTO `audittaskimpl` VALUES ('3', '2018-05-13 06:31:05', '', '', '2018-05-13 06:31:05', 'org.default:artifact:1.0.0-SNAPSHOT', 'Please perform a self-evalutation.', null, '2018-05-13 06:31:06', 'Self Evaluation', '-1', '0', 'com.sample.evaluation', '9', '52', 'Created', '3', '3');
INSERT INTO `audittaskimpl` VALUES ('4', '2018-05-13 06:42:27', '', '', '2018-05-13 06:42:27', 'org.default:artifact:1.0.0-SNAPSHOT', '1', null, '2018-05-13 06:42:27', 'Task1', '-1', '0', 'org.jbpm.examples.checklist.sample1', '10', '53', 'Ready', '4', '4');
INSERT INTO `audittaskimpl` VALUES ('5', '2018-05-13 09:16:56', '', '', '2018-05-13 09:16:56', 'org.default:artifact:1.0.0-SNAPSHOT', 'Please perform a self-evalutation.', null, '2018-05-13 09:16:56', 'Self Evaluation', '-1', '0', 'com.sample.evaluation', '11', '58', 'Created', '5', '5');
INSERT INTO `audittaskimpl` VALUES ('6', '2018-05-13 09:43:23', '', '', '2018-05-13 09:43:23', 'org.default:artifact:1.0.0-SNAPSHOT', 'Please perform a self-evalutation.', null, '2018-05-13 09:43:24', 'Self Evaluation', '-1', '0', 'com.sample.evaluation', '12', '58', 'Created', '6', '6');
INSERT INTO `audittaskimpl` VALUES ('7', '2018-05-13 10:00:31', 'admin', 'admin', '2018-05-13 10:00:31', 'org.default:artifact:1.0.0-SNAPSHOT', 'Please perform a self-evalutation.', null, '2018-05-13 11:34:39', 'Self Evaluation', '-1', '0', 'com.sample.evaluation', '13', '59', 'Completed', '7', '7');
INSERT INTO `audittaskimpl` VALUES ('8', '2018-05-13 11:34:39', '', '', '2018-05-13 11:34:39', 'org.default:artifact:1.0.0-SNAPSHOT', 'You need to evaluate admin.', null, '2018-05-13 11:34:39', 'PM Evaluation', '-1', '0', 'com.sample.evaluation', '13', '63', 'Ready', '8', '8');
INSERT INTO `audittaskimpl` VALUES ('9', '2018-05-13 11:34:39', 'mary', '', '2018-05-13 11:34:39', 'org.default:artifact:1.0.0-SNAPSHOT', 'You need to evaluate admin.', null, '2018-05-13 15:13:03', 'HR Evaluation', '-1', '0', 'com.sample.evaluation', '13', '63', 'Reserved', '9', '9');
INSERT INTO `audittaskimpl` VALUES ('10', '2018-05-13 12:10:46', 'admin', 'admin', '2018-05-13 12:10:46', 'org.default:artifact:1.0.0-SNAPSHOT', 'Please perform a self-evalutation.', null, '2018-05-13 15:17:56', 'Self Evaluation', '-1', '0', 'com.sample.evaluation', '14', '68', 'Completed', '10', '10');
INSERT INTO `audittaskimpl` VALUES ('11', '2018-05-13 12:47:12', 'admin', 'admin', '2018-05-13 12:47:12', 'org.default:artifact:1.0.0-SNAPSHOT', 'Please perform a self-evalutation.', null, '2018-05-13 12:53:39', 'Self Evaluation', '-1', '0', 'com.sample.evaluation', '15', '72', 'Completed', '11', '11');
INSERT INTO `audittaskimpl` VALUES ('12', '2018-05-13 12:53:38', '', '', '2018-05-13 12:53:38', 'org.default:artifact:1.0.0-SNAPSHOT', 'You need to evaluate admin.', null, '2018-05-13 12:53:39', 'PM Evaluation', '-1', '0', 'com.sample.evaluation', '15', '73', 'Ready', '12', '12');
INSERT INTO `audittaskimpl` VALUES ('13', '2018-05-13 12:53:39', 'john', '', '2018-05-13 12:53:39', 'org.default:artifact:1.0.0-SNAPSHOT', 'You need to evaluate admin.', null, '2018-05-13 13:11:03', 'HR Evaluation', '-1', '0', 'com.sample.evaluation', '15', '73', 'Completed', '13', '13');
INSERT INTO `audittaskimpl` VALUES ('14', '2018-05-13 15:01:21', 'john', 'john', '2018-05-13 15:01:21', 'org.default:artifact:1.0.0-SNAPSHOT', '', null, '2018-05-13 15:02:11', 'john', '-1', '0', 'mytest.helloworldScriptTask', '16', '83', 'Completed', '14', '14');
INSERT INTO `audittaskimpl` VALUES ('15', '2018-05-13 15:02:10', 'mary', 'mary', '2018-05-13 15:02:10', 'org.default:artifact:1.0.0-SNAPSHOT', '', null, '2018-05-13 15:14:28', 'mary', '-1', '0', 'mytest.helloworldScriptTask', '16', '83', 'Completed', '15', '15');
INSERT INTO `audittaskimpl` VALUES ('16', '2018-05-13 15:14:28', '', '', '2018-05-13 15:14:28', 'org.default:artifact:1.0.0-SNAPSHOT', '', null, '2018-05-13 15:14:28', 'tmp', '-1', '0', 'mytest.helloworldScriptTask', '16', '84', 'Ready', '16', '16');
INSERT INTO `audittaskimpl` VALUES ('17', '2018-05-13 15:15:37', 'admin', 'admin', '2018-05-13 15:15:37', 'org.default:artifact:1.0.0-SNAPSHOT', 'Please perform a self-evalutation.', null, '2018-05-13 15:17:51', 'Self Evaluation', '-1', '0', 'com.sample.evaluation', '17', '84', 'Completed', '17', '17');
INSERT INTO `audittaskimpl` VALUES ('18', '2018-05-13 15:17:50', 'john', '', '2018-05-13 15:17:50', 'org.default:artifact:1.0.0-SNAPSHOT', 'You need to evaluate admin.', null, '2018-05-13 15:18:13', 'HR Evaluation', '-1', '0', 'com.sample.evaluation', '17', '84', 'Reserved', '18', '18');
INSERT INTO `audittaskimpl` VALUES ('19', '2018-05-13 15:17:50', '', '', '2018-05-13 15:17:50', 'org.default:artifact:1.0.0-SNAPSHOT', 'You need to evaluate admin.', null, '2018-05-13 15:17:51', 'PM Evaluation', '-1', '0', 'com.sample.evaluation', '17', '84', 'Ready', '19', '19');
INSERT INTO `audittaskimpl` VALUES ('20', '2018-05-13 15:17:55', '', '', '2018-05-13 15:17:55', 'org.default:artifact:1.0.0-SNAPSHOT', 'You need to evaluate admin.', null, '2018-05-13 15:17:55', 'HR Evaluation', '-1', '0', 'com.sample.evaluation', '14', '84', 'Ready', '20', '20');
INSERT INTO `audittaskimpl` VALUES ('21', '2018-05-13 15:17:55', '', '', '2018-05-13 15:17:55', 'org.default:artifact:1.0.0-SNAPSHOT', 'You need to evaluate admin.', null, '2018-05-13 15:17:55', 'PM Evaluation', '-1', '0', 'com.sample.evaluation', '14', '84', 'Ready', '21', '21');
INSERT INTO `audittaskimpl` VALUES ('22', '2018-05-13 15:35:25', 'john', 'john', '2018-05-13 15:35:25', 'org.default:artifact:1.0.0-SNAPSHOT', '', null, '2018-05-13 15:35:43', 'john', '-1', '0', 'mytest.helloworldScriptTask', '18', '85', 'Completed', '22', '22');
INSERT INTO `audittaskimpl` VALUES ('23', '2018-05-13 15:35:43', 'mary', 'mary', '2018-05-13 15:35:43', 'org.default:artifact:1.0.0-SNAPSHOT', '', null, '2018-05-13 15:36:21', 'mary', '-1', '0', 'mytest.helloworldScriptTask', '18', '85', 'Completed', '23', '23');
INSERT INTO `audittaskimpl` VALUES ('24', '2018-05-13 15:36:21', '', '', '2018-05-13 15:36:21', 'org.default:artifact:1.0.0-SNAPSHOT', '', null, '2018-05-13 15:36:21', 'tmp', '-1', '0', 'mytest.helloworldScriptTask', '18', '85', 'Ready', '24', '24');
INSERT INTO `audittaskimpl` VALUES ('25', '2018-05-13 15:38:14', 'admin', 'admin', '2018-05-13 15:38:14', 'org.default:artifact:1.0.0-SNAPSHOT', 'Please perform a self-evalutation.', null, '2018-05-13 15:38:54', 'Self Evaluation', '-1', '0', 'com.sample.evaluation', '19', '85', 'Completed', '25', '25');
INSERT INTO `audittaskimpl` VALUES ('26', '2018-05-13 15:38:54', '', '', '2018-05-13 15:38:54', 'org.default:artifact:1.0.0-SNAPSHOT', 'You need to evaluate admin.', null, '2018-05-13 15:38:54', 'PM Evaluation', '-1', '0', 'com.sample.evaluation', '19', '85', 'Ready', '26', '26');
INSERT INTO `audittaskimpl` VALUES ('27', '2018-05-13 15:38:54', 'john', '', '2018-05-13 15:38:54', 'org.default:artifact:1.0.0-SNAPSHOT', 'You need to evaluate admin.', null, '2018-05-13 16:48:17', 'HR Evaluation', '-1', '0', 'com.sample.evaluation', '19', '85', 'Reserved', '27', '27');
INSERT INTO `audittaskimpl` VALUES ('28', '2018-05-13 16:36:19', 'john', 'john', '2018-05-13 16:36:19', 'org.default:artifact:1.0.0-SNAPSHOT', '', null, '2018-05-13 16:36:49', 'john', '-1', '0', 'mytest.helloworldScriptTask', '20', '93', 'Completed', '28', '28');
INSERT INTO `audittaskimpl` VALUES ('29', '2018-05-13 16:36:48', 'mary', 'mary', '2018-05-13 16:36:48', 'org.default:artifact:1.0.0-SNAPSHOT', '', null, '2018-05-13 16:37:10', 'mary', '-1', '0', 'mytest.helloworldScriptTask', '20', '93', 'Completed', '29', '29');
INSERT INTO `audittaskimpl` VALUES ('30', '2018-05-13 16:37:10', '', '', '2018-05-13 16:37:10', 'org.default:artifact:1.0.0-SNAPSHOT', '', null, '2018-05-13 16:37:10', 'tmp', '-1', '0', 'mytest.helloworldScriptTask', '20', '93', 'Ready', '30', '30');
INSERT INTO `audittaskimpl` VALUES ('31', '2018-05-13 16:42:33', 'admin', 'admin', '2018-05-13 16:42:33', 'org.default:artifact:1.0.0-SNAPSHOT', 'Please perform a self-evalutation.', null, '2018-05-13 16:42:47', 'Self Evaluation', '-1', '0', 'com.sample.evaluation', '21', '94', 'Completed', '31', '31');
INSERT INTO `audittaskimpl` VALUES ('32', '2018-05-13 16:42:46', '', '', '2018-05-13 16:42:46', 'org.default:artifact:1.0.0-SNAPSHOT', 'You need to evaluate admin.', null, '2018-05-13 16:42:47', 'PM Evaluation', '-1', '0', 'com.sample.evaluation', '21', '94', 'Ready', '32', '32');
INSERT INTO `audittaskimpl` VALUES ('33', '2018-05-13 16:42:47', 'john', '', '2018-05-13 16:42:47', 'org.default:artifact:1.0.0-SNAPSHOT', 'You need to evaluate admin.', null, '2018-05-13 16:45:44', 'HR Evaluation', '-1', '0', 'com.sample.evaluation', '21', '94', 'Reserved', '33', '33');
INSERT INTO `audittaskimpl` VALUES ('34', '2018-05-13 20:09:08', 'admin', 'admin', '2018-05-13 20:09:08', 'org.default:artifact:1.0.0-SNAPSHOT', 'Please perform a self-evalutation.', null, '2018-05-13 20:10:01', 'Self Evaluation', '-1', '0', 'com.sample.evaluation', '22', '94', 'Completed', '34', '34');
INSERT INTO `audittaskimpl` VALUES ('35', '2018-05-13 20:10:01', '', '', '2018-05-13 20:10:01', 'org.default:artifact:1.0.0-SNAPSHOT', 'You need to evaluate admin.', null, '2018-05-13 20:10:01', 'PM Evaluation', '-1', '0', 'com.sample.evaluation', '22', '94', 'Ready', '35', '35');
INSERT INTO `audittaskimpl` VALUES ('36', '2018-05-13 20:10:01', 'mary', '', '2018-05-13 20:10:01', 'org.default:artifact:1.0.0-SNAPSHOT', 'You need to evaluate admin.', null, '2018-05-14 09:30:48', 'HR Evaluation', '-1', '0', 'com.sample.evaluation', '22', '94', 'Reserved', '36', '36');
INSERT INTO `audittaskimpl` VALUES ('37', '2018-05-14 08:14:19', 'admin', 'admin', '2018-05-14 08:14:19', 'org.default:artifact:1.0.0-SNAPSHOT', 'Please perform a self-evalutation.', null, '2018-05-14 08:14:56', 'Self Evaluation', '-1', '0', 'com.sample.evaluation', '32', '101', 'Completed', '37', '46');
INSERT INTO `audittaskimpl` VALUES ('38', '2018-05-14 08:14:56', '', '', '2018-05-14 08:14:56', 'org.default:artifact:1.0.0-SNAPSHOT', 'You need to evaluate admin.', null, '2018-05-14 08:14:56', 'PM Evaluation', '-1', '0', 'com.sample.evaluation', '32', '101', 'Ready', '38', '47');
INSERT INTO `audittaskimpl` VALUES ('39', '2018-05-14 08:14:56', 'john', '', '2018-05-14 08:14:56', 'org.default:artifact:1.0.0-SNAPSHOT', 'You need to evaluate admin.', null, '2018-05-14 08:17:27', 'HR Evaluation', '-1', '0', 'com.sample.evaluation', '32', '101', 'Reserved', '39', '48');
INSERT INTO `audittaskimpl` VALUES ('40', '2018-05-14 08:18:43', 'admin', 'admin', '2018-05-14 08:18:43', 'org.default:artifact:1.0.0-SNAPSHOT', 'Please perform a self-evalutation.', null, '2018-05-14 08:20:10', 'Self Evaluation', '-1', '0', 'com.sample.evaluation', '33', '101', 'Completed', '40', '49');
INSERT INTO `audittaskimpl` VALUES ('41', '2018-05-14 08:20:10', '', '', '2018-05-14 08:20:10', 'org.default:artifact:1.0.0-SNAPSHOT', 'You need to evaluate admin.', null, '2018-05-14 08:20:10', 'PM Evaluation', '-1', '0', 'com.sample.evaluation', '33', '101', 'Ready', '41', '50');
INSERT INTO `audittaskimpl` VALUES ('42', '2018-05-14 08:20:10', 'john', '', '2018-05-14 08:20:10', 'org.default:artifact:1.0.0-SNAPSHOT', 'You need to evaluate admin.', null, '2018-05-14 08:22:52', 'HR Evaluation', '-1', '0', 'com.sample.evaluation', '33', '101', 'Reserved', '42', '51');
INSERT INTO `audittaskimpl` VALUES ('43', '2018-05-14 09:54:38', '', '', '2018-05-14 09:54:38', 'org.default:artifact:1.0.0-SNAPSHOT', 'Please perform a self-evalutation.', null, '2018-05-14 09:54:39', 'Self Evaluation', '-1', '0', 'com.sample.evaluation', '38', '108', 'Ready', '43', '56');
INSERT INTO `audittaskimpl` VALUES ('44', '2018-05-14 10:00:55', 'tmp', 'tmp', '2018-05-14 10:00:55', 'org.default:artifact:1.0.0-SNAPSHOT', 'Please perform a self-evalutation.', null, '2018-05-14 11:54:47', 'Self Evaluation', '-1', '0', 'com.sample.evaluation', '39', '109', 'Completed', '44', '57');
INSERT INTO `audittaskimpl` VALUES ('45', '2018-05-14 11:54:47', 'mary', '', '2018-05-14 11:54:47', 'org.default:artifact:1.0.0-SNAPSHOT', 'You need to evaluate tmp.', null, '2018-05-14 13:33:51', 'HR Evaluation', '-1', '0', 'com.sample.evaluation', '39', '109', 'Completed', '45', '58');
INSERT INTO `audittaskimpl` VALUES ('46', '2018-05-14 11:54:47', 'john', '', '2018-05-14 11:54:47', 'org.default:artifact:1.0.0-SNAPSHOT', 'You need to evaluate tmp.', null, '2018-05-14 13:33:15', 'PM Evaluation', '-1', '0', 'com.sample.evaluation', '39', '109', 'Completed', '46', '59');
INSERT INTO `audittaskimpl` VALUES ('47', '2018-05-14 13:34:35', 'tmp', 'tmp', '2018-05-14 13:34:35', 'org.default:artifact:1.0.0-SNAPSHOT', 'Please perform a self-evalutation.', null, '2018-05-14 13:34:52', 'Self Evaluation', '-1', '0', 'com.sample.evaluation', '40', '110', 'Completed', '47', '60');
INSERT INTO `audittaskimpl` VALUES ('48', '2018-05-14 13:34:51', 'tmp', '', '2018-05-14 13:34:51', 'org.default:artifact:1.0.0-SNAPSHOT', 'You need to evaluate tmp.', null, '2018-05-14 13:35:32', 'HR Evaluation', '-1', '0', 'com.sample.evaluation', '40', '110', 'Completed', '48', '61');
INSERT INTO `audittaskimpl` VALUES ('49', '2018-05-14 13:34:52', 'john', '', '2018-05-14 13:34:52', 'org.default:artifact:1.0.0-SNAPSHOT', 'You need to evaluate tmp.', null, '2018-05-14 13:36:00', 'PM Evaluation', '-1', '0', 'com.sample.evaluation', '40', '110', 'Reserved', '49', '62');
INSERT INTO `audittaskimpl` VALUES ('50', '2018-05-14 13:38:55', 'john', 'john', '2018-05-14 13:38:55', 'org.default:artifact:1.0.0-SNAPSHOT', '', null, '2018-05-14 13:39:14', 'john', '-1', '0', 'mytest.helloworldScriptTask', '41', '110', 'Completed', '50', '63');
INSERT INTO `audittaskimpl` VALUES ('51', '2018-05-14 13:39:14', 'mary', 'mary', '2018-05-14 13:39:14', 'org.default:artifact:1.0.0-SNAPSHOT', '', null, '2018-05-14 13:39:45', 'mary', '-1', '0', 'mytest.helloworldScriptTask', '41', '110', 'Completed', '51', '64');
INSERT INTO `audittaskimpl` VALUES ('52', '2018-05-14 13:39:45', '', '', '2018-05-14 13:39:45', 'org.default:artifact:1.0.0-SNAPSHOT', '', null, '2018-05-14 13:39:45', 'tmp', '-1', '0', 'mytest.helloworldScriptTask', '41', '110', 'Ready', '52', '65');

-- ----------------------------
-- Table structure for bamtasksummary
-- ----------------------------
DROP TABLE IF EXISTS `bamtasksummary`;
CREATE TABLE `bamtasksummary` (
  `pk` bigint(20) NOT NULL AUTO_INCREMENT,
  `createdDate` datetime DEFAULT NULL,
  `duration` bigint(20) DEFAULT NULL,
  `endDate` datetime DEFAULT NULL,
  `processInstanceId` bigint(20) NOT NULL,
  `startDate` datetime DEFAULT NULL,
  `status` varchar(255) DEFAULT NULL,
  `taskId` bigint(20) NOT NULL,
  `taskName` varchar(255) DEFAULT NULL,
  `userId` varchar(255) DEFAULT NULL,
  `OPTLOCK` int(11) DEFAULT NULL,
  PRIMARY KEY (`pk`)
) ENGINE=InnoDB DEFAULT CHARSET=utf8;

-- ----------------------------
-- Records of bamtasksummary
-- ----------------------------

-- ----------------------------
-- Table structure for booleanexpression
-- ----------------------------
DROP TABLE IF EXISTS `booleanexpression`;
CREATE TABLE `booleanexpression` (
  `id` bigint(20) NOT NULL AUTO_INCREMENT,
  `expression` longtext,
  `type` varchar(255) DEFAULT NULL,
  `Escalation_Constraints_Id` bigint(20) DEFAULT NULL,
  PRIMARY KEY (`id`),
  KEY `FKqth56a8k6d8pv6ngsu2vjp4kj` (`Escalation_Constraints_Id`),
  CONSTRAINT `FKqth56a8k6d8pv6ngsu2vjp4kj` FOREIGN KEY (`Escalation_Constraints_Id`) REFERENCES `escalation` (`id`)
) ENGINE=InnoDB DEFAULT CHARSET=utf8;

-- ----------------------------
-- Records of booleanexpression
-- ----------------------------

-- ----------------------------
-- Table structure for casefiledatalog
-- ----------------------------
DROP TABLE IF EXISTS `casefiledatalog`;
CREATE TABLE `casefiledatalog` (
  `id` bigint(20) NOT NULL AUTO_INCREMENT,
  `caseDefId` varchar(255) DEFAULT NULL,
  `caseId` varchar(255) DEFAULT NULL,
  `itemName` varchar(255) DEFAULT NULL,
  `itemType` varchar(255) DEFAULT NULL,
  `itemValue` varchar(255) DEFAULT NULL,
  `lastModified` datetime DEFAULT NULL,
  `lastModifiedBy` varchar(255) DEFAULT NULL,
  PRIMARY KEY (`id`)
) ENGINE=InnoDB DEFAULT CHARSET=utf8;

-- ----------------------------
-- Records of casefiledatalog
-- ----------------------------

-- ----------------------------
-- Table structure for caseidinfo
-- ----------------------------
DROP TABLE IF EXISTS `caseidinfo`;
CREATE TABLE `caseidinfo` (
  `id` bigint(20) NOT NULL AUTO_INCREMENT,
  `caseIdPrefix` varchar(255) DEFAULT NULL,
  `currentValue` bigint(20) DEFAULT NULL,
  PRIMARY KEY (`id`),
  UNIQUE KEY `UKftvt225gyxpjnl3d06alqkqyj` (`caseIdPrefix`)
) ENGINE=InnoDB DEFAULT CHARSET=utf8;

-- ----------------------------
-- Records of caseidinfo
-- ----------------------------

-- ----------------------------
-- Table structure for caseroleassignmentlog
-- ----------------------------
DROP TABLE IF EXISTS `caseroleassignmentlog`;
CREATE TABLE `caseroleassignmentlog` (
  `id` bigint(20) NOT NULL AUTO_INCREMENT,
  `caseId` varchar(255) DEFAULT NULL,
  `entityId` varchar(255) DEFAULT NULL,
  `processInstanceId` bigint(20) NOT NULL,
  `roleName` varchar(255) DEFAULT NULL,
  `type` int(11) NOT NULL,
  PRIMARY KEY (`id`)
) ENGINE=InnoDB DEFAULT CHARSET=utf8;

-- ----------------------------
-- Records of caseroleassignmentlog
-- ----------------------------

-- ----------------------------
-- Table structure for content
-- ----------------------------
DROP TABLE IF EXISTS `content`;
CREATE TABLE `content` (
  `id` bigint(20) NOT NULL AUTO_INCREMENT,
  `content` longblob,
  PRIMARY KEY (`id`)
) ENGINE=InnoDB AUTO_INCREMENT=76 DEFAULT CHARSET=utf8;

-- ----------------------------
-- Records of content
-- ----------------------------
INSERT INTO `content` VALUES ('1', 0xACED00057A000001370A060807100718004AB501080012486F72672E64726F6F6C732E636F72652E6D61727368616C6C696E672E696D706C2E53657269616C697A61626C65506C616365686F6C6465725265736F6C76657253747261746567791A67ACED0005737200136A6176612E7574696C2E41727261794C6973747881D21D99C7619D03000149000473697A65787000000006770400000006740005656E2D554B740001317400055461736B317400055461736B3174000566616C73657400066163746F72317852750A100A064C6F63616C6510001A04000000000A110A07436F6D6D656E7410001A04000000010A120A085461736B4E616D6510001A04000000020A120A084E6F64654E616D6510001A04000000030A130A09536B69707061626C6510001A04000000040A110A074163746F72496410001A0400000005);
INSERT INTO `content` VALUES ('2', 0xACED00057A000001540A060807100718004AE401080012486F72672E64726F6F6C732E636F72652E6D61727368616C6C696E672E696D706C2E53657269616C697A61626C65506C616365686F6C6465725265736F6C76657253747261746567791A9501ACED0005737200136A6176612E7574696C2E41727261794C6973747881D21D99C7619D03000149000473697A65787000000005770400000005740022506C6561736520706572666F726D20612073656C662D6576616C75746174696F6E2E74000566616C7365740000740016506572666F726D616E6365204576616C756174696F6E74000F53656C66204576616C756174696F6E7852630A110A07436F6D6D656E7410001A04000000000A130A09536B69707061626C6510001A04000000010A110A074163746F72496410001A04000000020A120A085461736B4E616D6510001A04000000030A120A084E6F64654E616D6510001A0400000004);
INSERT INTO `content` VALUES ('3', 0xACED00057A000001540A060807100718004AE401080012486F72672E64726F6F6C732E636F72652E6D61727368616C6C696E672E696D706C2E53657269616C697A61626C65506C616365686F6C6465725265736F6C76657253747261746567791A9501ACED0005737200136A6176612E7574696C2E41727261794C6973747881D21D99C7619D03000149000473697A65787000000005770400000005740022506C6561736520706572666F726D20612073656C662D6576616C75746174696F6E2E74000566616C7365740000740016506572666F726D616E6365204576616C756174696F6E74000F53656C66204576616C756174696F6E7852630A110A07436F6D6D656E7410001A04000000000A130A09536B69707061626C6510001A04000000010A110A074163746F72496410001A04000000020A120A085461736B4E616D6510001A04000000030A120A084E6F64654E616D6510001A0400000004);
INSERT INTO `content` VALUES ('4', 0xACED00057A000001370A060807100718004AB501080012486F72672E64726F6F6C732E636F72652E6D61727368616C6C696E672E696D706C2E53657269616C697A61626C65506C616365686F6C6465725265736F6C76657253747261746567791A67ACED0005737200136A6176612E7574696C2E41727261794C6973747881D21D99C7619D03000149000473697A65787000000006770400000006740005656E2D554B740001317400055461736B317400055461736B3174000566616C73657400066163746F72317852750A100A064C6F63616C6510001A04000000000A110A07436F6D6D656E7410001A04000000010A120A085461736B4E616D6510001A04000000020A120A084E6F64654E616D6510001A04000000030A130A09536B69707061626C6510001A04000000040A110A074163746F72496410001A0400000005);
INSERT INTO `content` VALUES ('5', 0xACED00057A000001540A060807100718004AE401080012486F72672E64726F6F6C732E636F72652E6D61727368616C6C696E672E696D706C2E53657269616C697A61626C65506C616365686F6C6465725265736F6C76657253747261746567791A9501ACED0005737200136A6176612E7574696C2E41727261794C6973747881D21D99C7619D03000149000473697A65787000000005770400000005740022506C6561736520706572666F726D20612073656C662D6576616C75746174696F6E2E74000566616C7365740000740016506572666F726D616E6365204576616C756174696F6E74000F53656C66204576616C756174696F6E7852630A110A07436F6D6D656E7410001A04000000000A130A09536B69707061626C6510001A04000000010A110A074163746F72496410001A04000000020A120A085461736B4E616D6510001A04000000030A120A084E6F64654E616D6510001A0400000004);
INSERT INTO `content` VALUES ('6', 0xACED00057A000001540A060807100718004AE401080012486F72672E64726F6F6C732E636F72652E6D61727368616C6C696E672E696D706C2E53657269616C697A61626C65506C616365686F6C6465725265736F6C76657253747261746567791A9501ACED0005737200136A6176612E7574696C2E41727261794C6973747881D21D99C7619D03000149000473697A65787000000005770400000005740022506C6561736520706572666F726D20612073656C662D6576616C75746174696F6E2E74000566616C7365740000740016506572666F726D616E6365204576616C756174696F6E74000F53656C66204576616C756174696F6E7852630A110A07436F6D6D656E7410001A04000000000A130A09536B69707061626C6510001A04000000010A110A074163746F72496410001A04000000020A120A085461736B4E616D6510001A04000000030A120A084E6F64654E616D6510001A0400000004);
INSERT INTO `content` VALUES ('7', 0xACED00057A0000018B0A060807100718004A8902080012486F72672E64726F6F6C732E636F72652E6D61727368616C6C696E672E696D706C2E53657269616C697A61626C65506C616365686F6C6465725265736F6C76657253747261746567791ABA01ACED0005737200136A6176612E7574696C2E41727261794C6973747881D21D99C7619D03000149000473697A65787000000006770400000006740022506C6561736520706572666F726D20612073656C662D6576616C75746174696F6E2E74001D596561726C7920706572666F726D616E6365206576616C756174696F6E740016506572666F726D616E6365204576616C756174696F6E74000F53656C66204576616C756174696F6E74000566616C736574000561646D696E7852750A110A07436F6D6D656E7410001A04000000000A100A06726561736F6E10001A04000000010A120A085461736B4E616D6510001A04000000020A120A084E6F64654E616D6510001A04000000030A130A09536B69707061626C6510001A04000000040A110A074163746F72496410001A0400000005);
INSERT INTO `content` VALUES ('8', 0xACED000577F10A060807100718004AD601080012486F72672E64726F6F6C732E636F72652E6D61727368616C6C696E672E696D706C2E53657269616C697A61626C65506C616365686F6C6465725265736F6C76657253747261746567791A8701ACED0005737200136A6176612E7574696C2E41727261794C6973747881D21D99C7619D03000149000473697A65787000000001770400000001737200116A6176612E6C616E672E496E746567657212E2A0A4F781873802000149000576616C7565787200106A6176612E6C616E672E4E756D62657286AC951D0B94E08B02000078700000000778520E0A0C0A02696410001A0400000000);
INSERT INTO `content` VALUES ('9', 0xACED00057A0000017F0A060807100718004AFD01080012486F72672E64726F6F6C732E636F72652E6D61727368616C6C696E672E696D706C2E53657269616C697A61626C65506C616365686F6C6465725265736F6C76657253747261746567791AAE01ACED0005737200136A6176612E7574696C2E41727261794C6973747881D21D99C7619D03000149000473697A6578700000000677040000000674001B596F75206E65656420746F206576616C756174652061646D696E2E74001D596561726C7920706572666F726D616E6365206576616C756174696F6E740016506572666F726D616E6365204576616C756174696F6E74000D504D204576616C756174696F6E74000566616C7365740002504D7852750A110A07436F6D6D656E7410001A04000000000A100A06726561736F6E10001A04000000010A120A085461736B4E616D6510001A04000000020A120A084E6F64654E616D6510001A04000000030A130A09536B69707061626C6510001A04000000040A110A0747726F7570496410001A0400000005);
INSERT INTO `content` VALUES ('10', 0xACED00057A0000017F0A060807100718004AFD01080012486F72672E64726F6F6C732E636F72652E6D61727368616C6C696E672E696D706C2E53657269616C697A61626C65506C616365686F6C6465725265736F6C76657253747261746567791AAE01ACED0005737200136A6176612E7574696C2E41727261794C6973747881D21D99C7619D03000149000473697A6578700000000677040000000674001B596F75206E65656420746F206576616C756174652061646D696E2E74001D596561726C7920706572666F726D616E6365206576616C756174696F6E740016506572666F726D616E6365204576616C756174696F6E74000D4852204576616C756174696F6E74000566616C736574000248527852750A110A07436F6D6D656E7410001A04000000000A100A06726561736F6E10001A04000000010A120A085461736B4E616D6510001A04000000020A120A084E6F64654E616D6510001A04000000030A130A09536B69707061626C6510001A04000000040A110A0747726F7570496410001A0400000005);
INSERT INTO `content` VALUES ('11', 0xACED00057A0000018B0A060807100718004A8902080012486F72672E64726F6F6C732E636F72652E6D61727368616C6C696E672E696D706C2E53657269616C697A61626C65506C616365686F6C6465725265736F6C76657253747261746567791ABA01ACED0005737200136A6176612E7574696C2E41727261794C6973747881D21D99C7619D03000149000473697A65787000000006770400000006740022506C6561736520706572666F726D20612073656C662D6576616C75746174696F6E2E74001D596561726C7920706572666F726D616E6365206576616C756174696F6E740016506572666F726D616E6365204576616C756174696F6E74000F53656C66204576616C756174696F6E74000566616C736574000561646D696E7852750A110A07436F6D6D656E7410001A04000000000A100A06726561736F6E10001A04000000010A120A085461736B4E616D6510001A04000000020A120A084E6F64654E616D6510001A04000000030A130A09536B69707061626C6510001A04000000040A110A074163746F72496410001A0400000005);
INSERT INTO `content` VALUES ('12', 0xACED00057A0000018B0A060807100718004A8902080012486F72672E64726F6F6C732E636F72652E6D61727368616C6C696E672E696D706C2E53657269616C697A61626C65506C616365686F6C6465725265736F6C76657253747261746567791ABA01ACED0005737200136A6176612E7574696C2E41727261794C6973747881D21D99C7619D03000149000473697A65787000000006770400000006740022506C6561736520706572666F726D20612073656C662D6576616C75746174696F6E2E74001D596561726C7920706572666F726D616E6365206576616C756174696F6E740016506572666F726D616E6365204576616C756174696F6E74000F53656C66204576616C756174696F6E74000566616C736574000561646D696E7852750A110A07436F6D6D656E7410001A04000000000A100A06726561736F6E10001A04000000010A120A085461736B4E616D6510001A04000000020A120A084E6F64654E616D6510001A04000000030A130A09536B69707061626C6510001A04000000040A110A074163746F72496410001A0400000005);
INSERT INTO `content` VALUES ('13', 0xACED000577F10A060807100718004AD601080012486F72672E64726F6F6C732E636F72652E6D61727368616C6C696E672E696D706C2E53657269616C697A61626C65506C616365686F6C6465725265736F6C76657253747261746567791A8701ACED0005737200136A6176612E7574696C2E41727261794C6973747881D21D99C7619D03000149000473697A65787000000001770400000001737200116A6176612E6C616E672E496E746567657212E2A0A4F781873802000149000576616C7565787200106A6176612E6C616E672E4E756D62657286AC951D0B94E08B02000078700000000B78520E0A0C0A02696410001A0400000000);
INSERT INTO `content` VALUES ('14', 0xACED00057A0000017F0A060807100718004AFD01080012486F72672E64726F6F6C732E636F72652E6D61727368616C6C696E672E696D706C2E53657269616C697A61626C65506C616365686F6C6465725265736F6C76657253747261746567791AAE01ACED0005737200136A6176612E7574696C2E41727261794C6973747881D21D99C7619D03000149000473697A6578700000000677040000000674001B596F75206E65656420746F206576616C756174652061646D696E2E74001D596561726C7920706572666F726D616E6365206576616C756174696F6E740016506572666F726D616E6365204576616C756174696F6E74000D504D204576616C756174696F6E74000566616C7365740002504D7852750A110A07436F6D6D656E7410001A04000000000A100A06726561736F6E10001A04000000010A120A085461736B4E616D6510001A04000000020A120A084E6F64654E616D6510001A04000000030A130A09536B69707061626C6510001A04000000040A110A0747726F7570496410001A0400000005);
INSERT INTO `content` VALUES ('15', 0xACED00057A0000017F0A060807100718004AFD01080012486F72672E64726F6F6C732E636F72652E6D61727368616C6C696E672E696D706C2E53657269616C697A61626C65506C616365686F6C6465725265736F6C76657253747261746567791AAE01ACED0005737200136A6176612E7574696C2E41727261794C6973747881D21D99C7619D03000149000473697A6578700000000677040000000674001B596F75206E65656420746F206576616C756174652061646D696E2E74001D596561726C7920706572666F726D616E6365206576616C756174696F6E740016506572666F726D616E6365204576616C756174696F6E74000D4852204576616C756174696F6E74000566616C736574000248527852750A110A07436F6D6D656E7410001A04000000000A100A06726561736F6E10001A04000000010A120A085461736B4E616D6510001A04000000020A120A084E6F64654E616D6510001A04000000030A130A09536B69707061626C6510001A04000000040A110A0747726F7570496410001A0400000005);
INSERT INTO `content` VALUES ('16', 0xACED000577F10A060807100718004AD601080012486F72672E64726F6F6C732E636F72652E6D61727368616C6C696E672E696D706C2E53657269616C697A61626C65506C616365686F6C6465725265736F6C76657253747261746567791A8701ACED0005737200136A6176612E7574696C2E41727261794C6973747881D21D99C7619D03000149000473697A65787000000001770400000001737200116A6176612E6C616E672E496E746567657212E2A0A4F781873802000149000576616C7565787200106A6176612E6C616E672E4E756D62657286AC951D0B94E08B02000078700000000D78520E0A0C0A02696410001A0400000000);
INSERT INTO `content` VALUES ('17', 0xACED000577CA0A060807100718004A9601080012486F72672E64726F6F6C732E636F72652E6D61727368616C6C696E672E696D706C2E53657269616C697A61626C65506C616365686F6C6465725265736F6C76657253747261746567791A48ACED0005737200136A6176612E7574696C2E41727261794C6973747881D21D99C7619D03000149000473697A657870000000027704000000027400046A6F686E7400046A6F686E7852270A120A084E6F64654E616D6510001A04000000000A110A074163746F72496410001A0400000001);
INSERT INTO `content` VALUES ('18', 0xACED000577F10A060807100718004AD601080012486F72672E64726F6F6C732E636F72652E6D61727368616C6C696E672E696D706C2E53657269616C697A61626C65506C616365686F6C6465725265736F6C76657253747261746567791A8701ACED0005737200136A6176612E7574696C2E41727261794C6973747881D21D99C7619D03000149000473697A65787000000001770400000001737200116A6176612E6C616E672E496E746567657212E2A0A4F781873802000149000576616C7565787200106A6176612E6C616E672E4E756D62657286AC951D0B94E08B02000078700000000E78520E0A0C0A02696410001A0400000000);
INSERT INTO `content` VALUES ('19', 0xACED000577CA0A060807100718004A9601080012486F72672E64726F6F6C732E636F72652E6D61727368616C6C696E672E696D706C2E53657269616C697A61626C65506C616365686F6C6465725265736F6C76657253747261746567791A48ACED0005737200136A6176612E7574696C2E41727261794C6973747881D21D99C7619D03000149000473697A657870000000027704000000027400046D6172797400046D6172797852270A120A084E6F64654E616D6510001A04000000000A110A074163746F72496410001A0400000001);
INSERT INTO `content` VALUES ('20', 0xACED000577F10A060807100718004AD601080012486F72672E64726F6F6C732E636F72652E6D61727368616C6C696E672E696D706C2E53657269616C697A61626C65506C616365686F6C6465725265736F6C76657253747261746567791A8701ACED0005737200136A6176612E7574696C2E41727261794C6973747881D21D99C7619D03000149000473697A65787000000001770400000001737200116A6176612E6C616E672E496E746567657212E2A0A4F781873802000149000576616C7565787200106A6176612E6C616E672E4E756D62657286AC951D0B94E08B02000078700000000F78520E0A0C0A02696410001A0400000000);
INSERT INTO `content` VALUES ('21', 0xACED000577CE0A060807100718004A9A01080012486F72672E64726F6F6C732E636F72652E6D61727368616C6C696E672E696D706C2E53657269616C697A61626C65506C616365686F6C6465725265736F6C76657253747261746567791A4CACED0005737200136A6176612E7574696C2E41727261794C6973747881D21D99C7619D03000149000473697A65787000000002770400000002740003746D7074000973616C65732D7265707852270A120A084E6F64654E616D6510001A04000000000A110A074163746F72496410001A0400000001);
INSERT INTO `content` VALUES ('22', 0xACED00057A0000018B0A060807100718004A8902080012486F72672E64726F6F6C732E636F72652E6D61727368616C6C696E672E696D706C2E53657269616C697A61626C65506C616365686F6C6465725265736F6C76657253747261746567791ABA01ACED0005737200136A6176612E7574696C2E41727261794C6973747881D21D99C7619D03000149000473697A65787000000006770400000006740022506C6561736520706572666F726D20612073656C662D6576616C75746174696F6E2E74001D596561726C7920706572666F726D616E6365206576616C756174696F6E740016506572666F726D616E6365204576616C756174696F6E74000F53656C66204576616C756174696F6E74000566616C736574000561646D696E7852750A110A07436F6D6D656E7410001A04000000000A100A06726561736F6E10001A04000000010A120A085461736B4E616D6510001A04000000020A120A084E6F64654E616D6510001A04000000030A130A09536B69707061626C6510001A04000000040A110A074163746F72496410001A0400000005);
INSERT INTO `content` VALUES ('23', 0xACED000577F10A060807100718004AD601080012486F72672E64726F6F6C732E636F72652E6D61727368616C6C696E672E696D706C2E53657269616C697A61626C65506C616365686F6C6465725265736F6C76657253747261746567791A8701ACED0005737200136A6176612E7574696C2E41727261794C6973747881D21D99C7619D03000149000473697A65787000000001770400000001737200116A6176612E6C616E672E496E746567657212E2A0A4F781873802000149000576616C7565787200106A6176612E6C616E672E4E756D62657286AC951D0B94E08B02000078700000001178520E0A0C0A02696410001A0400000000);
INSERT INTO `content` VALUES ('24', 0xACED00057A0000017F0A060807100718004AFD01080012486F72672E64726F6F6C732E636F72652E6D61727368616C6C696E672E696D706C2E53657269616C697A61626C65506C616365686F6C6465725265736F6C76657253747261746567791AAE01ACED0005737200136A6176612E7574696C2E41727261794C6973747881D21D99C7619D03000149000473697A6578700000000677040000000674001B596F75206E65656420746F206576616C756174652061646D696E2E74001D596561726C7920706572666F726D616E6365206576616C756174696F6E740016506572666F726D616E6365204576616C756174696F6E74000D4852204576616C756174696F6E74000566616C736574000248527852750A110A07436F6D6D656E7410001A04000000000A100A06726561736F6E10001A04000000010A120A085461736B4E616D6510001A04000000020A120A084E6F64654E616D6510001A04000000030A130A09536B69707061626C6510001A04000000040A110A0747726F7570496410001A0400000005);
INSERT INTO `content` VALUES ('25', 0xACED00057A0000017F0A060807100718004AFD01080012486F72672E64726F6F6C732E636F72652E6D61727368616C6C696E672E696D706C2E53657269616C697A61626C65506C616365686F6C6465725265736F6C76657253747261746567791AAE01ACED0005737200136A6176612E7574696C2E41727261794C6973747881D21D99C7619D03000149000473697A6578700000000677040000000674001B596F75206E65656420746F206576616C756174652061646D696E2E74001D596561726C7920706572666F726D616E6365206576616C756174696F6E740016506572666F726D616E6365204576616C756174696F6E74000D504D204576616C756174696F6E74000566616C7365740002504D7852750A110A07436F6D6D656E7410001A04000000000A100A06726561736F6E10001A04000000010A120A085461736B4E616D6510001A04000000020A120A084E6F64654E616D6510001A04000000030A130A09536B69707061626C6510001A04000000040A110A0747726F7570496410001A0400000005);
INSERT INTO `content` VALUES ('26', 0xACED000577F10A060807100718004AD601080012486F72672E64726F6F6C732E636F72652E6D61727368616C6C696E672E696D706C2E53657269616C697A61626C65506C616365686F6C6465725265736F6C76657253747261746567791A8701ACED0005737200136A6176612E7574696C2E41727261794C6973747881D21D99C7619D03000149000473697A65787000000001770400000001737200116A6176612E6C616E672E496E746567657212E2A0A4F781873802000149000576616C7565787200106A6176612E6C616E672E4E756D62657286AC951D0B94E08B02000078700000000A78520E0A0C0A02696410001A0400000000);
INSERT INTO `content` VALUES ('27', 0xACED00057A0000017F0A060807100718004AFD01080012486F72672E64726F6F6C732E636F72652E6D61727368616C6C696E672E696D706C2E53657269616C697A61626C65506C616365686F6C6465725265736F6C76657253747261746567791AAE01ACED0005737200136A6176612E7574696C2E41727261794C6973747881D21D99C7619D03000149000473697A6578700000000677040000000674001B596F75206E65656420746F206576616C756174652061646D696E2E74001D596561726C7920706572666F726D616E6365206576616C756174696F6E740016506572666F726D616E6365204576616C756174696F6E74000D4852204576616C756174696F6E74000566616C736574000248527852750A110A07436F6D6D656E7410001A04000000000A100A06726561736F6E10001A04000000010A120A085461736B4E616D6510001A04000000020A120A084E6F64654E616D6510001A04000000030A130A09536B69707061626C6510001A04000000040A110A0747726F7570496410001A0400000005);
INSERT INTO `content` VALUES ('28', 0xACED00057A0000017F0A060807100718004AFD01080012486F72672E64726F6F6C732E636F72652E6D61727368616C6C696E672E696D706C2E53657269616C697A61626C65506C616365686F6C6465725265736F6C76657253747261746567791AAE01ACED0005737200136A6176612E7574696C2E41727261794C6973747881D21D99C7619D03000149000473697A6578700000000677040000000674001B596F75206E65656420746F206576616C756174652061646D696E2E74001D596561726C7920706572666F726D616E6365206576616C756174696F6E740016506572666F726D616E6365204576616C756174696F6E74000D504D204576616C756174696F6E74000566616C7365740002504D7852750A110A07436F6D6D656E7410001A04000000000A100A06726561736F6E10001A04000000010A120A085461736B4E616D6510001A04000000020A120A084E6F64654E616D6510001A04000000030A130A09536B69707061626C6510001A04000000040A110A0747726F7570496410001A0400000005);
INSERT INTO `content` VALUES ('29', 0xACED000577CA0A060807100718004A9601080012486F72672E64726F6F6C732E636F72652E6D61727368616C6C696E672E696D706C2E53657269616C697A61626C65506C616365686F6C6465725265736F6C76657253747261746567791A48ACED0005737200136A6176612E7574696C2E41727261794C6973747881D21D99C7619D03000149000473697A657870000000027704000000027400046A6F686E7400046A6F686E7852270A120A084E6F64654E616D6510001A04000000000A110A074163746F72496410001A0400000001);
INSERT INTO `content` VALUES ('30', 0xACED000577F10A060807100718004AD601080012486F72672E64726F6F6C732E636F72652E6D61727368616C6C696E672E696D706C2E53657269616C697A61626C65506C616365686F6C6465725265736F6C76657253747261746567791A8701ACED0005737200136A6176612E7574696C2E41727261794C6973747881D21D99C7619D03000149000473697A65787000000001770400000001737200116A6176612E6C616E672E496E746567657212E2A0A4F781873802000149000576616C7565787200106A6176612E6C616E672E4E756D62657286AC951D0B94E08B02000078700000001678520E0A0C0A02696410001A0400000000);
INSERT INTO `content` VALUES ('31', 0xACED000577CA0A060807100718004A9601080012486F72672E64726F6F6C732E636F72652E6D61727368616C6C696E672E696D706C2E53657269616C697A61626C65506C616365686F6C6465725265736F6C76657253747261746567791A48ACED0005737200136A6176612E7574696C2E41727261794C6973747881D21D99C7619D03000149000473697A657870000000027704000000027400046D6172797400046D6172797852270A120A084E6F64654E616D6510001A04000000000A110A074163746F72496410001A0400000001);
INSERT INTO `content` VALUES ('32', 0xACED000577F10A060807100718004AD601080012486F72672E64726F6F6C732E636F72652E6D61727368616C6C696E672E696D706C2E53657269616C697A61626C65506C616365686F6C6465725265736F6C76657253747261746567791A8701ACED0005737200136A6176612E7574696C2E41727261794C6973747881D21D99C7619D03000149000473697A65787000000001770400000001737200116A6176612E6C616E672E496E746567657212E2A0A4F781873802000149000576616C7565787200106A6176612E6C616E672E4E756D62657286AC951D0B94E08B02000078700000001778520E0A0C0A02696410001A0400000000);
INSERT INTO `content` VALUES ('33', 0xACED000577CE0A060807100718004A9A01080012486F72672E64726F6F6C732E636F72652E6D61727368616C6C696E672E696D706C2E53657269616C697A61626C65506C616365686F6C6465725265736F6C76657253747261746567791A4CACED0005737200136A6176612E7574696C2E41727261794C6973747881D21D99C7619D03000149000473697A65787000000002770400000002740003746D7074000973616C65732D7265707852270A120A084E6F64654E616D6510001A04000000000A110A074163746F72496410001A0400000001);
INSERT INTO `content` VALUES ('34', 0xACED00057A0000018B0A060807100718004A8902080012486F72672E64726F6F6C732E636F72652E6D61727368616C6C696E672E696D706C2E53657269616C697A61626C65506C616365686F6C6465725265736F6C76657253747261746567791ABA01ACED0005737200136A6176612E7574696C2E41727261794C6973747881D21D99C7619D03000149000473697A65787000000006770400000006740022506C6561736520706572666F726D20612073656C662D6576616C75746174696F6E2E74001D596561726C7920706572666F726D616E6365206576616C756174696F6E740016506572666F726D616E6365204576616C756174696F6E74000F53656C66204576616C756174696F6E74000566616C736574000561646D696E7852750A110A07436F6D6D656E7410001A04000000000A100A06726561736F6E10001A04000000010A120A085461736B4E616D6510001A04000000020A120A084E6F64654E616D6510001A04000000030A130A09536B69707061626C6510001A04000000040A110A074163746F72496410001A0400000005);
INSERT INTO `content` VALUES ('35', 0xACED000577F10A060807100718004AD601080012486F72672E64726F6F6C732E636F72652E6D61727368616C6C696E672E696D706C2E53657269616C697A61626C65506C616365686F6C6465725265736F6C76657253747261746567791A8701ACED0005737200136A6176612E7574696C2E41727261794C6973747881D21D99C7619D03000149000473697A65787000000001770400000001737200116A6176612E6C616E672E496E746567657212E2A0A4F781873802000149000576616C7565787200106A6176612E6C616E672E4E756D62657286AC951D0B94E08B02000078700000001978520E0A0C0A02696410001A0400000000);
INSERT INTO `content` VALUES ('36', 0xACED00057A0000017F0A060807100718004AFD01080012486F72672E64726F6F6C732E636F72652E6D61727368616C6C696E672E696D706C2E53657269616C697A61626C65506C616365686F6C6465725265736F6C76657253747261746567791AAE01ACED0005737200136A6176612E7574696C2E41727261794C6973747881D21D99C7619D03000149000473697A6578700000000677040000000674001B596F75206E65656420746F206576616C756174652061646D696E2E74001D596561726C7920706572666F726D616E6365206576616C756174696F6E740016506572666F726D616E6365204576616C756174696F6E74000D504D204576616C756174696F6E74000566616C7365740002504D7852750A110A07436F6D6D656E7410001A04000000000A100A06726561736F6E10001A04000000010A120A085461736B4E616D6510001A04000000020A120A084E6F64654E616D6510001A04000000030A130A09536B69707061626C6510001A04000000040A110A0747726F7570496410001A0400000005);
INSERT INTO `content` VALUES ('37', 0xACED00057A0000017F0A060807100718004AFD01080012486F72672E64726F6F6C732E636F72652E6D61727368616C6C696E672E696D706C2E53657269616C697A61626C65506C616365686F6C6465725265736F6C76657253747261746567791AAE01ACED0005737200136A6176612E7574696C2E41727261794C6973747881D21D99C7619D03000149000473697A6578700000000677040000000674001B596F75206E65656420746F206576616C756174652061646D696E2E74001D596561726C7920706572666F726D616E6365206576616C756174696F6E740016506572666F726D616E6365204576616C756174696F6E74000D4852204576616C756174696F6E74000566616C736574000248527852750A110A07436F6D6D656E7410001A04000000000A100A06726561736F6E10001A04000000010A120A085461736B4E616D6510001A04000000020A120A084E6F64654E616D6510001A04000000030A130A09536B69707061626C6510001A04000000040A110A0747726F7570496410001A0400000005);
INSERT INTO `content` VALUES ('38', 0xACED000577CA0A060807100718004A9601080012486F72672E64726F6F6C732E636F72652E6D61727368616C6C696E672E696D706C2E53657269616C697A61626C65506C616365686F6C6465725265736F6C76657253747261746567791A48ACED0005737200136A6176612E7574696C2E41727261794C6973747881D21D99C7619D03000149000473697A657870000000027704000000027400046A6F686E7400046A6F686E7852270A120A084E6F64654E616D6510001A04000000000A110A074163746F72496410001A0400000001);
INSERT INTO `content` VALUES ('39', 0xACED000577F10A060807100718004AD601080012486F72672E64726F6F6C732E636F72652E6D61727368616C6C696E672E696D706C2E53657269616C697A61626C65506C616365686F6C6465725265736F6C76657253747261746567791A8701ACED0005737200136A6176612E7574696C2E41727261794C6973747881D21D99C7619D03000149000473697A65787000000001770400000001737200116A6176612E6C616E672E496E746567657212E2A0A4F781873802000149000576616C7565787200106A6176612E6C616E672E4E756D62657286AC951D0B94E08B02000078700000001C78520E0A0C0A02696410001A0400000000);
INSERT INTO `content` VALUES ('40', 0xACED000577CA0A060807100718004A9601080012486F72672E64726F6F6C732E636F72652E6D61727368616C6C696E672E696D706C2E53657269616C697A61626C65506C616365686F6C6465725265736F6C76657253747261746567791A48ACED0005737200136A6176612E7574696C2E41727261794C6973747881D21D99C7619D03000149000473697A657870000000027704000000027400046D6172797400046D6172797852270A120A084E6F64654E616D6510001A04000000000A110A074163746F72496410001A0400000001);
INSERT INTO `content` VALUES ('41', 0xACED000577F10A060807100718004AD601080012486F72672E64726F6F6C732E636F72652E6D61727368616C6C696E672E696D706C2E53657269616C697A61626C65506C616365686F6C6465725265736F6C76657253747261746567791A8701ACED0005737200136A6176612E7574696C2E41727261794C6973747881D21D99C7619D03000149000473697A65787000000001770400000001737200116A6176612E6C616E672E496E746567657212E2A0A4F781873802000149000576616C7565787200106A6176612E6C616E672E4E756D62657286AC951D0B94E08B02000078700000001D78520E0A0C0A02696410001A0400000000);
INSERT INTO `content` VALUES ('42', 0xACED000577CE0A060807100718004A9A01080012486F72672E64726F6F6C732E636F72652E6D61727368616C6C696E672E696D706C2E53657269616C697A61626C65506C616365686F6C6465725265736F6C76657253747261746567791A4CACED0005737200136A6176612E7574696C2E41727261794C6973747881D21D99C7619D03000149000473697A65787000000002770400000002740003746D7074000973616C65732D7265707852270A120A084E6F64654E616D6510001A04000000000A110A074163746F72496410001A0400000001);
INSERT INTO `content` VALUES ('43', 0xACED00057A0000018B0A060807100718004A8902080012486F72672E64726F6F6C732E636F72652E6D61727368616C6C696E672E696D706C2E53657269616C697A61626C65506C616365686F6C6465725265736F6C76657253747261746567791ABA01ACED0005737200136A6176612E7574696C2E41727261794C6973747881D21D99C7619D03000149000473697A65787000000006770400000006740022506C6561736520706572666F726D20612073656C662D6576616C75746174696F6E2E74001D596561726C7920706572666F726D616E6365206576616C756174696F6E740016506572666F726D616E6365204576616C756174696F6E74000F53656C66204576616C756174696F6E74000566616C736574000561646D696E7852750A110A07436F6D6D656E7410001A04000000000A100A06726561736F6E10001A04000000010A120A085461736B4E616D6510001A04000000020A120A084E6F64654E616D6510001A04000000030A130A09536B69707061626C6510001A04000000040A110A074163746F72496410001A0400000005);
INSERT INTO `content` VALUES ('44', 0xACED000577F10A060807100718004AD601080012486F72672E64726F6F6C732E636F72652E6D61727368616C6C696E672E696D706C2E53657269616C697A61626C65506C616365686F6C6465725265736F6C76657253747261746567791A8701ACED0005737200136A6176612E7574696C2E41727261794C6973747881D21D99C7619D03000149000473697A65787000000001770400000001737200116A6176612E6C616E672E496E746567657212E2A0A4F781873802000149000576616C7565787200106A6176612E6C616E672E4E756D62657286AC951D0B94E08B02000078700000001F78520E0A0C0A02696410001A0400000000);
INSERT INTO `content` VALUES ('45', 0xACED00057A0000017F0A060807100718004AFD01080012486F72672E64726F6F6C732E636F72652E6D61727368616C6C696E672E696D706C2E53657269616C697A61626C65506C616365686F6C6465725265736F6C76657253747261746567791AAE01ACED0005737200136A6176612E7574696C2E41727261794C6973747881D21D99C7619D03000149000473697A6578700000000677040000000674001B596F75206E65656420746F206576616C756174652061646D696E2E74001D596561726C7920706572666F726D616E6365206576616C756174696F6E740016506572666F726D616E6365204576616C756174696F6E74000D504D204576616C756174696F6E74000566616C7365740002504D7852750A110A07436F6D6D656E7410001A04000000000A100A06726561736F6E10001A04000000010A120A085461736B4E616D6510001A04000000020A120A084E6F64654E616D6510001A04000000030A130A09536B69707061626C6510001A04000000040A110A0747726F7570496410001A0400000005);
INSERT INTO `content` VALUES ('46', 0xACED00057A0000017F0A060807100718004AFD01080012486F72672E64726F6F6C732E636F72652E6D61727368616C6C696E672E696D706C2E53657269616C697A61626C65506C616365686F6C6465725265736F6C76657253747261746567791AAE01ACED0005737200136A6176612E7574696C2E41727261794C6973747881D21D99C7619D03000149000473697A6578700000000677040000000674001B596F75206E65656420746F206576616C756174652061646D696E2E74001D596561726C7920706572666F726D616E6365206576616C756174696F6E740016506572666F726D616E6365204576616C756174696F6E74000D4852204576616C756174696F6E74000566616C736574000248527852750A110A07436F6D6D656E7410001A04000000000A100A06726561736F6E10001A04000000010A120A085461736B4E616D6510001A04000000020A120A084E6F64654E616D6510001A04000000030A130A09536B69707061626C6510001A04000000040A110A0747726F7570496410001A0400000005);
INSERT INTO `content` VALUES ('47', 0xACED00057A0000018B0A060807100718004A8902080012486F72672E64726F6F6C732E636F72652E6D61727368616C6C696E672E696D706C2E53657269616C697A61626C65506C616365686F6C6465725265736F6C76657253747261746567791ABA01ACED0005737200136A6176612E7574696C2E41727261794C6973747881D21D99C7619D03000149000473697A65787000000006770400000006740022506C6561736520706572666F726D20612073656C662D6576616C75746174696F6E2E74001D596561726C7920706572666F726D616E6365206576616C756174696F6E740016506572666F726D616E6365204576616C756174696F6E74000F53656C66204576616C756174696F6E74000566616C736574000561646D696E7852750A110A07436F6D6D656E7410001A04000000000A100A06726561736F6E10001A04000000010A120A085461736B4E616D6510001A04000000020A120A084E6F64654E616D6510001A04000000030A130A09536B69707061626C6510001A04000000040A110A074163746F72496410001A0400000005);
INSERT INTO `content` VALUES ('48', 0xACED000577F10A060807100718004AD601080012486F72672E64726F6F6C732E636F72652E6D61727368616C6C696E672E696D706C2E53657269616C697A61626C65506C616365686F6C6465725265736F6C76657253747261746567791A8701ACED0005737200136A6176612E7574696C2E41727261794C6973747881D21D99C7619D03000149000473697A65787000000001770400000001737200116A6176612E6C616E672E496E746567657212E2A0A4F781873802000149000576616C7565787200106A6176612E6C616E672E4E756D62657286AC951D0B94E08B02000078700000002278520E0A0C0A02696410001A0400000000);
INSERT INTO `content` VALUES ('49', 0xACED00057A0000017F0A060807100718004AFD01080012486F72672E64726F6F6C732E636F72652E6D61727368616C6C696E672E696D706C2E53657269616C697A61626C65506C616365686F6C6465725265736F6C76657253747261746567791AAE01ACED0005737200136A6176612E7574696C2E41727261794C6973747881D21D99C7619D03000149000473697A6578700000000677040000000674001B596F75206E65656420746F206576616C756174652061646D696E2E74001D596561726C7920706572666F726D616E6365206576616C756174696F6E740016506572666F726D616E6365204576616C756174696F6E74000D504D204576616C756174696F6E74000566616C7365740002504D7852750A110A07436F6D6D656E7410001A04000000000A100A06726561736F6E10001A04000000010A120A085461736B4E616D6510001A04000000020A120A084E6F64654E616D6510001A04000000030A130A09536B69707061626C6510001A04000000040A110A0747726F7570496410001A0400000005);
INSERT INTO `content` VALUES ('50', 0xACED00057A0000017F0A060807100718004AFD01080012486F72672E64726F6F6C732E636F72652E6D61727368616C6C696E672E696D706C2E53657269616C697A61626C65506C616365686F6C6465725265736F6C76657253747261746567791AAE01ACED0005737200136A6176612E7574696C2E41727261794C6973747881D21D99C7619D03000149000473697A6578700000000677040000000674001B596F75206E65656420746F206576616C756174652061646D696E2E74001D596561726C7920706572666F726D616E6365206576616C756174696F6E740016506572666F726D616E6365204576616C756174696F6E74000D4852204576616C756174696F6E74000566616C736574000248527852750A110A07436F6D6D656E7410001A04000000000A100A06726561736F6E10001A04000000010A120A085461736B4E616D6510001A04000000020A120A084E6F64654E616D6510001A04000000030A130A09536B69707061626C6510001A04000000040A110A0747726F7570496410001A0400000005);
INSERT INTO `content` VALUES ('51', 0xACED00057A0000018B0A060807100718004A8902080012486F72672E64726F6F6C732E636F72652E6D61727368616C6C696E672E696D706C2E53657269616C697A61626C65506C616365686F6C6465725265736F6C76657253747261746567791ABA01ACED0005737200136A6176612E7574696C2E41727261794C6973747881D21D99C7619D03000149000473697A65787000000006770400000006740022506C6561736520706572666F726D20612073656C662D6576616C75746174696F6E2E74001D596561726C7920706572666F726D616E6365206576616C756174696F6E740016506572666F726D616E6365204576616C756174696F6E74000F53656C66204576616C756174696F6E74000566616C736574000561646D696E7852750A110A07436F6D6D656E7410001A04000000000A100A06726561736F6E10001A04000000010A120A085461736B4E616D6510001A04000000020A120A084E6F64654E616D6510001A04000000030A130A09536B69707061626C6510001A04000000040A110A074163746F72496410001A0400000005);
INSERT INTO `content` VALUES ('52', 0xACED000577F10A060807100718004AD601080012486F72672E64726F6F6C732E636F72652E6D61727368616C6C696E672E696D706C2E53657269616C697A61626C65506C616365686F6C6465725265736F6C76657253747261746567791A8701ACED0005737200136A6176612E7574696C2E41727261794C6973747881D21D99C7619D03000149000473697A65787000000001770400000001737200116A6176612E6C616E672E496E746567657212E2A0A4F781873802000149000576616C7565787200106A6176612E6C616E672E4E756D62657286AC951D0B94E08B02000078700000002578520E0A0C0A02696410001A0400000000);
INSERT INTO `content` VALUES ('53', 0xACED00057A0000017F0A060807100718004AFD01080012486F72672E64726F6F6C732E636F72652E6D61727368616C6C696E672E696D706C2E53657269616C697A61626C65506C616365686F6C6465725265736F6C76657253747261746567791AAE01ACED0005737200136A6176612E7574696C2E41727261794C6973747881D21D99C7619D03000149000473697A6578700000000677040000000674001B596F75206E65656420746F206576616C756174652061646D696E2E74001D596561726C7920706572666F726D616E6365206576616C756174696F6E740016506572666F726D616E6365204576616C756174696F6E74000D504D204576616C756174696F6E74000566616C7365740002504D7852750A110A07436F6D6D656E7410001A04000000000A100A06726561736F6E10001A04000000010A120A085461736B4E616D6510001A04000000020A120A084E6F64654E616D6510001A04000000030A130A09536B69707061626C6510001A04000000040A110A0747726F7570496410001A0400000005);
INSERT INTO `content` VALUES ('54', 0xACED00057A0000017F0A060807100718004AFD01080012486F72672E64726F6F6C732E636F72652E6D61727368616C6C696E672E696D706C2E53657269616C697A61626C65506C616365686F6C6465725265736F6C76657253747261746567791AAE01ACED0005737200136A6176612E7574696C2E41727261794C6973747881D21D99C7619D03000149000473697A6578700000000677040000000674001B596F75206E65656420746F206576616C756174652061646D696E2E74001D596561726C7920706572666F726D616E6365206576616C756174696F6E740016506572666F726D616E6365204576616C756174696F6E74000D4852204576616C756174696F6E74000566616C736574000248527852750A110A07436F6D6D656E7410001A04000000000A100A06726561736F6E10001A04000000010A120A085461736B4E616D6510001A04000000020A120A084E6F64654E616D6510001A04000000030A130A09536B69707061626C6510001A04000000040A110A0747726F7570496410001A0400000005);
INSERT INTO `content` VALUES ('55', 0xACED00057A0000018B0A060807100718004A8902080012486F72672E64726F6F6C732E636F72652E6D61727368616C6C696E672E696D706C2E53657269616C697A61626C65506C616365686F6C6465725265736F6C76657253747261746567791ABA01ACED0005737200136A6176612E7574696C2E41727261794C6973747881D21D99C7619D03000149000473697A65787000000006770400000006740022506C6561736520706572666F726D20612073656C662D6576616C75746174696F6E2E74001D596561726C7920706572666F726D616E6365206576616C756174696F6E740016506572666F726D616E6365204576616C756174696F6E74000F53656C66204576616C756174696F6E74000566616C736574000561646D696E7852750A110A07436F6D6D656E7410001A04000000000A100A06726561736F6E10001A04000000010A120A085461736B4E616D6510001A04000000020A120A084E6F64654E616D6510001A04000000030A130A09536B69707061626C6510001A04000000040A110A074163746F72496410001A0400000005);
INSERT INTO `content` VALUES ('56', 0xACED000577F10A060807100718004AD601080012486F72672E64726F6F6C732E636F72652E6D61727368616C6C696E672E696D706C2E53657269616C697A61626C65506C616365686F6C6465725265736F6C76657253747261746567791A8701ACED0005737200136A6176612E7574696C2E41727261794C6973747881D21D99C7619D03000149000473697A65787000000001770400000001737200116A6176612E6C616E672E496E746567657212E2A0A4F781873802000149000576616C7565787200106A6176612E6C616E672E4E756D62657286AC951D0B94E08B02000078700000002878520E0A0C0A02696410001A0400000000);
INSERT INTO `content` VALUES ('57', 0xACED00057A0000017F0A060807100718004AFD01080012486F72672E64726F6F6C732E636F72652E6D61727368616C6C696E672E696D706C2E53657269616C697A61626C65506C616365686F6C6465725265736F6C76657253747261746567791AAE01ACED0005737200136A6176612E7574696C2E41727261794C6973747881D21D99C7619D03000149000473697A6578700000000677040000000674001B596F75206E65656420746F206576616C756174652061646D696E2E74001D596561726C7920706572666F726D616E6365206576616C756174696F6E740016506572666F726D616E6365204576616C756174696F6E74000D504D204576616C756174696F6E74000566616C7365740002504D7852750A110A07436F6D6D656E7410001A04000000000A100A06726561736F6E10001A04000000010A120A085461736B4E616D6510001A04000000020A120A084E6F64654E616D6510001A04000000030A130A09536B69707061626C6510001A04000000040A110A0747726F7570496410001A0400000005);
INSERT INTO `content` VALUES ('58', 0xACED00057A0000017F0A060807100718004AFD01080012486F72672E64726F6F6C732E636F72652E6D61727368616C6C696E672E696D706C2E53657269616C697A61626C65506C616365686F6C6465725265736F6C76657253747261746567791AAE01ACED0005737200136A6176612E7574696C2E41727261794C6973747881D21D99C7619D03000149000473697A6578700000000677040000000674001B596F75206E65656420746F206576616C756174652061646D696E2E74001D596561726C7920706572666F726D616E6365206576616C756174696F6E740016506572666F726D616E6365204576616C756174696F6E74000D4852204576616C756174696F6E74000566616C736574000248527852750A110A07436F6D6D656E7410001A04000000000A100A06726561736F6E10001A04000000010A120A085461736B4E616D6510001A04000000020A120A084E6F64654E616D6510001A04000000030A130A09536B69707061626C6510001A04000000040A110A0747726F7570496410001A0400000005);
INSERT INTO `content` VALUES ('59', 0xACED00057A0000018B0A060807100718004A8902080012486F72672E64726F6F6C732E636F72652E6D61727368616C6C696E672E696D706C2E53657269616C697A61626C65506C616365686F6C6465725265736F6C76657253747261746567791ABA01ACED0005737200136A6176612E7574696C2E41727261794C6973747881D21D99C7619D03000149000473697A65787000000006770400000006740022506C6561736520706572666F726D20612073656C662D6576616C75746174696F6E2E74001D596561726C7920706572666F726D616E6365206576616C756174696F6E740016506572666F726D616E6365204576616C756174696F6E74000F53656C66204576616C756174696F6E74000566616C736574000561646D696E7852750A110A07436F6D6D656E7410001A04000000000A100A06726561736F6E10001A04000000010A120A085461736B4E616D6510001A04000000020A120A084E6F64654E616D6510001A04000000030A130A09536B69707061626C6510001A04000000040A110A074163746F72496410001A0400000005);
INSERT INTO `content` VALUES ('60', 0xACED00057A000001890A060807100718004A8702080012486F72672E64726F6F6C732E636F72652E6D61727368616C6C696E672E696D706C2E53657269616C697A61626C65506C616365686F6C6465725265736F6C76657253747261746567791AB801ACED0005737200136A6176612E7574696C2E41727261794C6973747881D21D99C7619D03000149000473697A65787000000006770400000006740022506C6561736520706572666F726D20612073656C662D6576616C75746174696F6E2E74001D596561726C7920706572666F726D616E6365206576616C756174696F6E740016506572666F726D616E6365204576616C756174696F6E74000F53656C66204576616C756174696F6E74000566616C7365740003746D707852750A110A07436F6D6D656E7410001A04000000000A100A06726561736F6E10001A04000000010A120A085461736B4E616D6510001A04000000020A120A084E6F64654E616D6510001A04000000030A130A09536B69707061626C6510001A04000000040A110A074163746F72496410001A0400000005);
INSERT INTO `content` VALUES ('61', 0xACED000577F10A060807100718004AD601080012486F72672E64726F6F6C732E636F72652E6D61727368616C6C696E672E696D706C2E53657269616C697A61626C65506C616365686F6C6465725265736F6C76657253747261746567791A8701ACED0005737200136A6176612E7574696C2E41727261794C6973747881D21D99C7619D03000149000473697A65787000000001770400000001737200116A6176612E6C616E672E496E746567657212E2A0A4F781873802000149000576616C7565787200106A6176612E6C616E672E4E756D62657286AC951D0B94E08B02000078700000002C78520E0A0C0A02696410001A0400000000);
INSERT INTO `content` VALUES ('62', 0xACED00057A0000017D0A060807100718004AFB01080012486F72672E64726F6F6C732E636F72652E6D61727368616C6C696E672E696D706C2E53657269616C697A61626C65506C616365686F6C6465725265736F6C76657253747261746567791AAC01ACED0005737200136A6176612E7574696C2E41727261794C6973747881D21D99C7619D03000149000473697A65787000000006770400000006740019596F75206E65656420746F206576616C7561746520746D702E74001D596561726C7920706572666F726D616E6365206576616C756174696F6E740016506572666F726D616E6365204576616C756174696F6E74000D4852204576616C756174696F6E74000566616C736574000248527852750A110A07436F6D6D656E7410001A04000000000A100A06726561736F6E10001A04000000010A120A085461736B4E616D6510001A04000000020A120A084E6F64654E616D6510001A04000000030A130A09536B69707061626C6510001A04000000040A110A0747726F7570496410001A0400000005);
INSERT INTO `content` VALUES ('63', 0xACED00057A0000017D0A060807100718004AFB01080012486F72672E64726F6F6C732E636F72652E6D61727368616C6C696E672E696D706C2E53657269616C697A61626C65506C616365686F6C6465725265736F6C76657253747261746567791AAC01ACED0005737200136A6176612E7574696C2E41727261794C6973747881D21D99C7619D03000149000473697A65787000000006770400000006740019596F75206E65656420746F206576616C7561746520746D702E74001D596561726C7920706572666F726D616E6365206576616C756174696F6E740016506572666F726D616E6365204576616C756174696F6E74000D504D204576616C756174696F6E74000566616C7365740002504D7852750A110A07436F6D6D656E7410001A04000000000A100A06726561736F6E10001A04000000010A120A085461736B4E616D6510001A04000000020A120A084E6F64654E616D6510001A04000000030A130A09536B69707061626C6510001A04000000040A110A0747726F7570496410001A0400000005);
INSERT INTO `content` VALUES ('64', 0xACED000577F10A060807100718004AD601080012486F72672E64726F6F6C732E636F72652E6D61727368616C6C696E672E696D706C2E53657269616C697A61626C65506C616365686F6C6465725265736F6C76657253747261746567791A8701ACED0005737200136A6176612E7574696C2E41727261794C6973747881D21D99C7619D03000149000473697A65787000000001770400000001737200116A6176612E6C616E672E496E746567657212E2A0A4F781873802000149000576616C7565787200106A6176612E6C616E672E4E756D62657286AC951D0B94E08B02000078700000002E78520E0A0C0A02696410001A0400000000);
INSERT INTO `content` VALUES ('65', 0xACED000577F10A060807100718004AD601080012486F72672E64726F6F6C732E636F72652E6D61727368616C6C696E672E696D706C2E53657269616C697A61626C65506C616365686F6C6465725265736F6C76657253747261746567791A8701ACED0005737200136A6176612E7574696C2E41727261794C6973747881D21D99C7619D03000149000473697A65787000000001770400000001737200116A6176612E6C616E672E496E746567657212E2A0A4F781873802000149000576616C7565787200106A6176612E6C616E672E4E756D62657286AC951D0B94E08B02000078700000002D78520E0A0C0A02696410001A0400000000);
INSERT INTO `content` VALUES ('66', 0xACED00057A000001890A060807100718004A8702080012486F72672E64726F6F6C732E636F72652E6D61727368616C6C696E672E696D706C2E53657269616C697A61626C65506C616365686F6C6465725265736F6C76657253747261746567791AB801ACED0005737200136A6176612E7574696C2E41727261794C6973747881D21D99C7619D03000149000473697A65787000000006770400000006740022506C6561736520706572666F726D20612073656C662D6576616C75746174696F6E2E74001D596561726C7920706572666F726D616E6365206576616C756174696F6E740016506572666F726D616E6365204576616C756174696F6E74000F53656C66204576616C756174696F6E74000566616C7365740003746D707852750A110A07436F6D6D656E7410001A04000000000A100A06726561736F6E10001A04000000010A120A085461736B4E616D6510001A04000000020A120A084E6F64654E616D6510001A04000000030A130A09536B69707061626C6510001A04000000040A110A074163746F72496410001A0400000005);
INSERT INTO `content` VALUES ('67', 0xACED000577F10A060807100718004AD601080012486F72672E64726F6F6C732E636F72652E6D61727368616C6C696E672E696D706C2E53657269616C697A61626C65506C616365686F6C6465725265736F6C76657253747261746567791A8701ACED0005737200136A6176612E7574696C2E41727261794C6973747881D21D99C7619D03000149000473697A65787000000001770400000001737200116A6176612E6C616E672E496E746567657212E2A0A4F781873802000149000576616C7565787200106A6176612E6C616E672E4E756D62657286AC951D0B94E08B02000078700000002F78520E0A0C0A02696410001A0400000000);
INSERT INTO `content` VALUES ('68', 0xACED00057A0000017D0A060807100718004AFB01080012486F72672E64726F6F6C732E636F72652E6D61727368616C6C696E672E696D706C2E53657269616C697A61626C65506C616365686F6C6465725265736F6C76657253747261746567791AAC01ACED0005737200136A6176612E7574696C2E41727261794C6973747881D21D99C7619D03000149000473697A65787000000006770400000006740019596F75206E65656420746F206576616C7561746520746D702E74001D596561726C7920706572666F726D616E6365206576616C756174696F6E740016506572666F726D616E6365204576616C756174696F6E74000D4852204576616C756174696F6E74000566616C736574000248527852750A110A07436F6D6D656E7410001A04000000000A100A06726561736F6E10001A04000000010A120A085461736B4E616D6510001A04000000020A120A084E6F64654E616D6510001A04000000030A130A09536B69707061626C6510001A04000000040A110A0747726F7570496410001A0400000005);
INSERT INTO `content` VALUES ('69', 0xACED00057A0000017D0A060807100718004AFB01080012486F72672E64726F6F6C732E636F72652E6D61727368616C6C696E672E696D706C2E53657269616C697A61626C65506C616365686F6C6465725265736F6C76657253747261746567791AAC01ACED0005737200136A6176612E7574696C2E41727261794C6973747881D21D99C7619D03000149000473697A65787000000006770400000006740019596F75206E65656420746F206576616C7561746520746D702E74001D596561726C7920706572666F726D616E6365206576616C756174696F6E740016506572666F726D616E6365204576616C756174696F6E74000D504D204576616C756174696F6E74000566616C7365740002504D7852750A110A07436F6D6D656E7410001A04000000000A100A06726561736F6E10001A04000000010A120A085461736B4E616D6510001A04000000020A120A084E6F64654E616D6510001A04000000030A130A09536B69707061626C6510001A04000000040A110A0747726F7570496410001A0400000005);
INSERT INTO `content` VALUES ('70', 0xACED000577F10A060807100718004AD601080012486F72672E64726F6F6C732E636F72652E6D61727368616C6C696E672E696D706C2E53657269616C697A61626C65506C616365686F6C6465725265736F6C76657253747261746567791A8701ACED0005737200136A6176612E7574696C2E41727261794C6973747881D21D99C7619D03000149000473697A65787000000001770400000001737200116A6176612E6C616E672E496E746567657212E2A0A4F781873802000149000576616C7565787200106A6176612E6C616E672E4E756D62657286AC951D0B94E08B02000078700000003078520E0A0C0A02696410001A0400000000);
INSERT INTO `content` VALUES ('71', 0xACED000577CA0A060807100718004A9601080012486F72672E64726F6F6C732E636F72652E6D61727368616C6C696E672E696D706C2E53657269616C697A61626C65506C616365686F6C6465725265736F6C76657253747261746567791A48ACED0005737200136A6176612E7574696C2E41727261794C6973747881D21D99C7619D03000149000473697A657870000000027704000000027400046A6F686E7400046A6F686E7852270A120A084E6F64654E616D6510001A04000000000A110A074163746F72496410001A0400000001);
INSERT INTO `content` VALUES ('72', 0xACED000577F10A060807100718004AD601080012486F72672E64726F6F6C732E636F72652E6D61727368616C6C696E672E696D706C2E53657269616C697A61626C65506C616365686F6C6465725265736F6C76657253747261746567791A8701ACED0005737200136A6176612E7574696C2E41727261794C6973747881D21D99C7619D03000149000473697A65787000000001770400000001737200116A6176612E6C616E672E496E746567657212E2A0A4F781873802000149000576616C7565787200106A6176612E6C616E672E4E756D62657286AC951D0B94E08B02000078700000003278520E0A0C0A02696410001A0400000000);
INSERT INTO `content` VALUES ('73', 0xACED000577CA0A060807100718004A9601080012486F72672E64726F6F6C732E636F72652E6D61727368616C6C696E672E696D706C2E53657269616C697A61626C65506C616365686F6C6465725265736F6C76657253747261746567791A48ACED0005737200136A6176612E7574696C2E41727261794C6973747881D21D99C7619D03000149000473697A657870000000027704000000027400046D6172797400046D6172797852270A120A084E6F64654E616D6510001A04000000000A110A074163746F72496410001A0400000001);
INSERT INTO `content` VALUES ('74', 0xACED000577F10A060807100718004AD601080012486F72672E64726F6F6C732E636F72652E6D61727368616C6C696E672E696D706C2E53657269616C697A61626C65506C616365686F6C6465725265736F6C76657253747261746567791A8701ACED0005737200136A6176612E7574696C2E41727261794C6973747881D21D99C7619D03000149000473697A65787000000001770400000001737200116A6176612E6C616E672E496E746567657212E2A0A4F781873802000149000576616C7565787200106A6176612E6C616E672E4E756D62657286AC951D0B94E08B02000078700000003378520E0A0C0A02696410001A0400000000);
INSERT INTO `content` VALUES ('75', 0xACED000577CE0A060807100718004A9A01080012486F72672E64726F6F6C732E636F72652E6D61727368616C6C696E672E696D706C2E53657269616C697A61626C65506C616365686F6C6465725265736F6C76657253747261746567791A4CACED0005737200136A6176612E7574696C2E41727261794C6973747881D21D99C7619D03000149000473697A65787000000002770400000002740003746D7074000973616C65732D7265707852270A120A084E6F64654E616D6510001A04000000000A110A074163746F72496410001A0400000001);

-- ----------------------------
-- Table structure for contextmappinginfo
-- ----------------------------
DROP TABLE IF EXISTS `contextmappinginfo`;
CREATE TABLE `contextmappinginfo` (
  `mappingId` bigint(20) NOT NULL AUTO_INCREMENT,
  `CONTEXT_ID` varchar(255) NOT NULL,
  `KSESSION_ID` bigint(20) NOT NULL,
  `OWNER_ID` varchar(255) DEFAULT NULL,
  `OPTLOCK` int(11) DEFAULT NULL,
  PRIMARY KEY (`mappingId`)
) ENGINE=InnoDB DEFAULT CHARSET=utf8;

-- ----------------------------
-- Records of contextmappinginfo
-- ----------------------------

-- ----------------------------
-- Table structure for correlationkeyinfo
-- ----------------------------
DROP TABLE IF EXISTS `correlationkeyinfo`;
CREATE TABLE `correlationkeyinfo` (
  `keyId` bigint(20) NOT NULL AUTO_INCREMENT,
  `name` varchar(255) DEFAULT NULL,
  `processInstanceId` bigint(20) NOT NULL,
  `OPTLOCK` int(11) DEFAULT NULL,
  PRIMARY KEY (`keyId`)
) ENGINE=InnoDB AUTO_INCREMENT=42 DEFAULT CHARSET=utf8;

-- ----------------------------
-- Records of correlationkeyinfo
-- ----------------------------
INSERT INTO `correlationkeyinfo` VALUES ('7', null, '7', '0');
INSERT INTO `correlationkeyinfo` VALUES ('8', null, '8', '0');
INSERT INTO `correlationkeyinfo` VALUES ('9', null, '9', '0');
INSERT INTO `correlationkeyinfo` VALUES ('10', null, '10', '0');
INSERT INTO `correlationkeyinfo` VALUES ('11', null, '11', '0');
INSERT INTO `correlationkeyinfo` VALUES ('12', null, '12', '0');
INSERT INTO `correlationkeyinfo` VALUES ('13', null, '13', '0');
INSERT INTO `correlationkeyinfo` VALUES ('14', null, '14', '0');
INSERT INTO `correlationkeyinfo` VALUES ('15', null, '15', '0');
INSERT INTO `correlationkeyinfo` VALUES ('16', null, '16', '0');
INSERT INTO `correlationkeyinfo` VALUES ('17', null, '17', '0');
INSERT INTO `correlationkeyinfo` VALUES ('18', null, '18', '0');
INSERT INTO `correlationkeyinfo` VALUES ('19', null, '19', '0');
INSERT INTO `correlationkeyinfo` VALUES ('20', null, '20', '0');
INSERT INTO `correlationkeyinfo` VALUES ('21', null, '21', '0');
INSERT INTO `correlationkeyinfo` VALUES ('22', null, '22', '0');
INSERT INTO `correlationkeyinfo` VALUES ('23', null, '23', '0');
INSERT INTO `correlationkeyinfo` VALUES ('25', null, '25', '0');
INSERT INTO `correlationkeyinfo` VALUES ('26', null, '26', '0');
INSERT INTO `correlationkeyinfo` VALUES ('28', null, '28', '0');
INSERT INTO `correlationkeyinfo` VALUES ('29', null, '29', '0');
INSERT INTO `correlationkeyinfo` VALUES ('30', null, '30', '0');
INSERT INTO `correlationkeyinfo` VALUES ('31', null, '31', '0');
INSERT INTO `correlationkeyinfo` VALUES ('32', null, '32', '0');
INSERT INTO `correlationkeyinfo` VALUES ('33', null, '33', '0');
INSERT INTO `correlationkeyinfo` VALUES ('34', null, '34', '0');
INSERT INTO `correlationkeyinfo` VALUES ('35', null, '35', '0');
INSERT INTO `correlationkeyinfo` VALUES ('36', null, '36', '0');
INSERT INTO `correlationkeyinfo` VALUES ('37', null, '37', '0');
INSERT INTO `correlationkeyinfo` VALUES ('38', null, '38', '0');
INSERT INTO `correlationkeyinfo` VALUES ('40', null, '40', '0');
INSERT INTO `correlationkeyinfo` VALUES ('41', null, '41', '0');

-- ----------------------------
-- Table structure for correlationpropertyinfo
-- ----------------------------
DROP TABLE IF EXISTS `correlationpropertyinfo`;
CREATE TABLE `correlationpropertyinfo` (
  `propertyId` bigint(20) NOT NULL AUTO_INCREMENT,
  `name` varchar(255) DEFAULT NULL,
  `value` varchar(255) DEFAULT NULL,
  `OPTLOCK` int(11) DEFAULT NULL,
  `correlationKey_keyId` bigint(20) DEFAULT NULL,
  PRIMARY KEY (`propertyId`),
  KEY `FKbchyl7kb8i6ghvi3dbr86bgo0` (`correlationKey_keyId`),
  CONSTRAINT `FKbchyl7kb8i6ghvi3dbr86bgo0` FOREIGN KEY (`correlationKey_keyId`) REFERENCES `correlationkeyinfo` (`keyId`)
) ENGINE=InnoDB AUTO_INCREMENT=42 DEFAULT CHARSET=utf8;

-- ----------------------------
-- Records of correlationpropertyinfo
-- ----------------------------
INSERT INTO `correlationpropertyinfo` VALUES ('7', null, '7', '0', '7');
INSERT INTO `correlationpropertyinfo` VALUES ('8', null, '8', '0', '8');
INSERT INTO `correlationpropertyinfo` VALUES ('9', null, '9', '0', '9');
INSERT INTO `correlationpropertyinfo` VALUES ('10', null, '10', '0', '10');
INSERT INTO `correlationpropertyinfo` VALUES ('11', null, '11', '0', '11');
INSERT INTO `correlationpropertyinfo` VALUES ('12', null, '12', '0', '12');
INSERT INTO `correlationpropertyinfo` VALUES ('13', null, '13', '0', '13');
INSERT INTO `correlationpropertyinfo` VALUES ('14', null, '14', '0', '14');
INSERT INTO `correlationpropertyinfo` VALUES ('15', null, '15', '0', '15');
INSERT INTO `correlationpropertyinfo` VALUES ('16', null, '16', '0', '16');
INSERT INTO `correlationpropertyinfo` VALUES ('17', null, '17', '0', '17');
INSERT INTO `correlationpropertyinfo` VALUES ('18', null, '18', '0', '18');
INSERT INTO `correlationpropertyinfo` VALUES ('19', null, '19', '0', '19');
INSERT INTO `correlationpropertyinfo` VALUES ('20', null, '20', '0', '20');
INSERT INTO `correlationpropertyinfo` VALUES ('21', null, '21', '0', '21');
INSERT INTO `correlationpropertyinfo` VALUES ('22', null, '22', '0', '22');
INSERT INTO `correlationpropertyinfo` VALUES ('23', null, '23', '0', '23');
INSERT INTO `correlationpropertyinfo` VALUES ('25', null, '25', '0', '25');
INSERT INTO `correlationpropertyinfo` VALUES ('26', null, '26', '0', '26');
INSERT INTO `correlationpropertyinfo` VALUES ('28', null, '28', '0', '28');
INSERT INTO `correlationpropertyinfo` VALUES ('29', null, '29', '0', '29');
INSERT INTO `correlationpropertyinfo` VALUES ('30', null, '30', '0', '30');
INSERT INTO `correlationpropertyinfo` VALUES ('31', null, '31', '0', '31');
INSERT INTO `correlationpropertyinfo` VALUES ('32', null, '32', '0', '32');
INSERT INTO `correlationpropertyinfo` VALUES ('33', null, '33', '0', '33');
INSERT INTO `correlationpropertyinfo` VALUES ('34', null, '34', '0', '34');
INSERT INTO `correlationpropertyinfo` VALUES ('35', null, '35', '0', '35');
INSERT INTO `correlationpropertyinfo` VALUES ('36', null, '36', '0', '36');
INSERT INTO `correlationpropertyinfo` VALUES ('37', null, '37', '0', '37');
INSERT INTO `correlationpropertyinfo` VALUES ('38', null, '38', '0', '38');
INSERT INTO `correlationpropertyinfo` VALUES ('40', null, '40', '0', '40');
INSERT INTO `correlationpropertyinfo` VALUES ('41', null, '41', '0', '41');

-- ----------------------------
-- Table structure for deadline
-- ----------------------------
DROP TABLE IF EXISTS `deadline`;
CREATE TABLE `deadline` (
  `id` bigint(20) NOT NULL AUTO_INCREMENT,
  `deadline_date` datetime DEFAULT NULL,
  `escalated` smallint(6) DEFAULT NULL,
  `Deadlines_StartDeadLine_Id` bigint(20) DEFAULT NULL,
  `Deadlines_EndDeadLine_Id` bigint(20) DEFAULT NULL,
  PRIMARY KEY (`id`),
  KEY `FK361ggw230po88svgfasg36i2w` (`Deadlines_StartDeadLine_Id`),
  KEY `FKpeiadnoy228t35213t63c3imm` (`Deadlines_EndDeadLine_Id`),
  CONSTRAINT `FK361ggw230po88svgfasg36i2w` FOREIGN KEY (`Deadlines_StartDeadLine_Id`) REFERENCES `task` (`id`),
  CONSTRAINT `FKpeiadnoy228t35213t63c3imm` FOREIGN KEY (`Deadlines_EndDeadLine_Id`) REFERENCES `task` (`id`)
) ENGINE=InnoDB DEFAULT CHARSET=utf8;

-- ----------------------------
-- Records of deadline
-- ----------------------------

-- ----------------------------
-- Table structure for delegation_delegates
-- ----------------------------
DROP TABLE IF EXISTS `delegation_delegates`;
CREATE TABLE `delegation_delegates` (
  `task_id` bigint(20) NOT NULL,
  `entity_id` varchar(255) NOT NULL,
  KEY `FKewkdyi0wrgy9byp6abyglpcxq` (`entity_id`),
  KEY `FK85x3trafk3wfbrv719cafr591` (`task_id`),
  CONSTRAINT `FK85x3trafk3wfbrv719cafr591` FOREIGN KEY (`task_id`) REFERENCES `task` (`id`),
  CONSTRAINT `FKewkdyi0wrgy9byp6abyglpcxq` FOREIGN KEY (`entity_id`) REFERENCES `organizationalentity` (`id`)
) ENGINE=InnoDB DEFAULT CHARSET=utf8;

-- ----------------------------
-- Records of delegation_delegates
-- ----------------------------

-- ----------------------------
-- Table structure for deploymentstore
-- ----------------------------
DROP TABLE IF EXISTS `deploymentstore`;
CREATE TABLE `deploymentstore` (
  `id` bigint(20) NOT NULL AUTO_INCREMENT,
  `attributes` varchar(255) DEFAULT NULL,
  `DEPLOYMENT_ID` varchar(255) DEFAULT NULL,
  `deploymentUnit` longtext,
  `state` int(11) DEFAULT NULL,
  `updateDate` datetime DEFAULT NULL,
  PRIMARY KEY (`id`),
  UNIQUE KEY `UK85rgskt09thd8mkkfl3tb0y81` (`DEPLOYMENT_ID`)
) ENGINE=InnoDB AUTO_INCREMENT=2 DEFAULT CHARSET=utf8;

-- ----------------------------
-- Records of deploymentstore
-- ----------------------------
INSERT INTO `deploymentstore` VALUES ('1', '', 'org.default:artifact:1.0.0-SNAPSHOT', '<org.jbpm.kie.services.impl.KModuleDeploymentUnit>\n  <artifactId>artifact</artifactId>\n  <groupId>org.default</groupId>\n  <version>1.0.0-SNAPSHOT</version>\n  <strategy>SINGLETON</strategy>\n  <mergeMode>MERGE_COLLECTIONS</mergeMode>\n  <deploymentDescriptor class=\"org.jbpm.runtime.manager.impl.deploy.DeploymentDescriptorImpl\">\n    <persistenceUnit>org.jbpm.domain</persistenceUnit>\n    <auditPersistenceUnit>org.jbpm.domain</auditPersistenceUnit>\n    <auditMode>JPA</auditMode>\n    <persistenceMode>JPA</persistenceMode>\n    <runtimeStrategy>SINGLETON</runtimeStrategy>\n    <marshallingStrategies class=\"linked-hash-set\"/>\n    <eventListeners class=\"linked-hash-set\"/>\n    <taskEventListeners class=\"linked-hash-set\"/>\n    <globals class=\"linked-hash-set\"/>\n    <workItemHandlers class=\"linked-hash-set\"/>\n    <environmentEntries class=\"linked-hash-set\"/>\n    <configuration class=\"linked-hash-set\"/>\n    <requiredRoles class=\"linked-hash-set\"/>\n    <classes/>\n    <limitSerializationClasses>true</limitSerializationClasses>\n    <mappedRoles>\n      <entry>\n        <string>all</string>\n        <linked-hash-set/>\n      </entry>\n      <entry>\n        <string>view</string>\n        <linked-hash-set/>\n      </entry>\n      <entry>\n        <string>execute</string>\n        <linked-hash-set/>\n      </entry>\n    </mappedRoles>\n  </deploymentDescriptor>\n  <deployed>false</deployed>\n  <strategyUnset>false</strategyUnset>\n  <active>true</active>\n  <attributes/>\n</org.jbpm.kie.services.impl.KModuleDeploymentUnit>', '1', '2018-05-12 19:07:36');

-- ----------------------------
-- Table structure for email_header
-- ----------------------------
DROP TABLE IF EXISTS `email_header`;
CREATE TABLE `email_header` (
  `id` bigint(20) NOT NULL AUTO_INCREMENT,
  `body` longtext,
  `fromAddress` varchar(255) DEFAULT NULL,
  `language` varchar(255) DEFAULT NULL,
  `replyToAddress` varchar(255) DEFAULT NULL,
  `subject` varchar(255) DEFAULT NULL,
  PRIMARY KEY (`id`)
) ENGINE=InnoDB DEFAULT CHARSET=utf8;

-- ----------------------------
-- Records of email_header
-- ----------------------------

-- ----------------------------
-- Table structure for errorinfo
-- ----------------------------
DROP TABLE IF EXISTS `errorinfo`;
CREATE TABLE `errorinfo` (
  `id` bigint(20) NOT NULL AUTO_INCREMENT,
  `message` varchar(255) DEFAULT NULL,
  `stacktrace` varchar(5000) DEFAULT NULL,
  `timestamp` datetime DEFAULT NULL,
  `REQUEST_ID` bigint(20) NOT NULL,
  PRIMARY KEY (`id`),
  KEY `FKdarp6ushq06q39jmij3fdpdbs` (`REQUEST_ID`),
  CONSTRAINT `FKdarp6ushq06q39jmij3fdpdbs` FOREIGN KEY (`REQUEST_ID`) REFERENCES `requestinfo` (`id`)
) ENGINE=InnoDB DEFAULT CHARSET=utf8;

-- ----------------------------
-- Records of errorinfo
-- ----------------------------

-- ----------------------------
-- Table structure for escalation
-- ----------------------------
DROP TABLE IF EXISTS `escalation`;
CREATE TABLE `escalation` (
  `id` bigint(20) NOT NULL AUTO_INCREMENT,
  `name` varchar(255) DEFAULT NULL,
  `Deadline_Escalation_Id` bigint(20) DEFAULT NULL,
  PRIMARY KEY (`id`),
  KEY `FK37v8ova8ti6jiblda7n6j298e` (`Deadline_Escalation_Id`),
  CONSTRAINT `FK37v8ova8ti6jiblda7n6j298e` FOREIGN KEY (`Deadline_Escalation_Id`) REFERENCES `deadline` (`id`)
) ENGINE=InnoDB DEFAULT CHARSET=utf8;

-- ----------------------------
-- Records of escalation
-- ----------------------------

-- ----------------------------
-- Table structure for eventtypes
-- ----------------------------
DROP TABLE IF EXISTS `eventtypes`;
CREATE TABLE `eventtypes` (
  `InstanceId` bigint(20) NOT NULL,
  `element` varchar(255) DEFAULT NULL,
  KEY `FKj0o3uve2nqo5yrjwrkc9jfttq` (`InstanceId`),
  CONSTRAINT `FKj0o3uve2nqo5yrjwrkc9jfttq` FOREIGN KEY (`InstanceId`) REFERENCES `processinstanceinfo` (`InstanceId`)
) ENGINE=InnoDB DEFAULT CHARSET=utf8;

-- ----------------------------
-- Records of eventtypes
-- ----------------------------

-- ----------------------------
-- Table structure for executionerrorinfo
-- ----------------------------
DROP TABLE IF EXISTS `executionerrorinfo`;
CREATE TABLE `executionerrorinfo` (
  `id` bigint(20) NOT NULL AUTO_INCREMENT,
  `ERROR_ACK` smallint(6) DEFAULT NULL,
  `ERROR_ACK_AT` datetime DEFAULT NULL,
  `ERROR_ACK_BY` varchar(255) DEFAULT NULL,
  `ACTIVITY_ID` bigint(20) DEFAULT NULL,
  `ACTIVITY_NAME` varchar(255) DEFAULT NULL,
  `DEPLOYMENT_ID` varchar(255) DEFAULT NULL,
  `ERROR_INFO` longtext,
  `ERROR_DATE` datetime DEFAULT NULL,
  `ERROR_ID` varchar(255) DEFAULT NULL,
  `ERROR_MSG` varchar(255) DEFAULT NULL,
  `INIT_ACTIVITY_ID` bigint(20) DEFAULT NULL,
  `JOB_ID` bigint(20) DEFAULT NULL,
  `PROCESS_ID` varchar(255) DEFAULT NULL,
  `PROCESS_INST_ID` bigint(20) DEFAULT NULL,
  `ERROR_TYPE` varchar(255) DEFAULT NULL,
  PRIMARY KEY (`id`),
  KEY `IDX_ErrorInfo_pInstId` (`PROCESS_INST_ID`),
  KEY `IDX_ErrorInfo_errorAck` (`ERROR_ACK`)
) ENGINE=InnoDB AUTO_INCREMENT=3 DEFAULT CHARSET=utf8;

-- ----------------------------
-- Records of executionerrorinfo
-- ----------------------------
INSERT INTO `executionerrorinfo` VALUES ('1', '0', null, null, '0', 'Start', 'org.default:artifact:1.0.0-SNAPSHOT', 'org.jbpm.workflow.instance.WorkflowRuntimeException: [com.sample.evaluation:24 - Start:1] -- No active JTA transaction on joinTransaction call\r\n	at org.jbpm.workflow.instance.impl.NodeInstanceImpl.trigger(NodeInstanceImpl.java:192)\r\n	at org.jbpm.ruleflow.instance.RuleFlowProcessInstance.internalStart(RuleFlowProcessInstance.java:38)\r\n	at org.jbpm.process.instance.impl.ProcessInstanceImpl.start(ProcessInstanceImpl.java:233)\r\n	at org.jbpm.workflow.instance.impl.WorkflowProcessInstanceImpl.start(WorkflowProcessInstanceImpl.java:474)\r\n	at org.jbpm.process.instance.ProcessRuntimeImpl.startProcessInstance(ProcessRuntimeImpl.java:210)\r\n	at org.jbpm.process.instance.ProcessRuntimeImpl.startProcess(ProcessRuntimeImpl.java:193)\r\n	at org.jbpm.process.instance.ProcessRuntimeImpl.startProcess(ProcessRuntimeImpl.java:185)\r\n	at org.drools.core.impl.StatefulKnowledgeSessionImpl.startProcess(StatefulKnowledgeSessionImpl.java:1844)\r\n	at org.drools.core.command.runtime.process.StartProcessCommand.execute(StartProcessCommand.java:121)\r\n	at org.drools.core.command.runtime.process.StartProcessCommand.execute(StartProcessCommand.java:39)\r\n	at org.drools.core.fluent.impl.PseudoClockRunner.executeBatch(PseudoClockRunner.java:102)\r\n	at org.drools.core.fluent.impl.PseudoClockRunner.executeBatches(PseudoClockRunner.java:69)\r\n	at org.drools.core.fluent.impl.PseudoClockRunner.execute(PseudoClockRunner.java:61)\r\n	at org.drools.core.fluent.impl.PseudoClockRunner.execute(PseudoClockRunner.java:39)\r\n	at org.drools.core.command.impl.AbstractInterceptor.executeNext(AbstractInterceptor.java:39)\r\n	at org.drools.persistence.PersistableRunner$TransactionInterceptor.execute(PersistableRunner.java:594)\r\n	at org.drools.persistence.PersistableRunner$TransactionInterceptor.execute(PersistableRunner.java:552)\r\n	at org.drools.core.command.impl.AbstractInterceptor.executeNext(AbstractInterceptor.java:39)\r\n	at org.drools.persistence.jpa.OptimisticLockRetryInterceptor.internalExecute(OptimisticLockRetryInterceptor.java:102)\r\n	at org.drools.persistence.jpa.OptimisticLockRetryInterceptor.execute(OptimisticLockRetryInterceptor.java:83)\r\n	at org.drools.persistence.jpa.OptimisticLockRetryInterceptor.execute(OptimisticLockRetryInterceptor.java:44)\r\n	at org.drools.core.command.impl.AbstractInterceptor.executeNext(AbstractInterceptor.java:39)\r\n	at org.drools.persistence.jta.TransactionLockInterceptor.execute(TransactionLockInterceptor.java:73)\r\n	at org.drools.persistence.jta.TransactionLockInterceptor.execute(TransactionLockInterceptor.java:45)\r\n	at org.drools.core.command.impl.AbstractInterceptor.executeNext(AbstractInterceptor.java:39)\r\n	at org.jbpm.runtime.manager.impl.error.ExecutionErrorHandlerInterceptor.internalExecute(ExecutionErrorHandlerInterceptor.java:66)\r\n	at org.jbpm.runtime.manager.impl.error.ExecutionErrorHandlerInterceptor.execute(ExecutionErrorHandlerInterceptor.java:52)\r\n	at org.jbpm.runtime.manager.impl.error.ExecutionErrorHandlerInterceptor.execute(ExecutionErrorHandlerInterceptor.java:29)\r\n	at org.drools.persistence.PersistableRunner.execute(PersistableRunner.java:398)\r\n	at org.drools.persistence.PersistableRunner.execute(PersistableRunner.java:66)\r\n	at org.drools.core.runtime.InternalLocalRunner.execute(InternalLocalRunner.java:37)\r\n	at org.drools.core.runtime.InternalLocalRunner.execute(InternalLocalRunner.java:41)\r\n	at org.drools.core.command.impl.CommandBasedStatefulKnowledgeSession.startProcess(CommandBasedStatefulKnowledgeSession.java:263)\r\n	at org.jbpm.kie.services.impl.ProcessServiceImpl.startProcess(ProcessServiceImpl.java:114)\r\n	at com.gclfax.jbpm.demo.controller.ProcessDefController.newProcessInstance(ProcessDefController.java:56)\r\n	at sun.reflect.NativeMethodAccessorImpl.invoke0(Native Method)\r\n	at sun.reflect.NativeMethodAccessorImpl.invoke(NativeMethodAccessorImpl.java:62)\r\n	at sun.reflect.DelegatingMethodAccessorImpl.invoke(DelegatingMethodAccessorImpl.java:43)\r\n	at java.lang.reflect.Method.invoke(Method.java:498)\r\n	at org.springframework.web.method.support.InvocableHandlerMethod.doInvoke(InvocableHandlerMethod.java:209)\r\n	at org.springframework.web.method.support.InvocableHandlerMethod.invokeForRequest(InvocableHandlerMethod.java:136)\r\n	at org.springframework.web.servlet.mvc.method.annotation.ServletInvocableHandlerMethod.invokeAndHandle(ServletInvocableHandlerMethod.java:102)\r\n	at org.springframework.web.servlet.mvc.method.annotation.RequestMappingHandlerAdapter.invokeHandlerMethod(RequestMappingHandlerAdapter.java:877)\r\n	at org.springframework.web.servlet.mvc.method.annotation.RequestMappingHandlerAdapter.handleInternal(RequestMappingHandlerAdapter.java:783)\r\n	at org.springframework.web.servlet.mvc.method.AbstractHandlerMethodAdapter.handle(AbstractHandlerMethodAdapter.java:87)\r\n	at org.springframework.web.servlet.DispatcherServlet.doDispatch(DispatcherServlet.java:991)\r\n	at org.springframework.web.servlet.DispatcherServlet.doService(DispatcherServlet.java:925)\r\n	at org.springframework.web.servlet.FrameworkServlet.processRequest(FrameworkServlet.java:974)\r\n	at org.springframework.web.servlet.FrameworkServlet.doPost(FrameworkServlet.java:877)\r\n	at javax.servlet.http.HttpServlet.service(HttpServlet.java:661)\r\n	at org.springframework.web.servlet.FrameworkServlet.service(FrameworkServlet.java:851)\r\n	at javax.servlet.http.HttpServlet.service(HttpServlet.java:742)\r\n	at org.apache.catalina.core.ApplicationFilterChain.internalDoFilter(ApplicationFilterChain.java:231)\r\n	at org.apache.catalina.core.ApplicationFilterChain.doFilter(ApplicationFilterChain.java:166)\r\n	at org.apache.tomcat.websocket.server.WsFilter.doFilter(WsFilter.java:52)\r\n	at org.apache.catalina.core.ApplicationFilterChain.internalDoFilter(ApplicationFilterChain.java:193)\r\n	at org.apache.catalina.core.ApplicationFilterChain.doFilter(ApplicationFilterChain.java:166)\r\n	at com.gclfax.jbpm.demo.config.security.MyFilterSecurityInterceptor.invoke(MyFilterSecurityInterceptor.java:47)\r\n	at com.gclfax.jbpm.demo.config.security.MyFilterSecurityInterceptor.doFilter(MyFilterSecurityInterceptor.java:37)\r\n	at org.apache.catalina.core.ApplicationFilterChain.internalDoFilter(ApplicationFilterChain.java:193)\r\n	at org.apache.catalina.core.ApplicationFilterChain.doFilter(ApplicationFilterChain.java:166)\r\n	at org.springframework.security.web.FilterChainProxy$VirtualFilterChain.doFilter(FilterChainProxy.java:320)\r\n	at org.springframework.security.web.access.intercept.FilterSecurityInterceptor.invoke(FilterSecurityInterceptor.java:127)\r\n	at org.springframework.security.web.access.intercept.FilterSecurityInterceptor.doFilter(FilterSecurityInterceptor.java:91)\r\n	at org.springframework.security.web.FilterChainProxy$VirtualFilterChain.doFilter(FilterChainProxy.java:334)\r\n	at com.gclfax.jbpm.demo.config.security.MyFilterSecurityInterceptor.invoke(MyFilterSecurityInterceptor.java:47)\r\n	at com.gclfax.jbpm.demo.config.security.MyFilterSecurityInterceptor.doFilter(MyFilterSecurityInterceptor.java:37)\r\n	at org.springframework.security.web.FilterChainProxy$VirtualFilterChain.doFilter(FilterChainProxy.java:334)\r\n	at org.springframework.security.web.access.ExceptionTranslationFilter.doFilter(ExceptionTranslationFilter.java:119)\r\n	at org.springframework.security.web.FilterChainProxy$VirtualFilterChain.doFilter(FilterChainProxy.java:334)\r\n	at org.springframework.security.web.session.SessionManagementFilter.doFilter(SessionManagementFilter.java:137)\r\n	at org.springframework.security.web.FilterChainProxy$VirtualFilterChain.doFilter(FilterChainProxy.java:334)\r\n	at org.springframework.security.web.authentication.AnonymousAuthenticationFilter.doFilter(AnonymousAuthenticationFilter.java:111)\r\n	at org.springframework.security.web.FilterChainProxy$VirtualFilterChain.doFilter(FilterChainProxy.java:334)\r\n	at org.springframework.security.web.servletapi.SecurityContextHolderAwareRequestFilter.doFilter(SecurityContextHolderAwareRequestFilter.java:170)\r\n	at org.springframework.security.web.FilterChainProxy$VirtualFilterChain.doFilter(FilterChainProxy.java:334)\r\n	at org.springframework.security.web.savedrequest.RequestCacheAwareFilter.doFilter(RequestCacheAwareFilter.java:63)\r\n	at org.springframework.security.web.FilterChainProxy$VirtualFilterChain.doFilter(FilterChainProxy.java:334)\r\n	at org.springframework.security.web.authentication.AbstractAuthenticationProcessingFilter.doFilter(AbstractAuthenticationProcessingFilter.java:200)\r\n	at org.springframework.security.web.FilterChainProxy$VirtualFilterChain.doFilter(FilterChainProxy.java:334)\r\n	at org.springframework.security.web.authentication.logout.LogoutFilter.doFilter(LogoutFilter.java:116)\r\n	at org.springframework.security.web.FilterChainProxy$VirtualFilterChain.doFilter(FilterChainProxy.java:334)\r\n	at org.springframework.security.web.header.HeaderWriterFilter.doFilterInternal(HeaderWriterFilter.java:66)\r\n	at org.springframework.web.filter.OncePerRequestFilter.doFilter(OncePerRequestFilter.java:107)\r\n	at org.springframework.security.web.FilterChainProxy$VirtualFilterChain.doFilter(FilterChainProxy.java:334)\r\n	at org.springframework.security.web.context.SecurityContextPersistenceFilter.doFilter(SecurityContextPersistenceFilter.java:105)\r\n	at org.springframework.security.web.FilterChainProxy$VirtualFilterChain.doFilter(FilterChainProxy.java:334)\r\n	at org.springframework.security.web.context.request.async.WebAsyncManagerIntegrationFilter.doFilterInternal(WebAsyncManagerIntegrationFilter.java:56)\r\n	at org.springframework.web.filter.OncePerRequestFilter.doFilter(OncePerRequestFilter.java:107)\r\n	at org.springframework.security.web.FilterChainProxy$VirtualFilterChain.doFilter(FilterChainProxy.java:334)\r\n	at org.springframework.security.web.FilterChainProxy.doFilterInternal(FilterChainProxy.java:215)\r\n	at org.springframework.security.web.FilterChainProxy.doFilter(FilterChainProxy.java:178)\r\n	at org.springframework.web.filter.DelegatingFilterProxy.invokeDelegate(DelegatingFilterProxy.java:357)\r\n	at org.springframework.web.filter.DelegatingFilterProxy.doFilter(DelegatingFilterProxy.java:270)\r\n	at org.apache.catalina.core.ApplicationFilterChain.internalDoFilter(ApplicationFilterChain.java:193)\r\n	at org.apache.catalina.core.ApplicationFilterChain.doFilter(ApplicationFilterChain.java:166)\r\n	at org.springframework.web.filter.RequestContextFilter.doFilterInternal(RequestContextFilter.java:99)\r\n	at org.springframework.web.filter.OncePerRequestFilter.doFilter(OncePerRequestFilter.java:107)\r\n	at org.apache.catalina.core.ApplicationFilterChain.internalDoFilter(ApplicationFilterChain.java:193)\r\n	at org.apache.catalina.core.ApplicationFilterChain.doFilter(ApplicationFilterChain.java:166)\r\n	at org.springframework.web.filter.HttpPutFormContentFilter.doFilterInternal(HttpPutFormContentFilter.java:109)\r\n	at org.springframework.web.filter.OncePerRequestFilter.doFilter(OncePerRequestFilter.java:107)\r\n	at org.apache.catalina.core.ApplicationFilterChain.internalDoFilter(ApplicationFilterChain.java:193)\r\n	at org.apache.catalina.core.ApplicationFilterChain.doFilter(ApplicationFilterChain.java:166)\r\n	at org.springframework.web.filter.HiddenHttpMethodFilter.doFilterInternal(HiddenHttpMethodFilter.java:81)\r\n	at org.springframework.web.filter.OncePerRequestFilter.doFilter(OncePerRequestFilter.java:107)\r\n	at org.apache.catalina.core.ApplicationFilterChain.internalDoFilter(ApplicationFilterChain.java:193)\r\n	at org.apache.catalina.core.ApplicationFilterChain.doFilter(ApplicationFilterChain.java:166)\r\n	at org.springframework.web.filter.CharacterEncodingFilter.doFilterInternal(CharacterEncodingFilter.java:200)\r\n	at org.springframework.web.filter.OncePerRequestFilter.doFilter(OncePerRequestFilter.java:107)\r\n	at org.apache.catalina.core.ApplicationFilterChain.internalDoFilter(ApplicationFilterChain.java:193)\r\n	at org.apache.catalina.core.ApplicationFilterChain.doFilter(ApplicationFilterChain.java:166)\r\n	at org.apache.catalina.core.StandardWrapperValve.invoke(StandardWrapperValve.java:198)\r\n	at org.apache.catalina.core.StandardContextValve.invoke(StandardContextValve.java:96)\r\n	at org.apache.catalina.authenticator.AuthenticatorBase.invoke(AuthenticatorBase.java:496)\r\n	at org.apache.catalina.core.StandardHostValve.invoke(StandardHostValve.java:140)\r\n	at org.apache.catalina.valves.ErrorReportValve.invoke(ErrorReportValve.java:81)\r\n	at org.apache.catalina.core.StandardEngineValve.invoke(StandardEngineValve.java:87)\r\n	at org.apache.catalina.connector.CoyoteAdapter.service(CoyoteAdapter.java:342)\r\n	at org.apache.coyote.http11.Http11Processor.service(Http11Processor.java:803)\r\n	at org.apache.coyote.AbstractProcessorLight.process(AbstractProcessorLight.java:66)\r\n	at org.apache.coyote.AbstractProtocol$ConnectionHandler.process(AbstractProtocol.java:790)\r\n	at org.apache.tomcat.util.net.NioEndpoint$SocketProcessor.doRun(NioEndpoint.java:1468)\r\n	at org.apache.tomcat.util.net.SocketProcessorBase.run(SocketProcessorBase.java:49)\r\n	at java.util.concurrent.ThreadPoolExecutor.runWorker(ThreadPoolExecutor.java:1142)\r\n	at java.util.concurrent.ThreadPoolExecutor$Worker.run(ThreadPoolExecutor.java:617)\r\n	at org.apache.tomcat.util.threads.TaskThread$WrappingRunnable.run(TaskThread.java:61)\r\n	at java.lang.Thread.run(Thread.java:745)\r\nCaused by: javax.persistence.TransactionRequiredException: No active JTA transaction on joinTransaction call\r\n	at org.hibernate.ejb.AbstractEntityManagerImpl.joinTransaction(AbstractEntityManagerImpl.java:1233)\r\n	at org.hibernate.ejb.AbstractEntityManagerImpl.joinTransaction(AbstractEntityManagerImpl.java:1183)\r\n	at org.springframework.orm.jpa.ExtendedEntityManagerCreator$ExtendedEntityManagerInvocationHandler.doJoinTransaction(ExtendedEntityManagerCreator.java:366)\r\n	at org.springframework.orm.jpa.ExtendedEntityManagerCreator$ExtendedEntityManagerInvocationHandler.invoke(ExtendedEntityManagerCreator.java:333)\r\n	at com.sun.proxy.$Proxy87.joinTransaction(Unknown Source)\r\n	at sun.reflect.GeneratedMethodAccessor95.invoke(Unknown Source)\r\n	at sun.reflect.DelegatingMethodAccessorImpl.invoke(DelegatingMethodAccessorImpl.java:43)\r\n	at java.lang.reflect.Method.invoke(Method.java:498)\r\n	at org.kie.spring.persistence.AbstractKieSpringJpaManager$EmHolderDelegateInvocationHandler.invoke(AbstractKieSpringJpaManager.java:143)\r\n	at com.sun.proxy.$Proxy88.joinTransaction(Unknown Source)\r\n	at org.jbpm.process.audit.JPAWorkingMemoryDbLogger.joinTransaction(JPAWorkingMemoryDbLogger.java:302)\r\n	at org.jbpm.process.audit.JPAWorkingMemoryDbLogger.persist(JPAWorkingMemoryDbLogger.java:230)\r\n	at org.jbpm.process.audit.JPAWorkingMemoryDbLogger.afterNodeLeft(JPAWorkingMemoryDbLogger.java:126)\r\n	at org.drools.core.event.ProcessEventSupport.fireAfterNodeLeft(ProcessEventSupport.java:125)\r\n	at org.jbpm.workflow.instance.impl.NodeInstanceImpl.triggerNodeInstance(NodeInstanceImpl.java:390)\r\n	at org.jbpm.workflow.instance.impl.NodeInstanceImpl.triggerCompleted(NodeInstanceImpl.java:339)\r\n	at org.jbpm.workflow.instance.node.StartNodeInstance.triggerCompleted(StartNodeInstance.java:72)\r\n	at org.jbpm.workflow.instance.node.StartNodeInstance.internalTrigger(StartNodeInstance.java:43)\r\n	at org.jbpm.workflow.instance.impl.NodeInstanceImpl.trigger(NodeInstanceImpl.java:186)\r\n	... 127 more\r\n', '2018-05-13 21:23:02', '71206467-f062-4ac4-b73f-cb3e3acf5414', '[com.sample.evaluation:24 - Start:1] -- No active JTA transaction on joinTransaction call', '0', null, 'com.sample.evaluation', '24', 'Process');
INSERT INTO `executionerrorinfo` VALUES ('2', '0', null, null, '0', 'Start', 'org.default:artifact:1.0.0-SNAPSHOT', 'org.jbpm.workflow.instance.WorkflowRuntimeException: [com.sample.evaluation:27 - Start:1] -- No active JTA transaction on joinTransaction call\r\n	at org.jbpm.workflow.instance.impl.NodeInstanceImpl.trigger(NodeInstanceImpl.java:192)\r\n	at org.jbpm.ruleflow.instance.RuleFlowProcessInstance.internalStart(RuleFlowProcessInstance.java:38)\r\n	at org.jbpm.process.instance.impl.ProcessInstanceImpl.start(ProcessInstanceImpl.java:233)\r\n	at org.jbpm.workflow.instance.impl.WorkflowProcessInstanceImpl.start(WorkflowProcessInstanceImpl.java:474)\r\n	at org.jbpm.process.instance.ProcessRuntimeImpl.startProcessInstance(ProcessRuntimeImpl.java:210)\r\n	at org.jbpm.process.instance.ProcessRuntimeImpl.startProcess(ProcessRuntimeImpl.java:193)\r\n	at org.jbpm.process.instance.ProcessRuntimeImpl.startProcess(ProcessRuntimeImpl.java:185)\r\n	at org.drools.core.impl.StatefulKnowledgeSessionImpl.startProcess(StatefulKnowledgeSessionImpl.java:1844)\r\n	at org.drools.core.command.runtime.process.StartProcessCommand.execute(StartProcessCommand.java:121)\r\n	at org.drools.core.command.runtime.process.StartProcessCommand.execute(StartProcessCommand.java:39)\r\n	at org.drools.core.fluent.impl.PseudoClockRunner.executeBatch(PseudoClockRunner.java:102)\r\n	at org.drools.core.fluent.impl.PseudoClockRunner.executeBatches(PseudoClockRunner.java:69)\r\n	at org.drools.core.fluent.impl.PseudoClockRunner.execute(PseudoClockRunner.java:61)\r\n	at org.drools.core.fluent.impl.PseudoClockRunner.execute(PseudoClockRunner.java:39)\r\n	at org.drools.core.command.impl.AbstractInterceptor.executeNext(AbstractInterceptor.java:39)\r\n	at org.drools.persistence.PersistableRunner$TransactionInterceptor.execute(PersistableRunner.java:594)\r\n	at org.drools.persistence.PersistableRunner$TransactionInterceptor.execute(PersistableRunner.java:552)\r\n	at org.drools.core.command.impl.AbstractInterceptor.executeNext(AbstractInterceptor.java:39)\r\n	at org.drools.persistence.jpa.OptimisticLockRetryInterceptor.internalExecute(OptimisticLockRetryInterceptor.java:102)\r\n	at org.drools.persistence.jpa.OptimisticLockRetryInterceptor.execute(OptimisticLockRetryInterceptor.java:83)\r\n	at org.drools.persistence.jpa.OptimisticLockRetryInterceptor.execute(OptimisticLockRetryInterceptor.java:44)\r\n	at org.drools.core.command.impl.AbstractInterceptor.executeNext(AbstractInterceptor.java:39)\r\n	at org.drools.persistence.jta.TransactionLockInterceptor.execute(TransactionLockInterceptor.java:73)\r\n	at org.drools.persistence.jta.TransactionLockInterceptor.execute(TransactionLockInterceptor.java:45)\r\n	at org.drools.core.command.impl.AbstractInterceptor.executeNext(AbstractInterceptor.java:39)\r\n	at org.jbpm.runtime.manager.impl.error.ExecutionErrorHandlerInterceptor.internalExecute(ExecutionErrorHandlerInterceptor.java:66)\r\n	at org.jbpm.runtime.manager.impl.error.ExecutionErrorHandlerInterceptor.execute(ExecutionErrorHandlerInterceptor.java:52)\r\n	at org.jbpm.runtime.manager.impl.error.ExecutionErrorHandlerInterceptor.execute(ExecutionErrorHandlerInterceptor.java:29)\r\n	at org.drools.persistence.PersistableRunner.execute(PersistableRunner.java:398)\r\n	at org.drools.persistence.PersistableRunner.execute(PersistableRunner.java:66)\r\n	at org.drools.core.runtime.InternalLocalRunner.execute(InternalLocalRunner.java:37)\r\n	at org.drools.core.runtime.InternalLocalRunner.execute(InternalLocalRunner.java:41)\r\n	at org.drools.core.command.impl.CommandBasedStatefulKnowledgeSession.startProcess(CommandBasedStatefulKnowledgeSession.java:263)\r\n	at org.jbpm.kie.services.impl.ProcessServiceImpl.startProcess(ProcessServiceImpl.java:114)\r\n	at com.gclfax.jbpm.demo.controller.ProcessDefController.newProcessInstance(ProcessDefController.java:56)\r\n	at sun.reflect.NativeMethodAccessorImpl.invoke0(Native Method)\r\n	at sun.reflect.NativeMethodAccessorImpl.invoke(NativeMethodAccessorImpl.java:62)\r\n	at sun.reflect.DelegatingMethodAccessorImpl.invoke(DelegatingMethodAccessorImpl.java:43)\r\n	at java.lang.reflect.Method.invoke(Method.java:498)\r\n	at org.springframework.web.method.support.InvocableHandlerMethod.doInvoke(InvocableHandlerMethod.java:209)\r\n	at org.springframework.web.method.support.InvocableHandlerMethod.invokeForRequest(InvocableHandlerMethod.java:136)\r\n	at org.springframework.web.servlet.mvc.method.annotation.ServletInvocableHandlerMethod.invokeAndHandle(ServletInvocableHandlerMethod.java:102)\r\n	at org.springframework.web.servlet.mvc.method.annotation.RequestMappingHandlerAdapter.invokeHandlerMethod(RequestMappingHandlerAdapter.java:877)\r\n	at org.springframework.web.servlet.mvc.method.annotation.RequestMappingHandlerAdapter.handleInternal(RequestMappingHandlerAdapter.java:783)\r\n	at org.springframework.web.servlet.mvc.method.AbstractHandlerMethodAdapter.handle(AbstractHandlerMethodAdapter.java:87)\r\n	at org.springframework.web.servlet.DispatcherServlet.doDispatch(DispatcherServlet.java:991)\r\n	at org.springframework.web.servlet.DispatcherServlet.doService(DispatcherServlet.java:925)\r\n	at org.springframework.web.servlet.FrameworkServlet.processRequest(FrameworkServlet.java:974)\r\n	at org.springframework.web.servlet.FrameworkServlet.doPost(FrameworkServlet.java:877)\r\n	at javax.servlet.http.HttpServlet.service(HttpServlet.java:661)\r\n	at org.springframework.web.servlet.FrameworkServlet.service(FrameworkServlet.java:851)\r\n	at javax.servlet.http.HttpServlet.service(HttpServlet.java:742)\r\n	at org.apache.catalina.core.ApplicationFilterChain.internalDoFilter(ApplicationFilterChain.java:231)\r\n	at org.apache.catalina.core.ApplicationFilterChain.doFilter(ApplicationFilterChain.java:166)\r\n	at org.apache.tomcat.websocket.server.WsFilter.doFilter(WsFilter.java:52)\r\n	at org.apache.catalina.core.ApplicationFilterChain.internalDoFilter(ApplicationFilterChain.java:193)\r\n	at org.apache.catalina.core.ApplicationFilterChain.doFilter(ApplicationFilterChain.java:166)\r\n	at com.gclfax.jbpm.demo.config.security.MyFilterSecurityInterceptor.invoke(MyFilterSecurityInterceptor.java:47)\r\n	at com.gclfax.jbpm.demo.config.security.MyFilterSecurityInterceptor.doFilter(MyFilterSecurityInterceptor.java:37)\r\n	at org.apache.catalina.core.ApplicationFilterChain.internalDoFilter(ApplicationFilterChain.java:193)\r\n	at org.apache.catalina.core.ApplicationFilterChain.doFilter(ApplicationFilterChain.java:166)\r\n	at org.springframework.security.web.FilterChainProxy$VirtualFilterChain.doFilter(FilterChainProxy.java:320)\r\n	at org.springframework.security.web.access.intercept.FilterSecurityInterceptor.invoke(FilterSecurityInterceptor.java:127)\r\n	at org.springframework.security.web.access.intercept.FilterSecurityInterceptor.doFilter(FilterSecurityInterceptor.java:91)\r\n	at org.springframework.security.web.FilterChainProxy$VirtualFilterChain.doFilter(FilterChainProxy.java:334)\r\n	at com.gclfax.jbpm.demo.config.security.MyFilterSecurityInterceptor.invoke(MyFilterSecurityInterceptor.java:47)\r\n	at com.gclfax.jbpm.demo.config.security.MyFilterSecurityInterceptor.doFilter(MyFilterSecurityInterceptor.java:37)\r\n	at org.springframework.security.web.FilterChainProxy$VirtualFilterChain.doFilter(FilterChainProxy.java:334)\r\n	at org.springframework.security.web.access.ExceptionTranslationFilter.doFilter(ExceptionTranslationFilter.java:119)\r\n	at org.springframework.security.web.FilterChainProxy$VirtualFilterChain.doFilter(FilterChainProxy.java:334)\r\n	at org.springframework.security.web.session.SessionManagementFilter.doFilter(SessionManagementFilter.java:137)\r\n	at org.springframework.security.web.FilterChainProxy$VirtualFilterChain.doFilter(FilterChainProxy.java:334)\r\n	at org.springframework.security.web.authentication.AnonymousAuthenticationFilter.doFilter(AnonymousAuthenticationFilter.java:111)\r\n	at org.springframework.security.web.FilterChainProxy$VirtualFilterChain.doFilter(FilterChainProxy.java:334)\r\n	at org.springframework.security.web.servletapi.SecurityContextHolderAwareRequestFilter.doFilter(SecurityContextHolderAwareRequestFilter.java:170)\r\n	at org.springframework.security.web.FilterChainProxy$VirtualFilterChain.doFilter(FilterChainProxy.java:334)\r\n	at org.springframework.security.web.savedrequest.RequestCacheAwareFilter.doFilter(RequestCacheAwareFilter.java:63)\r\n	at org.springframework.security.web.FilterChainProxy$VirtualFilterChain.doFilter(FilterChainProxy.java:334)\r\n	at org.springframework.security.web.authentication.AbstractAuthenticationProcessingFilter.doFilter(AbstractAuthenticationProcessingFilter.java:200)\r\n	at org.springframework.security.web.FilterChainProxy$VirtualFilterChain.doFilter(FilterChainProxy.java:334)\r\n	at org.springframework.security.web.authentication.logout.LogoutFilter.doFilter(LogoutFilter.java:116)\r\n	at org.springframework.security.web.FilterChainProxy$VirtualFilterChain.doFilter(FilterChainProxy.java:334)\r\n	at org.springframework.security.web.header.HeaderWriterFilter.doFilterInternal(HeaderWriterFilter.java:66)\r\n	at org.springframework.web.filter.OncePerRequestFilter.doFilter(OncePerRequestFilter.java:107)\r\n	at org.springframework.security.web.FilterChainProxy$VirtualFilterChain.doFilter(FilterChainProxy.java:334)\r\n	at org.springframework.security.web.context.SecurityContextPersistenceFilter.doFilter(SecurityContextPersistenceFilter.java:105)\r\n	at org.springframework.security.web.FilterChainProxy$VirtualFilterChain.doFilter(FilterChainProxy.java:334)\r\n	at org.springframework.security.web.context.request.async.WebAsyncManagerIntegrationFilter.doFilterInternal(WebAsyncManagerIntegrationFilter.java:56)\r\n	at org.springframework.web.filter.OncePerRequestFilter.doFilter(OncePerRequestFilter.java:107)\r\n	at org.springframework.security.web.FilterChainProxy$VirtualFilterChain.doFilter(FilterChainProxy.java:334)\r\n	at org.springframework.security.web.FilterChainProxy.doFilterInternal(FilterChainProxy.java:215)\r\n	at org.springframework.security.web.FilterChainProxy.doFilter(FilterChainProxy.java:178)\r\n	at org.springframework.web.filter.DelegatingFilterProxy.invokeDelegate(DelegatingFilterProxy.java:357)\r\n	at org.springframework.web.filter.DelegatingFilterProxy.doFilter(DelegatingFilterProxy.java:270)\r\n	at org.apache.catalina.core.ApplicationFilterChain.internalDoFilter(ApplicationFilterChain.java:193)\r\n	at org.apache.catalina.core.ApplicationFilterChain.doFilter(ApplicationFilterChain.java:166)\r\n	at org.springframework.web.filter.RequestContextFilter.doFilterInternal(RequestContextFilter.java:99)\r\n	at org.springframework.web.filter.OncePerRequestFilter.doFilter(OncePerRequestFilter.java:107)\r\n	at org.apache.catalina.core.ApplicationFilterChain.internalDoFilter(ApplicationFilterChain.java:193)\r\n	at org.apache.catalina.core.ApplicationFilterChain.doFilter(ApplicationFilterChain.java:166)\r\n	at org.springframework.web.filter.HttpPutFormContentFilter.doFilterInternal(HttpPutFormContentFilter.java:109)\r\n	at org.springframework.web.filter.OncePerRequestFilter.doFilter(OncePerRequestFilter.java:107)\r\n	at org.apache.catalina.core.ApplicationFilterChain.internalDoFilter(ApplicationFilterChain.java:193)\r\n	at org.apache.catalina.core.ApplicationFilterChain.doFilter(ApplicationFilterChain.java:166)\r\n	at org.springframework.web.filter.HiddenHttpMethodFilter.doFilterInternal(HiddenHttpMethodFilter.java:81)\r\n	at org.springframework.web.filter.OncePerRequestFilter.doFilter(OncePerRequestFilter.java:107)\r\n	at org.apache.catalina.core.ApplicationFilterChain.internalDoFilter(ApplicationFilterChain.java:193)\r\n	at org.apache.catalina.core.ApplicationFilterChain.doFilter(ApplicationFilterChain.java:166)\r\n	at org.springframework.web.filter.CharacterEncodingFilter.doFilterInternal(CharacterEncodingFilter.java:200)\r\n	at org.springframework.web.filter.OncePerRequestFilter.doFilter(OncePerRequestFilter.java:107)\r\n	at org.apache.catalina.core.ApplicationFilterChain.internalDoFilter(ApplicationFilterChain.java:193)\r\n	at org.apache.catalina.core.ApplicationFilterChain.doFilter(ApplicationFilterChain.java:166)\r\n	at org.apache.catalina.core.StandardWrapperValve.invoke(StandardWrapperValve.java:198)\r\n	at org.apache.catalina.core.StandardContextValve.invoke(StandardContextValve.java:96)\r\n	at org.apache.catalina.authenticator.AuthenticatorBase.invoke(AuthenticatorBase.java:496)\r\n	at org.apache.catalina.core.StandardHostValve.invoke(StandardHostValve.java:140)\r\n	at org.apache.catalina.valves.ErrorReportValve.invoke(ErrorReportValve.java:81)\r\n	at org.apache.catalina.core.StandardEngineValve.invoke(StandardEngineValve.java:87)\r\n	at org.apache.catalina.connector.CoyoteAdapter.service(CoyoteAdapter.java:342)\r\n	at org.apache.coyote.http11.Http11Processor.service(Http11Processor.java:803)\r\n	at org.apache.coyote.AbstractProcessorLight.process(AbstractProcessorLight.java:66)\r\n	at org.apache.coyote.AbstractProtocol$ConnectionHandler.process(AbstractProtocol.java:790)\r\n	at org.apache.tomcat.util.net.NioEndpoint$SocketProcessor.doRun(NioEndpoint.java:1468)\r\n	at org.apache.tomcat.util.net.SocketProcessorBase.run(SocketProcessorBase.java:49)\r\n	at java.util.concurrent.ThreadPoolExecutor.runWorker(ThreadPoolExecutor.java:1142)\r\n	at java.util.concurrent.ThreadPoolExecutor$Worker.run(ThreadPoolExecutor.java:617)\r\n	at org.apache.tomcat.util.threads.TaskThread$WrappingRunnable.run(TaskThread.java:61)\r\n	at java.lang.Thread.run(Thread.java:745)\r\nCaused by: javax.persistence.TransactionRequiredException: No active JTA transaction on joinTransaction call\r\n	at org.hibernate.ejb.AbstractEntityManagerImpl.joinTransaction(AbstractEntityManagerImpl.java:1233)\r\n	at org.hibernate.ejb.AbstractEntityManagerImpl.joinTransaction(AbstractEntityManagerImpl.java:1183)\r\n	at org.springframework.orm.jpa.ExtendedEntityManagerCreator$ExtendedEntityManagerInvocationHandler.doJoinTransaction(ExtendedEntityManagerCreator.java:366)\r\n	at org.springframework.orm.jpa.ExtendedEntityManagerCreator$ExtendedEntityManagerInvocationHandler.invoke(ExtendedEntityManagerCreator.java:333)\r\n	at com.sun.proxy.$Proxy87.joinTransaction(Unknown Source)\r\n	at sun.reflect.GeneratedMethodAccessor95.invoke(Unknown Source)\r\n	at sun.reflect.DelegatingMethodAccessorImpl.invoke(DelegatingMethodAccessorImpl.java:43)\r\n	at java.lang.reflect.Method.invoke(Method.java:498)\r\n	at org.kie.spring.persistence.AbstractKieSpringJpaManager$EmHolderDelegateInvocationHandler.invoke(AbstractKieSpringJpaManager.java:143)\r\n	at com.sun.proxy.$Proxy88.joinTransaction(Unknown Source)\r\n	at org.jbpm.process.audit.JPAWorkingMemoryDbLogger.joinTransaction(JPAWorkingMemoryDbLogger.java:302)\r\n	at org.jbpm.process.audit.JPAWorkingMemoryDbLogger.persist(JPAWorkingMemoryDbLogger.java:230)\r\n	at org.jbpm.process.audit.JPAWorkingMemoryDbLogger.afterNodeLeft(JPAWorkingMemoryDbLogger.java:126)\r\n	at org.drools.core.event.ProcessEventSupport.fireAfterNodeLeft(ProcessEventSupport.java:125)\r\n	at org.jbpm.workflow.instance.impl.NodeInstanceImpl.triggerNodeInstance(NodeInstanceImpl.java:390)\r\n	at org.jbpm.workflow.instance.impl.NodeInstanceImpl.triggerCompleted(NodeInstanceImpl.java:339)\r\n	at org.jbpm.workflow.instance.node.StartNodeInstance.triggerCompleted(StartNodeInstance.java:72)\r\n	at org.jbpm.workflow.instance.node.StartNodeInstance.internalTrigger(StartNodeInstance.java:43)\r\n	at org.jbpm.workflow.instance.impl.NodeInstanceImpl.trigger(NodeInstanceImpl.java:186)\r\n	... 127 more\r\n', '2018-05-13 21:37:41', '541d18ca-4f9d-4d20-85c8-37ede0fb0ebc', '[com.sample.evaluation:27 - Start:1] -- No active JTA transaction on joinTransaction call', '0', null, 'com.sample.evaluation', '27', 'Process');

-- ----------------------------
-- Table structure for i18ntext
-- ----------------------------
DROP TABLE IF EXISTS `i18ntext`;
CREATE TABLE `i18ntext` (
  `id` bigint(20) NOT NULL AUTO_INCREMENT,
  `language` varchar(255) DEFAULT NULL,
  `shortText` varchar(255) DEFAULT NULL,
  `text` longtext,
  `Task_Subjects_Id` bigint(20) DEFAULT NULL,
  `Task_Names_Id` bigint(20) DEFAULT NULL,
  `Task_Descriptions_Id` bigint(20) DEFAULT NULL,
  `Reassignment_Documentation_Id` bigint(20) DEFAULT NULL,
  `Notification_Subjects_Id` bigint(20) DEFAULT NULL,
  `Notification_Names_Id` bigint(20) DEFAULT NULL,
  `Notification_Documentation_Id` bigint(20) DEFAULT NULL,
  `Notification_Descriptions_Id` bigint(20) DEFAULT NULL,
  `Deadline_Documentation_Id` bigint(20) DEFAULT NULL,
  PRIMARY KEY (`id`),
  KEY `FKcd6eb4q62d9ab8p0di8pb99ch` (`Task_Subjects_Id`),
  KEY `FKiogka67sji8fk4cp7a369895i` (`Task_Names_Id`),
  KEY `FKrisdlmalotmk64mdeqpo4s5m0` (`Task_Descriptions_Id`),
  KEY `FKqxgws3fnukyqlaet11tivqg5u` (`Reassignment_Documentation_Id`),
  KEY `FKthf8ix3t3opf9hya1s04hwsx8` (`Notification_Subjects_Id`),
  KEY `FKg2jsybeuc8pbj8ek8xwxutuyo` (`Notification_Names_Id`),
  KEY `FKp0m7uhipskrljktvfeubdgfid` (`Notification_Documentation_Id`),
  KEY `FK6k8hmfvhko069970eghiy2ifp` (`Notification_Descriptions_Id`),
  KEY `FK8wn7sw34q6bifsi1pvl2b1yyb` (`Deadline_Documentation_Id`),
  CONSTRAINT `FK6k8hmfvhko069970eghiy2ifp` FOREIGN KEY (`Notification_Descriptions_Id`) REFERENCES `notification` (`id`),
  CONSTRAINT `FK8wn7sw34q6bifsi1pvl2b1yyb` FOREIGN KEY (`Deadline_Documentation_Id`) REFERENCES `deadline` (`id`),
  CONSTRAINT `FKcd6eb4q62d9ab8p0di8pb99ch` FOREIGN KEY (`Task_Subjects_Id`) REFERENCES `task` (`id`),
  CONSTRAINT `FKg2jsybeuc8pbj8ek8xwxutuyo` FOREIGN KEY (`Notification_Names_Id`) REFERENCES `notification` (`id`),
  CONSTRAINT `FKiogka67sji8fk4cp7a369895i` FOREIGN KEY (`Task_Names_Id`) REFERENCES `task` (`id`),
  CONSTRAINT `FKp0m7uhipskrljktvfeubdgfid` FOREIGN KEY (`Notification_Documentation_Id`) REFERENCES `notification` (`id`),
  CONSTRAINT `FKqxgws3fnukyqlaet11tivqg5u` FOREIGN KEY (`Reassignment_Documentation_Id`) REFERENCES `reassignment` (`id`),
  CONSTRAINT `FKrisdlmalotmk64mdeqpo4s5m0` FOREIGN KEY (`Task_Descriptions_Id`) REFERENCES `task` (`id`),
  CONSTRAINT `FKthf8ix3t3opf9hya1s04hwsx8` FOREIGN KEY (`Notification_Subjects_Id`) REFERENCES `notification` (`id`)
) ENGINE=InnoDB AUTO_INCREMENT=157 DEFAULT CHARSET=utf8;

-- ----------------------------
-- Records of i18ntext
-- ----------------------------
INSERT INTO `i18ntext` VALUES ('1', 'en-UK', '1', '1', null, null, '1', null, null, null, null, null, null);
INSERT INTO `i18ntext` VALUES ('2', 'en-UK', 'Task1', 'Task1', null, '1', null, null, null, null, null, null, null);
INSERT INTO `i18ntext` VALUES ('3', 'en-UK', '1', '1', '1', null, null, null, null, null, null, null, null);
INSERT INTO `i18ntext` VALUES ('4', 'en-UK', 'Please perform a self-evalutation.', 'Please perform a self-evalutation.', null, null, '2', null, null, null, null, null, null);
INSERT INTO `i18ntext` VALUES ('5', 'en-UK', 'Self Evaluation', 'Self Evaluation', null, '2', null, null, null, null, null, null, null);
INSERT INTO `i18ntext` VALUES ('6', 'en-UK', 'Please perform a self-evalutation.', 'Please perform a self-evalutation.', '2', null, null, null, null, null, null, null, null);
INSERT INTO `i18ntext` VALUES ('7', 'en-UK', 'Please perform a self-evalutation.', 'Please perform a self-evalutation.', null, null, '3', null, null, null, null, null, null);
INSERT INTO `i18ntext` VALUES ('8', 'en-UK', 'Self Evaluation', 'Self Evaluation', null, '3', null, null, null, null, null, null, null);
INSERT INTO `i18ntext` VALUES ('9', 'en-UK', 'Please perform a self-evalutation.', 'Please perform a self-evalutation.', '3', null, null, null, null, null, null, null, null);
INSERT INTO `i18ntext` VALUES ('10', 'en-UK', '1', '1', null, null, '4', null, null, null, null, null, null);
INSERT INTO `i18ntext` VALUES ('11', 'en-UK', 'Task1', 'Task1', null, '4', null, null, null, null, null, null, null);
INSERT INTO `i18ntext` VALUES ('12', 'en-UK', '1', '1', '4', null, null, null, null, null, null, null, null);
INSERT INTO `i18ntext` VALUES ('13', 'en-UK', 'Please perform a self-evalutation.', 'Please perform a self-evalutation.', null, null, '5', null, null, null, null, null, null);
INSERT INTO `i18ntext` VALUES ('14', 'en-UK', 'Self Evaluation', 'Self Evaluation', null, '5', null, null, null, null, null, null, null);
INSERT INTO `i18ntext` VALUES ('15', 'en-UK', 'Please perform a self-evalutation.', 'Please perform a self-evalutation.', '5', null, null, null, null, null, null, null, null);
INSERT INTO `i18ntext` VALUES ('16', 'en-UK', 'Please perform a self-evalutation.', 'Please perform a self-evalutation.', null, null, '6', null, null, null, null, null, null);
INSERT INTO `i18ntext` VALUES ('17', 'en-UK', 'Self Evaluation', 'Self Evaluation', null, '6', null, null, null, null, null, null, null);
INSERT INTO `i18ntext` VALUES ('18', 'en-UK', 'Please perform a self-evalutation.', 'Please perform a self-evalutation.', '6', null, null, null, null, null, null, null, null);
INSERT INTO `i18ntext` VALUES ('19', 'en-UK', 'Please perform a self-evalutation.', 'Please perform a self-evalutation.', null, null, '7', null, null, null, null, null, null);
INSERT INTO `i18ntext` VALUES ('20', 'en-UK', 'Self Evaluation', 'Self Evaluation', null, '7', null, null, null, null, null, null, null);
INSERT INTO `i18ntext` VALUES ('21', 'en-UK', 'Please perform a self-evalutation.', 'Please perform a self-evalutation.', '7', null, null, null, null, null, null, null, null);
INSERT INTO `i18ntext` VALUES ('22', 'en-UK', 'You need to evaluate admin.', 'You need to evaluate admin.', null, null, '8', null, null, null, null, null, null);
INSERT INTO `i18ntext` VALUES ('23', 'en-UK', 'PM Evaluation', 'PM Evaluation', null, '8', null, null, null, null, null, null, null);
INSERT INTO `i18ntext` VALUES ('24', 'en-UK', 'You need to evaluate admin.', 'You need to evaluate admin.', '8', null, null, null, null, null, null, null, null);
INSERT INTO `i18ntext` VALUES ('25', 'en-UK', 'You need to evaluate admin.', 'You need to evaluate admin.', null, null, '9', null, null, null, null, null, null);
INSERT INTO `i18ntext` VALUES ('26', 'en-UK', 'HR Evaluation', 'HR Evaluation', null, '9', null, null, null, null, null, null, null);
INSERT INTO `i18ntext` VALUES ('27', 'en-UK', 'You need to evaluate admin.', 'You need to evaluate admin.', '9', null, null, null, null, null, null, null, null);
INSERT INTO `i18ntext` VALUES ('28', 'en-UK', 'Please perform a self-evalutation.', 'Please perform a self-evalutation.', null, null, '10', null, null, null, null, null, null);
INSERT INTO `i18ntext` VALUES ('29', 'en-UK', 'Self Evaluation', 'Self Evaluation', null, '10', null, null, null, null, null, null, null);
INSERT INTO `i18ntext` VALUES ('30', 'en-UK', 'Please perform a self-evalutation.', 'Please perform a self-evalutation.', '10', null, null, null, null, null, null, null, null);
INSERT INTO `i18ntext` VALUES ('31', 'en-UK', 'Please perform a self-evalutation.', 'Please perform a self-evalutation.', null, null, '11', null, null, null, null, null, null);
INSERT INTO `i18ntext` VALUES ('32', 'en-UK', 'Self Evaluation', 'Self Evaluation', null, '11', null, null, null, null, null, null, null);
INSERT INTO `i18ntext` VALUES ('33', 'en-UK', 'Please perform a self-evalutation.', 'Please perform a self-evalutation.', '11', null, null, null, null, null, null, null, null);
INSERT INTO `i18ntext` VALUES ('34', 'en-UK', 'You need to evaluate admin.', 'You need to evaluate admin.', null, null, '12', null, null, null, null, null, null);
INSERT INTO `i18ntext` VALUES ('35', 'en-UK', 'PM Evaluation', 'PM Evaluation', null, '12', null, null, null, null, null, null, null);
INSERT INTO `i18ntext` VALUES ('36', 'en-UK', 'You need to evaluate admin.', 'You need to evaluate admin.', '12', null, null, null, null, null, null, null, null);
INSERT INTO `i18ntext` VALUES ('37', 'en-UK', 'You need to evaluate admin.', 'You need to evaluate admin.', null, null, '13', null, null, null, null, null, null);
INSERT INTO `i18ntext` VALUES ('38', 'en-UK', 'HR Evaluation', 'HR Evaluation', null, '13', null, null, null, null, null, null, null);
INSERT INTO `i18ntext` VALUES ('39', 'en-UK', 'You need to evaluate admin.', 'You need to evaluate admin.', '13', null, null, null, null, null, null, null, null);
INSERT INTO `i18ntext` VALUES ('40', 'en-UK', '', '', null, null, '14', null, null, null, null, null, null);
INSERT INTO `i18ntext` VALUES ('41', 'en-UK', 'john', 'john', null, '14', null, null, null, null, null, null, null);
INSERT INTO `i18ntext` VALUES ('42', 'en-UK', '', '', '14', null, null, null, null, null, null, null, null);
INSERT INTO `i18ntext` VALUES ('43', 'en-UK', '', '', null, null, '15', null, null, null, null, null, null);
INSERT INTO `i18ntext` VALUES ('44', 'en-UK', 'mary', 'mary', null, '15', null, null, null, null, null, null, null);
INSERT INTO `i18ntext` VALUES ('45', 'en-UK', '', '', '15', null, null, null, null, null, null, null, null);
INSERT INTO `i18ntext` VALUES ('46', 'en-UK', '', '', null, null, '16', null, null, null, null, null, null);
INSERT INTO `i18ntext` VALUES ('47', 'en-UK', 'tmp', 'tmp', null, '16', null, null, null, null, null, null, null);
INSERT INTO `i18ntext` VALUES ('48', 'en-UK', '', '', '16', null, null, null, null, null, null, null, null);
INSERT INTO `i18ntext` VALUES ('49', 'en-UK', 'Please perform a self-evalutation.', 'Please perform a self-evalutation.', null, null, '17', null, null, null, null, null, null);
INSERT INTO `i18ntext` VALUES ('50', 'en-UK', 'Self Evaluation', 'Self Evaluation', null, '17', null, null, null, null, null, null, null);
INSERT INTO `i18ntext` VALUES ('51', 'en-UK', 'Please perform a self-evalutation.', 'Please perform a self-evalutation.', '17', null, null, null, null, null, null, null, null);
INSERT INTO `i18ntext` VALUES ('52', 'en-UK', 'You need to evaluate admin.', 'You need to evaluate admin.', null, null, '18', null, null, null, null, null, null);
INSERT INTO `i18ntext` VALUES ('53', 'en-UK', 'HR Evaluation', 'HR Evaluation', null, '18', null, null, null, null, null, null, null);
INSERT INTO `i18ntext` VALUES ('54', 'en-UK', 'You need to evaluate admin.', 'You need to evaluate admin.', '18', null, null, null, null, null, null, null, null);
INSERT INTO `i18ntext` VALUES ('55', 'en-UK', 'You need to evaluate admin.', 'You need to evaluate admin.', null, null, '19', null, null, null, null, null, null);
INSERT INTO `i18ntext` VALUES ('56', 'en-UK', 'PM Evaluation', 'PM Evaluation', null, '19', null, null, null, null, null, null, null);
INSERT INTO `i18ntext` VALUES ('57', 'en-UK', 'You need to evaluate admin.', 'You need to evaluate admin.', '19', null, null, null, null, null, null, null, null);
INSERT INTO `i18ntext` VALUES ('58', 'en-UK', 'You need to evaluate admin.', 'You need to evaluate admin.', null, null, '20', null, null, null, null, null, null);
INSERT INTO `i18ntext` VALUES ('59', 'en-UK', 'HR Evaluation', 'HR Evaluation', null, '20', null, null, null, null, null, null, null);
INSERT INTO `i18ntext` VALUES ('60', 'en-UK', 'You need to evaluate admin.', 'You need to evaluate admin.', '20', null, null, null, null, null, null, null, null);
INSERT INTO `i18ntext` VALUES ('61', 'en-UK', 'You need to evaluate admin.', 'You need to evaluate admin.', null, null, '21', null, null, null, null, null, null);
INSERT INTO `i18ntext` VALUES ('62', 'en-UK', 'PM Evaluation', 'PM Evaluation', null, '21', null, null, null, null, null, null, null);
INSERT INTO `i18ntext` VALUES ('63', 'en-UK', 'You need to evaluate admin.', 'You need to evaluate admin.', '21', null, null, null, null, null, null, null, null);
INSERT INTO `i18ntext` VALUES ('64', 'en-UK', '', '', null, null, '22', null, null, null, null, null, null);
INSERT INTO `i18ntext` VALUES ('65', 'en-UK', 'john', 'john', null, '22', null, null, null, null, null, null, null);
INSERT INTO `i18ntext` VALUES ('66', 'en-UK', '', '', '22', null, null, null, null, null, null, null, null);
INSERT INTO `i18ntext` VALUES ('67', 'en-UK', '', '', null, null, '23', null, null, null, null, null, null);
INSERT INTO `i18ntext` VALUES ('68', 'en-UK', 'mary', 'mary', null, '23', null, null, null, null, null, null, null);
INSERT INTO `i18ntext` VALUES ('69', 'en-UK', '', '', '23', null, null, null, null, null, null, null, null);
INSERT INTO `i18ntext` VALUES ('70', 'en-UK', '', '', null, null, '24', null, null, null, null, null, null);
INSERT INTO `i18ntext` VALUES ('71', 'en-UK', 'tmp', 'tmp', null, '24', null, null, null, null, null, null, null);
INSERT INTO `i18ntext` VALUES ('72', 'en-UK', '', '', '24', null, null, null, null, null, null, null, null);
INSERT INTO `i18ntext` VALUES ('73', 'en-UK', 'Please perform a self-evalutation.', 'Please perform a self-evalutation.', null, null, '25', null, null, null, null, null, null);
INSERT INTO `i18ntext` VALUES ('74', 'en-UK', 'Self Evaluation', 'Self Evaluation', null, '25', null, null, null, null, null, null, null);
INSERT INTO `i18ntext` VALUES ('75', 'en-UK', 'Please perform a self-evalutation.', 'Please perform a self-evalutation.', '25', null, null, null, null, null, null, null, null);
INSERT INTO `i18ntext` VALUES ('76', 'en-UK', 'You need to evaluate admin.', 'You need to evaluate admin.', null, null, '26', null, null, null, null, null, null);
INSERT INTO `i18ntext` VALUES ('77', 'en-UK', 'PM Evaluation', 'PM Evaluation', null, '26', null, null, null, null, null, null, null);
INSERT INTO `i18ntext` VALUES ('78', 'en-UK', 'You need to evaluate admin.', 'You need to evaluate admin.', '26', null, null, null, null, null, null, null, null);
INSERT INTO `i18ntext` VALUES ('79', 'en-UK', 'You need to evaluate admin.', 'You need to evaluate admin.', null, null, '27', null, null, null, null, null, null);
INSERT INTO `i18ntext` VALUES ('80', 'en-UK', 'HR Evaluation', 'HR Evaluation', null, '27', null, null, null, null, null, null, null);
INSERT INTO `i18ntext` VALUES ('81', 'en-UK', 'You need to evaluate admin.', 'You need to evaluate admin.', '27', null, null, null, null, null, null, null, null);
INSERT INTO `i18ntext` VALUES ('82', 'en-UK', '', '', null, null, '28', null, null, null, null, null, null);
INSERT INTO `i18ntext` VALUES ('83', 'en-UK', 'john', 'john', null, '28', null, null, null, null, null, null, null);
INSERT INTO `i18ntext` VALUES ('84', 'en-UK', '', '', '28', null, null, null, null, null, null, null, null);
INSERT INTO `i18ntext` VALUES ('85', 'en-UK', '', '', null, null, '29', null, null, null, null, null, null);
INSERT INTO `i18ntext` VALUES ('86', 'en-UK', 'mary', 'mary', null, '29', null, null, null, null, null, null, null);
INSERT INTO `i18ntext` VALUES ('87', 'en-UK', '', '', '29', null, null, null, null, null, null, null, null);
INSERT INTO `i18ntext` VALUES ('88', 'en-UK', '', '', null, null, '30', null, null, null, null, null, null);
INSERT INTO `i18ntext` VALUES ('89', 'en-UK', 'tmp', 'tmp', null, '30', null, null, null, null, null, null, null);
INSERT INTO `i18ntext` VALUES ('90', 'en-UK', '', '', '30', null, null, null, null, null, null, null, null);
INSERT INTO `i18ntext` VALUES ('91', 'en-UK', 'Please perform a self-evalutation.', 'Please perform a self-evalutation.', null, null, '31', null, null, null, null, null, null);
INSERT INTO `i18ntext` VALUES ('92', 'en-UK', 'Self Evaluation', 'Self Evaluation', null, '31', null, null, null, null, null, null, null);
INSERT INTO `i18ntext` VALUES ('93', 'en-UK', 'Please perform a self-evalutation.', 'Please perform a self-evalutation.', '31', null, null, null, null, null, null, null, null);
INSERT INTO `i18ntext` VALUES ('94', 'en-UK', 'You need to evaluate admin.', 'You need to evaluate admin.', null, null, '32', null, null, null, null, null, null);
INSERT INTO `i18ntext` VALUES ('95', 'en-UK', 'PM Evaluation', 'PM Evaluation', null, '32', null, null, null, null, null, null, null);
INSERT INTO `i18ntext` VALUES ('96', 'en-UK', 'You need to evaluate admin.', 'You need to evaluate admin.', '32', null, null, null, null, null, null, null, null);
INSERT INTO `i18ntext` VALUES ('97', 'en-UK', 'You need to evaluate admin.', 'You need to evaluate admin.', null, null, '33', null, null, null, null, null, null);
INSERT INTO `i18ntext` VALUES ('98', 'en-UK', 'HR Evaluation', 'HR Evaluation', null, '33', null, null, null, null, null, null, null);
INSERT INTO `i18ntext` VALUES ('99', 'en-UK', 'You need to evaluate admin.', 'You need to evaluate admin.', '33', null, null, null, null, null, null, null, null);
INSERT INTO `i18ntext` VALUES ('100', 'en-UK', 'Please perform a self-evalutation.', 'Please perform a self-evalutation.', null, null, '34', null, null, null, null, null, null);
INSERT INTO `i18ntext` VALUES ('101', 'en-UK', 'Self Evaluation', 'Self Evaluation', null, '34', null, null, null, null, null, null, null);
INSERT INTO `i18ntext` VALUES ('102', 'en-UK', 'Please perform a self-evalutation.', 'Please perform a self-evalutation.', '34', null, null, null, null, null, null, null, null);
INSERT INTO `i18ntext` VALUES ('103', 'en-UK', 'You need to evaluate admin.', 'You need to evaluate admin.', null, null, '35', null, null, null, null, null, null);
INSERT INTO `i18ntext` VALUES ('104', 'en-UK', 'PM Evaluation', 'PM Evaluation', null, '35', null, null, null, null, null, null, null);
INSERT INTO `i18ntext` VALUES ('105', 'en-UK', 'You need to evaluate admin.', 'You need to evaluate admin.', '35', null, null, null, null, null, null, null, null);
INSERT INTO `i18ntext` VALUES ('106', 'en-UK', 'You need to evaluate admin.', 'You need to evaluate admin.', null, null, '36', null, null, null, null, null, null);
INSERT INTO `i18ntext` VALUES ('107', 'en-UK', 'HR Evaluation', 'HR Evaluation', null, '36', null, null, null, null, null, null, null);
INSERT INTO `i18ntext` VALUES ('108', 'en-UK', 'You need to evaluate admin.', 'You need to evaluate admin.', '36', null, null, null, null, null, null, null, null);
INSERT INTO `i18ntext` VALUES ('109', 'en-UK', 'Please perform a self-evalutation.', 'Please perform a self-evalutation.', null, null, '37', null, null, null, null, null, null);
INSERT INTO `i18ntext` VALUES ('110', 'en-UK', 'Self Evaluation', 'Self Evaluation', null, '37', null, null, null, null, null, null, null);
INSERT INTO `i18ntext` VALUES ('111', 'en-UK', 'Please perform a self-evalutation.', 'Please perform a self-evalutation.', '37', null, null, null, null, null, null, null, null);
INSERT INTO `i18ntext` VALUES ('112', 'en-UK', 'You need to evaluate admin.', 'You need to evaluate admin.', null, null, '38', null, null, null, null, null, null);
INSERT INTO `i18ntext` VALUES ('113', 'en-UK', 'PM Evaluation', 'PM Evaluation', null, '38', null, null, null, null, null, null, null);
INSERT INTO `i18ntext` VALUES ('114', 'en-UK', 'You need to evaluate admin.', 'You need to evaluate admin.', '38', null, null, null, null, null, null, null, null);
INSERT INTO `i18ntext` VALUES ('115', 'en-UK', 'You need to evaluate admin.', 'You need to evaluate admin.', null, null, '39', null, null, null, null, null, null);
INSERT INTO `i18ntext` VALUES ('116', 'en-UK', 'HR Evaluation', 'HR Evaluation', null, '39', null, null, null, null, null, null, null);
INSERT INTO `i18ntext` VALUES ('117', 'en-UK', 'You need to evaluate admin.', 'You need to evaluate admin.', '39', null, null, null, null, null, null, null, null);
INSERT INTO `i18ntext` VALUES ('118', 'en-UK', 'Please perform a self-evalutation.', 'Please perform a self-evalutation.', null, null, '40', null, null, null, null, null, null);
INSERT INTO `i18ntext` VALUES ('119', 'en-UK', 'Self Evaluation', 'Self Evaluation', null, '40', null, null, null, null, null, null, null);
INSERT INTO `i18ntext` VALUES ('120', 'en-UK', 'Please perform a self-evalutation.', 'Please perform a self-evalutation.', '40', null, null, null, null, null, null, null, null);
INSERT INTO `i18ntext` VALUES ('121', 'en-UK', 'You need to evaluate admin.', 'You need to evaluate admin.', null, null, '41', null, null, null, null, null, null);
INSERT INTO `i18ntext` VALUES ('122', 'en-UK', 'PM Evaluation', 'PM Evaluation', null, '41', null, null, null, null, null, null, null);
INSERT INTO `i18ntext` VALUES ('123', 'en-UK', 'You need to evaluate admin.', 'You need to evaluate admin.', '41', null, null, null, null, null, null, null, null);
INSERT INTO `i18ntext` VALUES ('124', 'en-UK', 'You need to evaluate admin.', 'You need to evaluate admin.', null, null, '42', null, null, null, null, null, null);
INSERT INTO `i18ntext` VALUES ('125', 'en-UK', 'HR Evaluation', 'HR Evaluation', null, '42', null, null, null, null, null, null, null);
INSERT INTO `i18ntext` VALUES ('126', 'en-UK', 'You need to evaluate admin.', 'You need to evaluate admin.', '42', null, null, null, null, null, null, null, null);
INSERT INTO `i18ntext` VALUES ('127', 'en-UK', 'Please perform a self-evalutation.', 'Please perform a self-evalutation.', null, null, '43', null, null, null, null, null, null);
INSERT INTO `i18ntext` VALUES ('128', 'en-UK', 'Self Evaluation', 'Self Evaluation', null, '43', null, null, null, null, null, null, null);
INSERT INTO `i18ntext` VALUES ('129', 'en-UK', 'Please perform a self-evalutation.', 'Please perform a self-evalutation.', '43', null, null, null, null, null, null, null, null);
INSERT INTO `i18ntext` VALUES ('130', 'en-UK', 'Please perform a self-evalutation.', 'Please perform a self-evalutation.', null, null, '44', null, null, null, null, null, null);
INSERT INTO `i18ntext` VALUES ('131', 'en-UK', 'Self Evaluation', 'Self Evaluation', null, '44', null, null, null, null, null, null, null);
INSERT INTO `i18ntext` VALUES ('132', 'en-UK', 'Please perform a self-evalutation.', 'Please perform a self-evalutation.', '44', null, null, null, null, null, null, null, null);
INSERT INTO `i18ntext` VALUES ('133', 'en-UK', 'You need to evaluate tmp.', 'You need to evaluate tmp.', null, null, '45', null, null, null, null, null, null);
INSERT INTO `i18ntext` VALUES ('134', 'en-UK', 'HR Evaluation', 'HR Evaluation', null, '45', null, null, null, null, null, null, null);
INSERT INTO `i18ntext` VALUES ('135', 'en-UK', 'You need to evaluate tmp.', 'You need to evaluate tmp.', '45', null, null, null, null, null, null, null, null);
INSERT INTO `i18ntext` VALUES ('136', 'en-UK', 'You need to evaluate tmp.', 'You need to evaluate tmp.', null, null, '46', null, null, null, null, null, null);
INSERT INTO `i18ntext` VALUES ('137', 'en-UK', 'PM Evaluation', 'PM Evaluation', null, '46', null, null, null, null, null, null, null);
INSERT INTO `i18ntext` VALUES ('138', 'en-UK', 'You need to evaluate tmp.', 'You need to evaluate tmp.', '46', null, null, null, null, null, null, null, null);
INSERT INTO `i18ntext` VALUES ('139', 'en-UK', 'Please perform a self-evalutation.', 'Please perform a self-evalutation.', null, null, '47', null, null, null, null, null, null);
INSERT INTO `i18ntext` VALUES ('140', 'en-UK', 'Self Evaluation', 'Self Evaluation', null, '47', null, null, null, null, null, null, null);
INSERT INTO `i18ntext` VALUES ('141', 'en-UK', 'Please perform a self-evalutation.', 'Please perform a self-evalutation.', '47', null, null, null, null, null, null, null, null);
INSERT INTO `i18ntext` VALUES ('142', 'en-UK', 'You need to evaluate tmp.', 'You need to evaluate tmp.', null, null, '48', null, null, null, null, null, null);
INSERT INTO `i18ntext` VALUES ('143', 'en-UK', 'HR Evaluation', 'HR Evaluation', null, '48', null, null, null, null, null, null, null);
INSERT INTO `i18ntext` VALUES ('144', 'en-UK', 'You need to evaluate tmp.', 'You need to evaluate tmp.', '48', null, null, null, null, null, null, null, null);
INSERT INTO `i18ntext` VALUES ('145', 'en-UK', 'You need to evaluate tmp.', 'You need to evaluate tmp.', null, null, '49', null, null, null, null, null, null);
INSERT INTO `i18ntext` VALUES ('146', 'en-UK', 'PM Evaluation', 'PM Evaluation', null, '49', null, null, null, null, null, null, null);
INSERT INTO `i18ntext` VALUES ('147', 'en-UK', 'You need to evaluate tmp.', 'You need to evaluate tmp.', '49', null, null, null, null, null, null, null, null);
INSERT INTO `i18ntext` VALUES ('148', 'en-UK', '', '', null, null, '50', null, null, null, null, null, null);
INSERT INTO `i18ntext` VALUES ('149', 'en-UK', 'john', 'john', null, '50', null, null, null, null, null, null, null);
INSERT INTO `i18ntext` VALUES ('150', 'en-UK', '', '', '50', null, null, null, null, null, null, null, null);
INSERT INTO `i18ntext` VALUES ('151', 'en-UK', '', '', null, null, '51', null, null, null, null, null, null);
INSERT INTO `i18ntext` VALUES ('152', 'en-UK', 'mary', 'mary', null, '51', null, null, null, null, null, null, null);
INSERT INTO `i18ntext` VALUES ('153', 'en-UK', '', '', '51', null, null, null, null, null, null, null, null);
INSERT INTO `i18ntext` VALUES ('154', 'en-UK', '', '', null, null, '52', null, null, null, null, null, null);
INSERT INTO `i18ntext` VALUES ('155', 'en-UK', 'tmp', 'tmp', null, '52', null, null, null, null, null, null, null);
INSERT INTO `i18ntext` VALUES ('156', 'en-UK', '', '', '52', null, null, null, null, null, null, null, null);

-- ----------------------------
-- Table structure for nodeinstancelog
-- ----------------------------
DROP TABLE IF EXISTS `nodeinstancelog`;
CREATE TABLE `nodeinstancelog` (
  `id` bigint(20) NOT NULL AUTO_INCREMENT,
  `connection` varchar(255) DEFAULT NULL,
  `log_date` datetime DEFAULT NULL,
  `externalId` varchar(255) DEFAULT NULL,
  `nodeContainerId` varchar(255) DEFAULT NULL,
  `nodeId` varchar(255) DEFAULT NULL,
  `nodeInstanceId` varchar(255) DEFAULT NULL,
  `nodeName` varchar(255) DEFAULT NULL,
  `nodeType` varchar(255) DEFAULT NULL,
  `processId` varchar(255) DEFAULT NULL,
  `processInstanceId` bigint(20) NOT NULL,
  `referenceId` bigint(20) DEFAULT NULL,
  `slaCompliance` int(11) DEFAULT NULL,
  `sla_due_date` datetime DEFAULT NULL,
  `type` int(11) NOT NULL,
  `workItemId` bigint(20) DEFAULT NULL,
  PRIMARY KEY (`id`)
) ENGINE=InnoDB AUTO_INCREMENT=233 DEFAULT CHARSET=utf8;

-- ----------------------------
-- Records of nodeinstancelog
-- ----------------------------
INSERT INTO `nodeinstancelog` VALUES ('1', null, '2018-05-11 21:33:07', 'org.default:artifact:1.0.0-SNAPSHOT', null, 'processStartEvent', '0', '', 'StartNode', 'hello', '1', null, '0', null, '0', null);
INSERT INTO `nodeinstancelog` VALUES ('2', '_C9C0EC8D-C7A0-41F2-93B3-6F2ABAEB7DC0', '2018-05-11 21:33:07', 'org.default:artifact:1.0.0-SNAPSHOT', null, '_0A45E45C-4A0A-4B07-8294-77D83C03192D', '1', 'Say Hello Script', 'ActionNode', 'hello', '1', null, '0', null, '0', null);
INSERT INTO `nodeinstancelog` VALUES ('3', '_D2280467-75FE-4301-A426-E891BDA26B9E', '2018-05-11 21:33:07', 'org.default:artifact:1.0.0-SNAPSHOT', null, '_6B40DCEA-5374-46E7-9839-8F74DBDDBB13', '2', '', 'EndNode', 'hello', '1', null, '0', null, '0', null);
INSERT INTO `nodeinstancelog` VALUES ('4', null, '2018-05-11 21:33:07', 'org.default:artifact:1.0.0-SNAPSHOT', null, '_6B40DCEA-5374-46E7-9839-8F74DBDDBB13', '2', '', 'EndNode', 'hello', '1', null, '0', null, '1', null);
INSERT INTO `nodeinstancelog` VALUES ('5', '_D2280467-75FE-4301-A426-E891BDA26B9E', '2018-05-11 21:33:07', 'org.default:artifact:1.0.0-SNAPSHOT', null, '_0A45E45C-4A0A-4B07-8294-77D83C03192D', '1', 'Say Hello Script', 'ActionNode', 'hello', '1', null, '0', null, '1', null);
INSERT INTO `nodeinstancelog` VALUES ('6', '_C9C0EC8D-C7A0-41F2-93B3-6F2ABAEB7DC0', '2018-05-11 21:33:07', 'org.default:artifact:1.0.0-SNAPSHOT', null, 'processStartEvent', '0', '', 'StartNode', 'hello', '1', null, '0', null, '1', null);
INSERT INTO `nodeinstancelog` VALUES ('7', null, '2018-05-12 19:08:03', 'org.default:artifact:1.0.0-SNAPSHOT', null, 'processStartEvent', '0', '', 'StartNode', 'hello', '2', null, '0', null, '0', null);
INSERT INTO `nodeinstancelog` VALUES ('8', '_C9C0EC8D-C7A0-41F2-93B3-6F2ABAEB7DC0', '2018-05-12 19:08:03', 'org.default:artifact:1.0.0-SNAPSHOT', null, '_0A45E45C-4A0A-4B07-8294-77D83C03192D', '1', 'Say Hello Script', 'ActionNode', 'hello', '2', null, '0', null, '0', null);
INSERT INTO `nodeinstancelog` VALUES ('9', '_D2280467-75FE-4301-A426-E891BDA26B9E', '2018-05-12 19:08:03', 'org.default:artifact:1.0.0-SNAPSHOT', null, '_6B40DCEA-5374-46E7-9839-8F74DBDDBB13', '2', '', 'EndNode', 'hello', '2', null, '0', null, '0', null);
INSERT INTO `nodeinstancelog` VALUES ('10', null, '2018-05-12 19:08:03', 'org.default:artifact:1.0.0-SNAPSHOT', null, '_6B40DCEA-5374-46E7-9839-8F74DBDDBB13', '2', '', 'EndNode', 'hello', '2', null, '0', null, '1', null);
INSERT INTO `nodeinstancelog` VALUES ('11', '_D2280467-75FE-4301-A426-E891BDA26B9E', '2018-05-12 19:08:03', 'org.default:artifact:1.0.0-SNAPSHOT', null, '_0A45E45C-4A0A-4B07-8294-77D83C03192D', '1', 'Say Hello Script', 'ActionNode', 'hello', '2', null, '0', null, '1', null);
INSERT INTO `nodeinstancelog` VALUES ('12', '_C9C0EC8D-C7A0-41F2-93B3-6F2ABAEB7DC0', '2018-05-12 19:08:03', 'org.default:artifact:1.0.0-SNAPSHOT', null, 'processStartEvent', '0', '', 'StartNode', 'hello', '2', null, '0', null, '1', null);
INSERT INTO `nodeinstancelog` VALUES ('13', null, '2018-05-12 20:04:45', 'org.default:artifact:1.0.0-SNAPSHOT', null, 'processStartEvent', '0', '', 'StartNode', 'hello', '3', null, '0', null, '0', null);
INSERT INTO `nodeinstancelog` VALUES ('14', '_C9C0EC8D-C7A0-41F2-93B3-6F2ABAEB7DC0', '2018-05-12 20:04:46', 'org.default:artifact:1.0.0-SNAPSHOT', null, '_0A45E45C-4A0A-4B07-8294-77D83C03192D', '1', 'Say Hello Script', 'ActionNode', 'hello', '3', null, '0', null, '0', null);
INSERT INTO `nodeinstancelog` VALUES ('15', '_D2280467-75FE-4301-A426-E891BDA26B9E', '2018-05-12 20:04:46', 'org.default:artifact:1.0.0-SNAPSHOT', null, '_6B40DCEA-5374-46E7-9839-8F74DBDDBB13', '2', '', 'EndNode', 'hello', '3', null, '0', null, '0', null);
INSERT INTO `nodeinstancelog` VALUES ('16', null, '2018-05-12 20:04:46', 'org.default:artifact:1.0.0-SNAPSHOT', null, '_6B40DCEA-5374-46E7-9839-8F74DBDDBB13', '2', '', 'EndNode', 'hello', '3', null, '0', null, '1', null);
INSERT INTO `nodeinstancelog` VALUES ('17', '_D2280467-75FE-4301-A426-E891BDA26B9E', '2018-05-12 20:04:46', 'org.default:artifact:1.0.0-SNAPSHOT', null, '_0A45E45C-4A0A-4B07-8294-77D83C03192D', '1', 'Say Hello Script', 'ActionNode', 'hello', '3', null, '0', null, '1', null);
INSERT INTO `nodeinstancelog` VALUES ('18', '_C9C0EC8D-C7A0-41F2-93B3-6F2ABAEB7DC0', '2018-05-12 20:04:46', 'org.default:artifact:1.0.0-SNAPSHOT', null, 'processStartEvent', '0', '', 'StartNode', 'hello', '3', null, '0', null, '1', null);
INSERT INTO `nodeinstancelog` VALUES ('19', null, '2018-05-12 20:23:38', 'org.default:artifact:1.0.0-SNAPSHOT', null, 'processStartEvent', '0', '', 'StartNode', 'hello', '4', null, '0', null, '0', null);
INSERT INTO `nodeinstancelog` VALUES ('20', '_C9C0EC8D-C7A0-41F2-93B3-6F2ABAEB7DC0', '2018-05-12 20:23:38', 'org.default:artifact:1.0.0-SNAPSHOT', null, '_0A45E45C-4A0A-4B07-8294-77D83C03192D', '1', 'Say Hello Script', 'ActionNode', 'hello', '4', null, '0', null, '0', null);
INSERT INTO `nodeinstancelog` VALUES ('21', '_D2280467-75FE-4301-A426-E891BDA26B9E', '2018-05-12 20:23:38', 'org.default:artifact:1.0.0-SNAPSHOT', null, '_6B40DCEA-5374-46E7-9839-8F74DBDDBB13', '2', '', 'EndNode', 'hello', '4', null, '0', null, '0', null);
INSERT INTO `nodeinstancelog` VALUES ('22', null, '2018-05-12 20:23:38', 'org.default:artifact:1.0.0-SNAPSHOT', null, '_6B40DCEA-5374-46E7-9839-8F74DBDDBB13', '2', '', 'EndNode', 'hello', '4', null, '0', null, '1', null);
INSERT INTO `nodeinstancelog` VALUES ('23', '_D2280467-75FE-4301-A426-E891BDA26B9E', '2018-05-12 20:23:38', 'org.default:artifact:1.0.0-SNAPSHOT', null, '_0A45E45C-4A0A-4B07-8294-77D83C03192D', '1', 'Say Hello Script', 'ActionNode', 'hello', '4', null, '0', null, '1', null);
INSERT INTO `nodeinstancelog` VALUES ('24', '_C9C0EC8D-C7A0-41F2-93B3-6F2ABAEB7DC0', '2018-05-12 20:23:38', 'org.default:artifact:1.0.0-SNAPSHOT', null, 'processStartEvent', '0', '', 'StartNode', 'hello', '4', null, '0', null, '1', null);
INSERT INTO `nodeinstancelog` VALUES ('25', null, '2018-05-12 20:32:01', 'org.default:artifact:1.0.0-SNAPSHOT', null, 'processStartEvent', '0', '', 'StartNode', 'hello', '5', null, '0', null, '0', null);
INSERT INTO `nodeinstancelog` VALUES ('26', '_C9C0EC8D-C7A0-41F2-93B3-6F2ABAEB7DC0', '2018-05-12 20:32:01', 'org.default:artifact:1.0.0-SNAPSHOT', null, '_0A45E45C-4A0A-4B07-8294-77D83C03192D', '1', 'Say Hello Script', 'ActionNode', 'hello', '5', null, '0', null, '0', null);
INSERT INTO `nodeinstancelog` VALUES ('27', '_D2280467-75FE-4301-A426-E891BDA26B9E', '2018-05-12 20:32:01', 'org.default:artifact:1.0.0-SNAPSHOT', null, '_6B40DCEA-5374-46E7-9839-8F74DBDDBB13', '2', '', 'EndNode', 'hello', '5', null, '0', null, '0', null);
INSERT INTO `nodeinstancelog` VALUES ('28', null, '2018-05-12 20:32:01', 'org.default:artifact:1.0.0-SNAPSHOT', null, '_6B40DCEA-5374-46E7-9839-8F74DBDDBB13', '2', '', 'EndNode', 'hello', '5', null, '0', null, '1', null);
INSERT INTO `nodeinstancelog` VALUES ('29', '_D2280467-75FE-4301-A426-E891BDA26B9E', '2018-05-12 20:32:01', 'org.default:artifact:1.0.0-SNAPSHOT', null, '_0A45E45C-4A0A-4B07-8294-77D83C03192D', '1', 'Say Hello Script', 'ActionNode', 'hello', '5', null, '0', null, '1', null);
INSERT INTO `nodeinstancelog` VALUES ('30', '_C9C0EC8D-C7A0-41F2-93B3-6F2ABAEB7DC0', '2018-05-12 20:32:01', 'org.default:artifact:1.0.0-SNAPSHOT', null, 'processStartEvent', '0', '', 'StartNode', 'hello', '5', null, '0', null, '1', null);
INSERT INTO `nodeinstancelog` VALUES ('31', null, '2018-05-12 20:34:04', 'org.default:artifact:1.0.0-SNAPSHOT', null, 'processStartEvent', '0', '', 'StartNode', 'hello', '6', null, '0', null, '0', null);
INSERT INTO `nodeinstancelog` VALUES ('32', '_C9C0EC8D-C7A0-41F2-93B3-6F2ABAEB7DC0', '2018-05-12 20:34:04', 'org.default:artifact:1.0.0-SNAPSHOT', null, '_0A45E45C-4A0A-4B07-8294-77D83C03192D', '1', 'Say Hello Script', 'ActionNode', 'hello', '6', null, '0', null, '0', null);
INSERT INTO `nodeinstancelog` VALUES ('33', '_D2280467-75FE-4301-A426-E891BDA26B9E', '2018-05-12 20:34:04', 'org.default:artifact:1.0.0-SNAPSHOT', null, '_6B40DCEA-5374-46E7-9839-8F74DBDDBB13', '2', '', 'EndNode', 'hello', '6', null, '0', null, '0', null);
INSERT INTO `nodeinstancelog` VALUES ('34', null, '2018-05-12 20:34:04', 'org.default:artifact:1.0.0-SNAPSHOT', null, '_6B40DCEA-5374-46E7-9839-8F74DBDDBB13', '2', '', 'EndNode', 'hello', '6', null, '0', null, '1', null);
INSERT INTO `nodeinstancelog` VALUES ('35', '_D2280467-75FE-4301-A426-E891BDA26B9E', '2018-05-12 20:34:04', 'org.default:artifact:1.0.0-SNAPSHOT', null, '_0A45E45C-4A0A-4B07-8294-77D83C03192D', '1', 'Say Hello Script', 'ActionNode', 'hello', '6', null, '0', null, '1', null);
INSERT INTO `nodeinstancelog` VALUES ('36', '_C9C0EC8D-C7A0-41F2-93B3-6F2ABAEB7DC0', '2018-05-12 20:34:04', 'org.default:artifact:1.0.0-SNAPSHOT', null, 'processStartEvent', '0', '', 'StartNode', 'hello', '6', null, '0', null, '1', null);
INSERT INTO `nodeinstancelog` VALUES ('37', null, '2018-05-13 05:54:06', 'org.default:artifact:1.0.0-SNAPSHOT', null, '_1', '0', 'Start', 'StartNode', 'org.jbpm.examples.checklist.sample1', '7', null, '0', null, '0', null);
INSERT INTO `nodeinstancelog` VALUES ('38', '_1-_2', '2018-05-13 05:54:06', 'org.default:artifact:1.0.0-SNAPSHOT', null, '_2', '1', 'Task1', 'HumanTaskNode', 'org.jbpm.examples.checklist.sample1', '7', null, '0', null, '0', '1');
INSERT INTO `nodeinstancelog` VALUES ('39', '_1-_2', '2018-05-13 05:54:08', 'org.default:artifact:1.0.0-SNAPSHOT', null, '_1', '0', 'Start', 'StartNode', 'org.jbpm.examples.checklist.sample1', '7', null, '0', null, '1', null);
INSERT INTO `nodeinstancelog` VALUES ('40', null, '2018-05-13 05:56:32', 'org.default:artifact:1.0.0-SNAPSHOT', null, '_1', '0', 'Start', 'StartNode', 'com.sample.evaluation', '8', null, '0', null, '0', null);
INSERT INTO `nodeinstancelog` VALUES ('41', '_1-_2', '2018-05-13 05:56:32', 'org.default:artifact:1.0.0-SNAPSHOT', null, '_2', '1', 'Self Evaluation', 'HumanTaskNode', 'com.sample.evaluation', '8', null, '0', null, '0', '2');
INSERT INTO `nodeinstancelog` VALUES ('42', '_1-_2', '2018-05-13 05:56:32', 'org.default:artifact:1.0.0-SNAPSHOT', null, '_1', '0', 'Start', 'StartNode', 'com.sample.evaluation', '8', null, '0', null, '1', null);
INSERT INTO `nodeinstancelog` VALUES ('43', null, '2018-05-13 06:31:05', 'org.default:artifact:1.0.0-SNAPSHOT', null, '_1', '0', 'Start', 'StartNode', 'com.sample.evaluation', '9', null, '0', null, '0', null);
INSERT INTO `nodeinstancelog` VALUES ('44', '_1-_2', '2018-05-13 06:31:05', 'org.default:artifact:1.0.0-SNAPSHOT', null, '_2', '1', 'Self Evaluation', 'HumanTaskNode', 'com.sample.evaluation', '9', null, '0', null, '0', '3');
INSERT INTO `nodeinstancelog` VALUES ('45', '_1-_2', '2018-05-13 06:31:06', 'org.default:artifact:1.0.0-SNAPSHOT', null, '_1', '0', 'Start', 'StartNode', 'com.sample.evaluation', '9', null, '0', null, '1', null);
INSERT INTO `nodeinstancelog` VALUES ('46', null, '2018-05-13 06:42:27', 'org.default:artifact:1.0.0-SNAPSHOT', null, '_1', '0', 'Start', 'StartNode', 'org.jbpm.examples.checklist.sample1', '10', null, '0', null, '0', null);
INSERT INTO `nodeinstancelog` VALUES ('47', '_1-_2', '2018-05-13 06:42:27', 'org.default:artifact:1.0.0-SNAPSHOT', null, '_2', '1', 'Task1', 'HumanTaskNode', 'org.jbpm.examples.checklist.sample1', '10', null, '0', null, '0', '4');
INSERT INTO `nodeinstancelog` VALUES ('48', '_1-_2', '2018-05-13 06:42:28', 'org.default:artifact:1.0.0-SNAPSHOT', null, '_1', '0', 'Start', 'StartNode', 'org.jbpm.examples.checklist.sample1', '10', null, '0', null, '1', null);
INSERT INTO `nodeinstancelog` VALUES ('49', null, '2018-05-13 09:16:56', 'org.default:artifact:1.0.0-SNAPSHOT', null, '_1', '0', 'Start', 'StartNode', 'com.sample.evaluation', '11', null, '0', null, '0', null);
INSERT INTO `nodeinstancelog` VALUES ('50', '_1-_2', '2018-05-13 09:16:56', 'org.default:artifact:1.0.0-SNAPSHOT', null, '_2', '1', 'Self Evaluation', 'HumanTaskNode', 'com.sample.evaluation', '11', null, '0', null, '0', '5');
INSERT INTO `nodeinstancelog` VALUES ('51', '_1-_2', '2018-05-13 09:16:56', 'org.default:artifact:1.0.0-SNAPSHOT', null, '_1', '0', 'Start', 'StartNode', 'com.sample.evaluation', '11', null, '0', null, '1', null);
INSERT INTO `nodeinstancelog` VALUES ('52', null, '2018-05-13 09:43:23', 'org.default:artifact:1.0.0-SNAPSHOT', null, '_1', '0', 'Start', 'StartNode', 'com.sample.evaluation', '12', null, '0', null, '0', null);
INSERT INTO `nodeinstancelog` VALUES ('53', '_1-_2', '2018-05-13 09:43:23', 'org.default:artifact:1.0.0-SNAPSHOT', null, '_2', '1', 'Self Evaluation', 'HumanTaskNode', 'com.sample.evaluation', '12', null, '0', null, '0', '6');
INSERT INTO `nodeinstancelog` VALUES ('54', '_1-_2', '2018-05-13 09:43:24', 'org.default:artifact:1.0.0-SNAPSHOT', null, '_1', '0', 'Start', 'StartNode', 'com.sample.evaluation', '12', null, '0', null, '1', null);
INSERT INTO `nodeinstancelog` VALUES ('55', null, '2018-05-13 10:00:31', 'org.default:artifact:1.0.0-SNAPSHOT', null, '_1', '0', 'Start', 'StartNode', 'com.sample.evaluation', '13', null, '0', null, '0', null);
INSERT INTO `nodeinstancelog` VALUES ('56', '_1-_2', '2018-05-13 10:00:31', 'org.default:artifact:1.0.0-SNAPSHOT', null, '_2', '1', 'Self Evaluation', 'HumanTaskNode', 'com.sample.evaluation', '13', null, '0', null, '0', '7');
INSERT INTO `nodeinstancelog` VALUES ('57', '_1-_2', '2018-05-13 10:00:32', 'org.default:artifact:1.0.0-SNAPSHOT', null, '_1', '0', 'Start', 'StartNode', 'com.sample.evaluation', '13', null, '0', null, '1', null);
INSERT INTO `nodeinstancelog` VALUES ('58', '_2-_5', '2018-05-13 11:34:39', 'org.default:artifact:1.0.0-SNAPSHOT', null, '_5', '2', 'Gateway', 'Split', 'com.sample.evaluation', '13', null, '0', null, '0', null);
INSERT INTO `nodeinstancelog` VALUES ('59', '_5-_3', '2018-05-13 11:34:39', 'org.default:artifact:1.0.0-SNAPSHOT', null, '_3', '3', 'PM Evaluation', 'HumanTaskNode', 'com.sample.evaluation', '13', null, '0', null, '0', '8');
INSERT INTO `nodeinstancelog` VALUES ('60', '_5-_3', '2018-05-13 11:34:39', 'org.default:artifact:1.0.0-SNAPSHOT', null, '_5', '2', 'Gateway', 'Split', 'com.sample.evaluation', '13', null, '0', null, '1', null);
INSERT INTO `nodeinstancelog` VALUES ('61', '_5-_4', '2018-05-13 11:34:39', 'org.default:artifact:1.0.0-SNAPSHOT', null, '_4', '4', 'HR Evaluation', 'HumanTaskNode', 'com.sample.evaluation', '13', null, '0', null, '0', '9');
INSERT INTO `nodeinstancelog` VALUES ('62', '_5-_4', '2018-05-13 11:34:39', 'org.default:artifact:1.0.0-SNAPSHOT', null, '_5', '2', 'Gateway', 'Split', 'com.sample.evaluation', '13', null, '0', null, '1', null);
INSERT INTO `nodeinstancelog` VALUES ('63', '_2-_5', '2018-05-13 11:34:39', 'org.default:artifact:1.0.0-SNAPSHOT', null, '_2', '1', 'Self Evaluation', 'HumanTaskNode', 'com.sample.evaluation', '13', null, '0', null, '1', '7');
INSERT INTO `nodeinstancelog` VALUES ('64', null, '2018-05-13 12:10:46', 'org.default:artifact:1.0.0-SNAPSHOT', null, '_1', '0', 'Start', 'StartNode', 'com.sample.evaluation', '14', null, '0', null, '0', null);
INSERT INTO `nodeinstancelog` VALUES ('65', '_1-_2', '2018-05-13 12:10:46', 'org.default:artifact:1.0.0-SNAPSHOT', null, '_2', '1', 'Self Evaluation', 'HumanTaskNode', 'com.sample.evaluation', '14', null, '0', null, '0', '10');
INSERT INTO `nodeinstancelog` VALUES ('66', '_1-_2', '2018-05-13 12:10:47', 'org.default:artifact:1.0.0-SNAPSHOT', null, '_1', '0', 'Start', 'StartNode', 'com.sample.evaluation', '14', null, '0', null, '1', null);
INSERT INTO `nodeinstancelog` VALUES ('67', null, '2018-05-13 12:47:12', 'org.default:artifact:1.0.0-SNAPSHOT', null, '_1', '0', 'Start', 'StartNode', 'com.sample.evaluation', '15', null, '0', null, '0', null);
INSERT INTO `nodeinstancelog` VALUES ('68', '_1-_2', '2018-05-13 12:47:12', 'org.default:artifact:1.0.0-SNAPSHOT', null, '_2', '1', 'Self Evaluation', 'HumanTaskNode', 'com.sample.evaluation', '15', null, '0', null, '0', '11');
INSERT INTO `nodeinstancelog` VALUES ('69', '_1-_2', '2018-05-13 12:47:13', 'org.default:artifact:1.0.0-SNAPSHOT', null, '_1', '0', 'Start', 'StartNode', 'com.sample.evaluation', '15', null, '0', null, '1', null);
INSERT INTO `nodeinstancelog` VALUES ('70', '_2-_5', '2018-05-13 12:53:38', 'org.default:artifact:1.0.0-SNAPSHOT', null, '_5', '2', 'Gateway', 'Split', 'com.sample.evaluation', '15', null, '0', null, '0', null);
INSERT INTO `nodeinstancelog` VALUES ('71', '_5-_3', '2018-05-13 12:53:38', 'org.default:artifact:1.0.0-SNAPSHOT', null, '_3', '3', 'PM Evaluation', 'HumanTaskNode', 'com.sample.evaluation', '15', null, '0', null, '0', '12');
INSERT INTO `nodeinstancelog` VALUES ('72', '_5-_3', '2018-05-13 12:53:39', 'org.default:artifact:1.0.0-SNAPSHOT', null, '_5', '2', 'Gateway', 'Split', 'com.sample.evaluation', '15', null, '0', null, '1', null);
INSERT INTO `nodeinstancelog` VALUES ('73', '_5-_4', '2018-05-13 12:53:39', 'org.default:artifact:1.0.0-SNAPSHOT', null, '_4', '4', 'HR Evaluation', 'HumanTaskNode', 'com.sample.evaluation', '15', null, '0', null, '0', '13');
INSERT INTO `nodeinstancelog` VALUES ('74', '_5-_4', '2018-05-13 12:53:39', 'org.default:artifact:1.0.0-SNAPSHOT', null, '_5', '2', 'Gateway', 'Split', 'com.sample.evaluation', '15', null, '0', null, '1', null);
INSERT INTO `nodeinstancelog` VALUES ('75', '_2-_5', '2018-05-13 12:53:39', 'org.default:artifact:1.0.0-SNAPSHOT', null, '_2', '1', 'Self Evaluation', 'HumanTaskNode', 'com.sample.evaluation', '15', null, '0', null, '1', '11');
INSERT INTO `nodeinstancelog` VALUES ('76', '_4-_6', '2018-05-13 13:11:03', 'org.default:artifact:1.0.0-SNAPSHOT', null, '_6', '5', 'Gateway', 'Join', 'com.sample.evaluation', '15', null, '0', null, '0', null);
INSERT INTO `nodeinstancelog` VALUES ('77', '_4-_6', '2018-05-13 13:11:03', 'org.default:artifact:1.0.0-SNAPSHOT', null, '_4', '4', 'HR Evaluation', 'HumanTaskNode', 'com.sample.evaluation', '15', null, '0', null, '1', '13');
INSERT INTO `nodeinstancelog` VALUES ('78', null, '2018-05-13 15:01:21', 'org.default:artifact:1.0.0-SNAPSHOT', null, '_2', '0', 'StartEvent', 'StartNode', 'mytest.helloworldScriptTask', '16', null, '0', null, '0', null);
INSERT INTO `nodeinstancelog` VALUES ('79', '_6', '2018-05-13 15:01:21', 'org.default:artifact:1.0.0-SNAPSHOT', null, '_3', '1', 'john', 'HumanTaskNode', 'mytest.helloworldScriptTask', '16', null, '0', null, '0', '14');
INSERT INTO `nodeinstancelog` VALUES ('80', '_6', '2018-05-13 15:01:22', 'org.default:artifact:1.0.0-SNAPSHOT', null, '_2', '0', 'StartEvent', 'StartNode', 'mytest.helloworldScriptTask', '16', null, '0', null, '1', null);
INSERT INTO `nodeinstancelog` VALUES ('81', '_7', '2018-05-13 15:02:10', 'org.default:artifact:1.0.0-SNAPSHOT', null, '_4', '2', 'mary', 'HumanTaskNode', 'mytest.helloworldScriptTask', '16', null, '0', null, '0', '15');
INSERT INTO `nodeinstancelog` VALUES ('82', '_7', '2018-05-13 15:02:11', 'org.default:artifact:1.0.0-SNAPSHOT', null, '_3', '1', 'john', 'HumanTaskNode', 'mytest.helloworldScriptTask', '16', null, '0', null, '1', '14');
INSERT INTO `nodeinstancelog` VALUES ('83', '_8', '2018-05-13 15:14:28', 'org.default:artifact:1.0.0-SNAPSHOT', null, '_9', '3', 'tmp', 'HumanTaskNode', 'mytest.helloworldScriptTask', '16', null, '0', null, '0', '16');
INSERT INTO `nodeinstancelog` VALUES ('84', '_8', '2018-05-13 15:14:28', 'org.default:artifact:1.0.0-SNAPSHOT', null, '_4', '2', 'mary', 'HumanTaskNode', 'mytest.helloworldScriptTask', '16', null, '0', null, '1', '15');
INSERT INTO `nodeinstancelog` VALUES ('85', null, '2018-05-13 15:15:37', 'org.default:artifact:1.0.0-SNAPSHOT', null, '_1', '0', 'Start', 'StartNode', 'com.sample.evaluation', '17', null, '0', null, '0', null);
INSERT INTO `nodeinstancelog` VALUES ('86', '_1-_2', '2018-05-13 15:15:37', 'org.default:artifact:1.0.0-SNAPSHOT', null, '_2', '1', 'Self Evaluation', 'HumanTaskNode', 'com.sample.evaluation', '17', null, '0', null, '0', '17');
INSERT INTO `nodeinstancelog` VALUES ('87', '_1-_2', '2018-05-13 15:15:37', 'org.default:artifact:1.0.0-SNAPSHOT', null, '_1', '0', 'Start', 'StartNode', 'com.sample.evaluation', '17', null, '0', null, '1', null);
INSERT INTO `nodeinstancelog` VALUES ('88', '_2-_5', '2018-05-13 15:17:50', 'org.default:artifact:1.0.0-SNAPSHOT', null, '_5', '2', 'Gateway', 'Split', 'com.sample.evaluation', '17', null, '0', null, '0', null);
INSERT INTO `nodeinstancelog` VALUES ('89', '_5-_4', '2018-05-13 15:17:50', 'org.default:artifact:1.0.0-SNAPSHOT', null, '_4', '4', 'HR Evaluation', 'HumanTaskNode', 'com.sample.evaluation', '17', null, '0', null, '0', '18');
INSERT INTO `nodeinstancelog` VALUES ('90', '_5-_4', '2018-05-13 15:17:50', 'org.default:artifact:1.0.0-SNAPSHOT', null, '_5', '2', 'Gateway', 'Split', 'com.sample.evaluation', '17', null, '0', null, '1', null);
INSERT INTO `nodeinstancelog` VALUES ('91', '_5-_3', '2018-05-13 15:17:50', 'org.default:artifact:1.0.0-SNAPSHOT', null, '_3', '3', 'PM Evaluation', 'HumanTaskNode', 'com.sample.evaluation', '17', null, '0', null, '0', '19');
INSERT INTO `nodeinstancelog` VALUES ('92', '_5-_3', '2018-05-13 15:17:51', 'org.default:artifact:1.0.0-SNAPSHOT', null, '_5', '2', 'Gateway', 'Split', 'com.sample.evaluation', '17', null, '0', null, '1', null);
INSERT INTO `nodeinstancelog` VALUES ('93', '_2-_5', '2018-05-13 15:17:51', 'org.default:artifact:1.0.0-SNAPSHOT', null, '_2', '1', 'Self Evaluation', 'HumanTaskNode', 'com.sample.evaluation', '17', null, '0', null, '1', '17');
INSERT INTO `nodeinstancelog` VALUES ('94', '_2-_5', '2018-05-13 15:17:55', 'org.default:artifact:1.0.0-SNAPSHOT', null, '_5', '2', 'Gateway', 'Split', 'com.sample.evaluation', '14', null, '0', null, '0', null);
INSERT INTO `nodeinstancelog` VALUES ('95', '_5-_4', '2018-05-13 15:17:55', 'org.default:artifact:1.0.0-SNAPSHOT', null, '_4', '4', 'HR Evaluation', 'HumanTaskNode', 'com.sample.evaluation', '14', null, '0', null, '0', '20');
INSERT INTO `nodeinstancelog` VALUES ('96', '_5-_4', '2018-05-13 15:17:55', 'org.default:artifact:1.0.0-SNAPSHOT', null, '_5', '2', 'Gateway', 'Split', 'com.sample.evaluation', '14', null, '0', null, '1', null);
INSERT INTO `nodeinstancelog` VALUES ('97', '_5-_3', '2018-05-13 15:17:55', 'org.default:artifact:1.0.0-SNAPSHOT', null, '_3', '3', 'PM Evaluation', 'HumanTaskNode', 'com.sample.evaluation', '14', null, '0', null, '0', '21');
INSERT INTO `nodeinstancelog` VALUES ('98', '_5-_3', '2018-05-13 15:17:56', 'org.default:artifact:1.0.0-SNAPSHOT', null, '_5', '2', 'Gateway', 'Split', 'com.sample.evaluation', '14', null, '0', null, '1', null);
INSERT INTO `nodeinstancelog` VALUES ('99', '_2-_5', '2018-05-13 15:17:56', 'org.default:artifact:1.0.0-SNAPSHOT', null, '_2', '1', 'Self Evaluation', 'HumanTaskNode', 'com.sample.evaluation', '14', null, '0', null, '1', '10');
INSERT INTO `nodeinstancelog` VALUES ('100', null, '2018-05-13 15:35:25', 'org.default:artifact:1.0.0-SNAPSHOT', null, '_2', '0', 'StartEvent', 'StartNode', 'mytest.helloworldScriptTask', '18', null, '0', null, '0', null);
INSERT INTO `nodeinstancelog` VALUES ('101', '_6', '2018-05-13 15:35:25', 'org.default:artifact:1.0.0-SNAPSHOT', null, '_3', '1', 'john', 'HumanTaskNode', 'mytest.helloworldScriptTask', '18', null, '0', null, '0', '22');
INSERT INTO `nodeinstancelog` VALUES ('102', '_6', '2018-05-13 15:35:26', 'org.default:artifact:1.0.0-SNAPSHOT', null, '_2', '0', 'StartEvent', 'StartNode', 'mytest.helloworldScriptTask', '18', null, '0', null, '1', null);
INSERT INTO `nodeinstancelog` VALUES ('103', '_7', '2018-05-13 15:35:43', 'org.default:artifact:1.0.0-SNAPSHOT', null, '_4', '2', 'mary', 'HumanTaskNode', 'mytest.helloworldScriptTask', '18', null, '0', null, '0', '23');
INSERT INTO `nodeinstancelog` VALUES ('104', '_7', '2018-05-13 15:35:43', 'org.default:artifact:1.0.0-SNAPSHOT', null, '_3', '1', 'john', 'HumanTaskNode', 'mytest.helloworldScriptTask', '18', null, '0', null, '1', '22');
INSERT INTO `nodeinstancelog` VALUES ('105', '_8', '2018-05-13 15:36:21', 'org.default:artifact:1.0.0-SNAPSHOT', null, '_9', '3', 'tmp', 'HumanTaskNode', 'mytest.helloworldScriptTask', '18', null, '0', null, '0', '24');
INSERT INTO `nodeinstancelog` VALUES ('106', '_8', '2018-05-13 15:36:21', 'org.default:artifact:1.0.0-SNAPSHOT', null, '_4', '2', 'mary', 'HumanTaskNode', 'mytest.helloworldScriptTask', '18', null, '0', null, '1', '23');
INSERT INTO `nodeinstancelog` VALUES ('107', null, '2018-05-13 15:38:14', 'org.default:artifact:1.0.0-SNAPSHOT', null, '_1', '0', 'Start', 'StartNode', 'com.sample.evaluation', '19', null, '0', null, '0', null);
INSERT INTO `nodeinstancelog` VALUES ('108', '_1-_2', '2018-05-13 15:38:14', 'org.default:artifact:1.0.0-SNAPSHOT', null, '_2', '1', 'Self Evaluation', 'HumanTaskNode', 'com.sample.evaluation', '19', null, '0', null, '0', '25');
INSERT INTO `nodeinstancelog` VALUES ('109', '_1-_2', '2018-05-13 15:38:15', 'org.default:artifact:1.0.0-SNAPSHOT', null, '_1', '0', 'Start', 'StartNode', 'com.sample.evaluation', '19', null, '0', null, '1', null);
INSERT INTO `nodeinstancelog` VALUES ('110', '_2-_5', '2018-05-13 15:38:54', 'org.default:artifact:1.0.0-SNAPSHOT', null, '_5', '2', 'Gateway', 'Split', 'com.sample.evaluation', '19', null, '0', null, '0', null);
INSERT INTO `nodeinstancelog` VALUES ('111', '_5-_3', '2018-05-13 15:38:54', 'org.default:artifact:1.0.0-SNAPSHOT', null, '_3', '3', 'PM Evaluation', 'HumanTaskNode', 'com.sample.evaluation', '19', null, '0', null, '0', '26');
INSERT INTO `nodeinstancelog` VALUES ('112', '_5-_3', '2018-05-13 15:38:54', 'org.default:artifact:1.0.0-SNAPSHOT', null, '_5', '2', 'Gateway', 'Split', 'com.sample.evaluation', '19', null, '0', null, '1', null);
INSERT INTO `nodeinstancelog` VALUES ('113', '_5-_4', '2018-05-13 15:38:54', 'org.default:artifact:1.0.0-SNAPSHOT', null, '_4', '4', 'HR Evaluation', 'HumanTaskNode', 'com.sample.evaluation', '19', null, '0', null, '0', '27');
INSERT INTO `nodeinstancelog` VALUES ('114', '_5-_4', '2018-05-13 15:38:54', 'org.default:artifact:1.0.0-SNAPSHOT', null, '_5', '2', 'Gateway', 'Split', 'com.sample.evaluation', '19', null, '0', null, '1', null);
INSERT INTO `nodeinstancelog` VALUES ('115', '_2-_5', '2018-05-13 15:38:54', 'org.default:artifact:1.0.0-SNAPSHOT', null, '_2', '1', 'Self Evaluation', 'HumanTaskNode', 'com.sample.evaluation', '19', null, '0', null, '1', '25');
INSERT INTO `nodeinstancelog` VALUES ('116', null, '2018-05-13 16:36:19', 'org.default:artifact:1.0.0-SNAPSHOT', null, '_2', '0', 'StartEvent', 'StartNode', 'mytest.helloworldScriptTask', '20', null, '0', null, '0', null);
INSERT INTO `nodeinstancelog` VALUES ('117', '_6', '2018-05-13 16:36:19', 'org.default:artifact:1.0.0-SNAPSHOT', null, '_3', '1', 'john', 'HumanTaskNode', 'mytest.helloworldScriptTask', '20', null, '0', null, '0', '28');
INSERT INTO `nodeinstancelog` VALUES ('118', '_6', '2018-05-13 16:36:19', 'org.default:artifact:1.0.0-SNAPSHOT', null, '_2', '0', 'StartEvent', 'StartNode', 'mytest.helloworldScriptTask', '20', null, '0', null, '1', null);
INSERT INTO `nodeinstancelog` VALUES ('119', '_7', '2018-05-13 16:36:48', 'org.default:artifact:1.0.0-SNAPSHOT', null, '_4', '2', 'mary', 'HumanTaskNode', 'mytest.helloworldScriptTask', '20', null, '0', null, '0', '29');
INSERT INTO `nodeinstancelog` VALUES ('120', '_7', '2018-05-13 16:36:49', 'org.default:artifact:1.0.0-SNAPSHOT', null, '_3', '1', 'john', 'HumanTaskNode', 'mytest.helloworldScriptTask', '20', null, '0', null, '1', '28');
INSERT INTO `nodeinstancelog` VALUES ('121', '_8', '2018-05-13 16:37:10', 'org.default:artifact:1.0.0-SNAPSHOT', null, '_9', '3', 'tmp', 'HumanTaskNode', 'mytest.helloworldScriptTask', '20', null, '0', null, '0', '30');
INSERT INTO `nodeinstancelog` VALUES ('122', '_8', '2018-05-13 16:37:10', 'org.default:artifact:1.0.0-SNAPSHOT', null, '_4', '2', 'mary', 'HumanTaskNode', 'mytest.helloworldScriptTask', '20', null, '0', null, '1', '29');
INSERT INTO `nodeinstancelog` VALUES ('123', null, '2018-05-13 16:42:33', 'org.default:artifact:1.0.0-SNAPSHOT', null, '_1', '0', 'Start', 'StartNode', 'com.sample.evaluation', '21', null, '0', null, '0', null);
INSERT INTO `nodeinstancelog` VALUES ('124', '_1-_2', '2018-05-13 16:42:33', 'org.default:artifact:1.0.0-SNAPSHOT', null, '_2', '1', 'Self Evaluation', 'HumanTaskNode', 'com.sample.evaluation', '21', null, '0', null, '0', '31');
INSERT INTO `nodeinstancelog` VALUES ('125', '_1-_2', '2018-05-13 16:42:34', 'org.default:artifact:1.0.0-SNAPSHOT', null, '_1', '0', 'Start', 'StartNode', 'com.sample.evaluation', '21', null, '0', null, '1', null);
INSERT INTO `nodeinstancelog` VALUES ('126', '_2-_5', '2018-05-13 16:42:46', 'org.default:artifact:1.0.0-SNAPSHOT', null, '_5', '2', 'Gateway', 'Split', 'com.sample.evaluation', '21', null, '0', null, '0', null);
INSERT INTO `nodeinstancelog` VALUES ('127', '_5-_3', '2018-05-13 16:42:46', 'org.default:artifact:1.0.0-SNAPSHOT', null, '_3', '3', 'PM Evaluation', 'HumanTaskNode', 'com.sample.evaluation', '21', null, '0', null, '0', '32');
INSERT INTO `nodeinstancelog` VALUES ('128', '_5-_3', '2018-05-13 16:42:47', 'org.default:artifact:1.0.0-SNAPSHOT', null, '_5', '2', 'Gateway', 'Split', 'com.sample.evaluation', '21', null, '0', null, '1', null);
INSERT INTO `nodeinstancelog` VALUES ('129', '_5-_4', '2018-05-13 16:42:47', 'org.default:artifact:1.0.0-SNAPSHOT', null, '_4', '4', 'HR Evaluation', 'HumanTaskNode', 'com.sample.evaluation', '21', null, '0', null, '0', '33');
INSERT INTO `nodeinstancelog` VALUES ('130', '_5-_4', '2018-05-13 16:42:47', 'org.default:artifact:1.0.0-SNAPSHOT', null, '_5', '2', 'Gateway', 'Split', 'com.sample.evaluation', '21', null, '0', null, '1', null);
INSERT INTO `nodeinstancelog` VALUES ('131', '_2-_5', '2018-05-13 16:42:47', 'org.default:artifact:1.0.0-SNAPSHOT', null, '_2', '1', 'Self Evaluation', 'HumanTaskNode', 'com.sample.evaluation', '21', null, '0', null, '1', '31');
INSERT INTO `nodeinstancelog` VALUES ('132', null, '2018-05-13 20:09:08', 'org.default:artifact:1.0.0-SNAPSHOT', null, '_1', '0', 'Start', 'StartNode', 'com.sample.evaluation', '22', null, '0', null, '0', null);
INSERT INTO `nodeinstancelog` VALUES ('133', '_1-_2', '2018-05-13 20:09:08', 'org.default:artifact:1.0.0-SNAPSHOT', null, '_2', '1', 'Self Evaluation', 'HumanTaskNode', 'com.sample.evaluation', '22', null, '0', null, '0', '34');
INSERT INTO `nodeinstancelog` VALUES ('134', '_1-_2', '2018-05-13 20:09:08', 'org.default:artifact:1.0.0-SNAPSHOT', null, '_1', '0', 'Start', 'StartNode', 'com.sample.evaluation', '22', null, '0', null, '1', null);
INSERT INTO `nodeinstancelog` VALUES ('135', '_2-_5', '2018-05-13 20:10:01', 'org.default:artifact:1.0.0-SNAPSHOT', null, '_5', '2', 'Gateway', 'Split', 'com.sample.evaluation', '22', null, '0', null, '0', null);
INSERT INTO `nodeinstancelog` VALUES ('136', '_5-_3', '2018-05-13 20:10:01', 'org.default:artifact:1.0.0-SNAPSHOT', null, '_3', '3', 'PM Evaluation', 'HumanTaskNode', 'com.sample.evaluation', '22', null, '0', null, '0', '35');
INSERT INTO `nodeinstancelog` VALUES ('137', '_5-_3', '2018-05-13 20:10:01', 'org.default:artifact:1.0.0-SNAPSHOT', null, '_5', '2', 'Gateway', 'Split', 'com.sample.evaluation', '22', null, '0', null, '1', null);
INSERT INTO `nodeinstancelog` VALUES ('138', '_5-_4', '2018-05-13 20:10:01', 'org.default:artifact:1.0.0-SNAPSHOT', null, '_4', '4', 'HR Evaluation', 'HumanTaskNode', 'com.sample.evaluation', '22', null, '0', null, '0', '36');
INSERT INTO `nodeinstancelog` VALUES ('139', '_5-_4', '2018-05-13 20:10:01', 'org.default:artifact:1.0.0-SNAPSHOT', null, '_5', '2', 'Gateway', 'Split', 'com.sample.evaluation', '22', null, '0', null, '1', null);
INSERT INTO `nodeinstancelog` VALUES ('140', '_2-_5', '2018-05-13 20:10:01', 'org.default:artifact:1.0.0-SNAPSHOT', null, '_2', '1', 'Self Evaluation', 'HumanTaskNode', 'com.sample.evaluation', '22', null, '0', null, '1', '34');
INSERT INTO `nodeinstancelog` VALUES ('141', null, '2018-05-13 21:15:46', 'org.default:artifact:1.0.0-SNAPSHOT', null, '_1', '0', 'Start', 'StartNode', 'com.sample.evaluation', '23', null, '0', null, '0', null);
INSERT INTO `nodeinstancelog` VALUES ('142', '_1-_2', '2018-05-13 21:15:46', 'org.default:artifact:1.0.0-SNAPSHOT', null, '_2', '1', 'Self Evaluation', 'HumanTaskNode', 'com.sample.evaluation', '23', null, '0', null, '0', '37');
INSERT INTO `nodeinstancelog` VALUES ('143', '_1-_2', '2018-05-13 21:15:46', 'org.default:artifact:1.0.0-SNAPSHOT', null, '_1', '0', 'Start', 'StartNode', 'com.sample.evaluation', '23', null, '0', null, '1', null);
INSERT INTO `nodeinstancelog` VALUES ('146', null, '2018-05-13 21:24:29', 'org.default:artifact:1.0.0-SNAPSHOT', null, '_1', '0', 'Start', 'StartNode', 'com.sample.evaluation', '25', null, '0', null, '0', null);
INSERT INTO `nodeinstancelog` VALUES ('147', '_1-_2', '2018-05-13 21:24:29', 'org.default:artifact:1.0.0-SNAPSHOT', null, '_2', '1', 'Self Evaluation', 'HumanTaskNode', 'com.sample.evaluation', '25', null, '0', null, '0', '39');
INSERT INTO `nodeinstancelog` VALUES ('148', '_1-_2', '2018-05-13 21:24:34', 'org.default:artifact:1.0.0-SNAPSHOT', null, '_1', '0', 'Start', 'StartNode', 'com.sample.evaluation', '25', null, '0', null, '1', null);
INSERT INTO `nodeinstancelog` VALUES ('149', null, '2018-05-13 21:31:45', 'org.default:artifact:1.0.0-SNAPSHOT', null, '_1', '0', 'Start', 'StartNode', 'com.sample.evaluation', '26', null, '0', null, '0', null);
INSERT INTO `nodeinstancelog` VALUES ('150', '_1-_2', '2018-05-13 21:31:45', 'org.default:artifact:1.0.0-SNAPSHOT', null, '_2', '1', 'Self Evaluation', 'HumanTaskNode', 'com.sample.evaluation', '26', null, '0', null, '0', '40');
INSERT INTO `nodeinstancelog` VALUES ('151', '_1-_2', '2018-05-13 21:32:05', 'org.default:artifact:1.0.0-SNAPSHOT', null, '_1', '0', 'Start', 'StartNode', 'com.sample.evaluation', '26', null, '0', null, '1', null);
INSERT INTO `nodeinstancelog` VALUES ('154', null, '2018-05-13 21:50:14', 'org.default:artifact:1.0.0-SNAPSHOT', null, '_1', '0', 'Start', 'StartNode', 'com.sample.evaluation', '28', null, '0', null, '0', null);
INSERT INTO `nodeinstancelog` VALUES ('155', '_1-_2', '2018-05-13 21:50:14', 'org.default:artifact:1.0.0-SNAPSHOT', null, '_2', '1', 'Self Evaluation', 'HumanTaskNode', 'com.sample.evaluation', '28', null, '0', null, '0', '42');
INSERT INTO `nodeinstancelog` VALUES ('156', '_1-_2', '2018-05-13 21:50:25', 'org.default:artifact:1.0.0-SNAPSHOT', null, '_1', '0', 'Start', 'StartNode', 'com.sample.evaluation', '28', null, '0', null, '1', null);
INSERT INTO `nodeinstancelog` VALUES ('157', null, '2018-05-13 21:59:26', 'org.default:artifact:1.0.0-SNAPSHOT', null, '_1', '0', 'Start', 'StartNode', 'com.sample.evaluation', '29', null, '0', null, '0', null);
INSERT INTO `nodeinstancelog` VALUES ('158', '_1-_2', '2018-05-13 21:59:26', 'org.default:artifact:1.0.0-SNAPSHOT', null, '_2', '1', 'Self Evaluation', 'HumanTaskNode', 'com.sample.evaluation', '29', null, '0', null, '0', '43');
INSERT INTO `nodeinstancelog` VALUES ('159', '_1-_2', '2018-05-13 21:59:26', 'org.default:artifact:1.0.0-SNAPSHOT', null, '_1', '0', 'Start', 'StartNode', 'com.sample.evaluation', '29', null, '0', null, '1', null);
INSERT INTO `nodeinstancelog` VALUES ('160', null, '2018-05-13 21:59:55', 'org.default:artifact:1.0.0-SNAPSHOT', null, '_1', '0', 'Start', 'StartNode', 'com.sample.evaluation', '30', null, '0', null, '0', null);
INSERT INTO `nodeinstancelog` VALUES ('161', '_1-_2', '2018-05-13 21:59:55', 'org.default:artifact:1.0.0-SNAPSHOT', null, '_2', '1', 'Self Evaluation', 'HumanTaskNode', 'com.sample.evaluation', '30', null, '0', null, '0', '44');
INSERT INTO `nodeinstancelog` VALUES ('162', '_1-_2', '2018-05-13 21:59:55', 'org.default:artifact:1.0.0-SNAPSHOT', null, '_1', '0', 'Start', 'StartNode', 'com.sample.evaluation', '30', null, '0', null, '1', null);
INSERT INTO `nodeinstancelog` VALUES ('163', null, '2018-05-13 22:00:29', 'org.default:artifact:1.0.0-SNAPSHOT', null, '_1', '0', 'Start', 'StartNode', 'com.sample.evaluation', '31', null, '0', null, '0', null);
INSERT INTO `nodeinstancelog` VALUES ('164', '_1-_2', '2018-05-13 22:00:29', 'org.default:artifact:1.0.0-SNAPSHOT', null, '_2', '1', 'Self Evaluation', 'HumanTaskNode', 'com.sample.evaluation', '31', null, '0', null, '0', '45');
INSERT INTO `nodeinstancelog` VALUES ('165', '_1-_2', '2018-05-13 22:00:29', 'org.default:artifact:1.0.0-SNAPSHOT', null, '_1', '0', 'Start', 'StartNode', 'com.sample.evaluation', '31', null, '0', null, '1', null);
INSERT INTO `nodeinstancelog` VALUES ('166', null, '2018-05-14 08:14:19', 'org.default:artifact:1.0.0-SNAPSHOT', null, '_1', '0', 'Start', 'StartNode', 'com.sample.evaluation', '32', null, '0', null, '0', null);
INSERT INTO `nodeinstancelog` VALUES ('167', '_1-_2', '2018-05-14 08:14:19', 'org.default:artifact:1.0.0-SNAPSHOT', null, '_2', '1', 'Self Evaluation', 'HumanTaskNode', 'com.sample.evaluation', '32', null, '0', null, '0', '46');
INSERT INTO `nodeinstancelog` VALUES ('168', '_1-_2', '2018-05-14 08:14:21', 'org.default:artifact:1.0.0-SNAPSHOT', null, '_1', '0', 'Start', 'StartNode', 'com.sample.evaluation', '32', null, '0', null, '1', null);
INSERT INTO `nodeinstancelog` VALUES ('169', '_2-_5', '2018-05-14 08:14:56', 'org.default:artifact:1.0.0-SNAPSHOT', null, '_5', '2', 'Gateway', 'Split', 'com.sample.evaluation', '32', null, '0', null, '0', null);
INSERT INTO `nodeinstancelog` VALUES ('170', '_5-_3', '2018-05-14 08:14:56', 'org.default:artifact:1.0.0-SNAPSHOT', null, '_3', '3', 'PM Evaluation', 'HumanTaskNode', 'com.sample.evaluation', '32', null, '0', null, '0', '47');
INSERT INTO `nodeinstancelog` VALUES ('171', '_5-_3', '2018-05-14 08:14:56', 'org.default:artifact:1.0.0-SNAPSHOT', null, '_5', '2', 'Gateway', 'Split', 'com.sample.evaluation', '32', null, '0', null, '1', null);
INSERT INTO `nodeinstancelog` VALUES ('172', '_5-_4', '2018-05-14 08:14:56', 'org.default:artifact:1.0.0-SNAPSHOT', null, '_4', '4', 'HR Evaluation', 'HumanTaskNode', 'com.sample.evaluation', '32', null, '0', null, '0', '48');
INSERT INTO `nodeinstancelog` VALUES ('173', '_5-_4', '2018-05-14 08:14:56', 'org.default:artifact:1.0.0-SNAPSHOT', null, '_5', '2', 'Gateway', 'Split', 'com.sample.evaluation', '32', null, '0', null, '1', null);
INSERT INTO `nodeinstancelog` VALUES ('174', '_2-_5', '2018-05-14 08:14:56', 'org.default:artifact:1.0.0-SNAPSHOT', null, '_2', '1', 'Self Evaluation', 'HumanTaskNode', 'com.sample.evaluation', '32', null, '0', null, '1', '46');
INSERT INTO `nodeinstancelog` VALUES ('175', null, '2018-05-14 08:18:43', 'org.default:artifact:1.0.0-SNAPSHOT', null, '_1', '0', 'Start', 'StartNode', 'com.sample.evaluation', '33', null, '0', null, '0', null);
INSERT INTO `nodeinstancelog` VALUES ('176', '_1-_2', '2018-05-14 08:18:43', 'org.default:artifact:1.0.0-SNAPSHOT', null, '_2', '1', 'Self Evaluation', 'HumanTaskNode', 'com.sample.evaluation', '33', null, '0', null, '0', '49');
INSERT INTO `nodeinstancelog` VALUES ('177', '_1-_2', '2018-05-14 08:18:43', 'org.default:artifact:1.0.0-SNAPSHOT', null, '_1', '0', 'Start', 'StartNode', 'com.sample.evaluation', '33', null, '0', null, '1', null);
INSERT INTO `nodeinstancelog` VALUES ('178', '_2-_5', '2018-05-14 08:20:10', 'org.default:artifact:1.0.0-SNAPSHOT', null, '_5', '2', 'Gateway', 'Split', 'com.sample.evaluation', '33', null, '0', null, '0', null);
INSERT INTO `nodeinstancelog` VALUES ('179', '_5-_3', '2018-05-14 08:20:10', 'org.default:artifact:1.0.0-SNAPSHOT', null, '_3', '3', 'PM Evaluation', 'HumanTaskNode', 'com.sample.evaluation', '33', null, '0', null, '0', '50');
INSERT INTO `nodeinstancelog` VALUES ('180', '_5-_3', '2018-05-14 08:20:10', 'org.default:artifact:1.0.0-SNAPSHOT', null, '_5', '2', 'Gateway', 'Split', 'com.sample.evaluation', '33', null, '0', null, '1', null);
INSERT INTO `nodeinstancelog` VALUES ('181', '_5-_4', '2018-05-14 08:20:10', 'org.default:artifact:1.0.0-SNAPSHOT', null, '_4', '4', 'HR Evaluation', 'HumanTaskNode', 'com.sample.evaluation', '33', null, '0', null, '0', '51');
INSERT INTO `nodeinstancelog` VALUES ('182', '_5-_4', '2018-05-14 08:20:10', 'org.default:artifact:1.0.0-SNAPSHOT', null, '_5', '2', 'Gateway', 'Split', 'com.sample.evaluation', '33', null, '0', null, '1', null);
INSERT INTO `nodeinstancelog` VALUES ('183', '_2-_5', '2018-05-14 08:20:10', 'org.default:artifact:1.0.0-SNAPSHOT', null, '_2', '1', 'Self Evaluation', 'HumanTaskNode', 'com.sample.evaluation', '33', null, '0', null, '1', '49');
INSERT INTO `nodeinstancelog` VALUES ('184', null, '2018-05-14 09:39:48', 'org.default:artifact:1.0.0-SNAPSHOT', null, '_1', '0', 'Start', 'StartNode', 'com.sample.evaluation', '34', null, '0', null, '0', null);
INSERT INTO `nodeinstancelog` VALUES ('185', '_1-_2', '2018-05-14 09:39:48', 'org.default:artifact:1.0.0-SNAPSHOT', null, '_2', '1', 'Self Evaluation', 'HumanTaskNode', 'com.sample.evaluation', '34', null, '0', null, '0', '52');
INSERT INTO `nodeinstancelog` VALUES ('186', '_1-_2', '2018-05-14 09:39:48', 'org.default:artifact:1.0.0-SNAPSHOT', null, '_1', '0', 'Start', 'StartNode', 'com.sample.evaluation', '34', null, '0', null, '1', null);
INSERT INTO `nodeinstancelog` VALUES ('187', null, '2018-05-14 09:41:35', 'org.default:artifact:1.0.0-SNAPSHOT', null, '_1', '0', 'Start', 'StartNode', 'com.sample.evaluation', '35', null, '0', null, '0', null);
INSERT INTO `nodeinstancelog` VALUES ('188', '_1-_2', '2018-05-14 09:41:35', 'org.default:artifact:1.0.0-SNAPSHOT', null, '_2', '1', 'Self Evaluation', 'HumanTaskNode', 'com.sample.evaluation', '35', null, '0', null, '0', '53');
INSERT INTO `nodeinstancelog` VALUES ('189', '_1-_2', '2018-05-14 09:41:35', 'org.default:artifact:1.0.0-SNAPSHOT', null, '_1', '0', 'Start', 'StartNode', 'com.sample.evaluation', '35', null, '0', null, '1', null);
INSERT INTO `nodeinstancelog` VALUES ('190', null, '2018-05-14 09:44:07', 'org.default:artifact:1.0.0-SNAPSHOT', null, '_1', '0', 'Start', 'StartNode', 'com.sample.evaluation', '36', null, '0', null, '0', null);
INSERT INTO `nodeinstancelog` VALUES ('191', '_1-_2', '2018-05-14 09:44:07', 'org.default:artifact:1.0.0-SNAPSHOT', null, '_2', '1', 'Self Evaluation', 'HumanTaskNode', 'com.sample.evaluation', '36', null, '0', null, '0', '54');
INSERT INTO `nodeinstancelog` VALUES ('192', '_1-_2', '2018-05-14 09:44:07', 'org.default:artifact:1.0.0-SNAPSHOT', null, '_1', '0', 'Start', 'StartNode', 'com.sample.evaluation', '36', null, '0', null, '1', null);
INSERT INTO `nodeinstancelog` VALUES ('193', null, '2018-05-14 09:44:31', 'org.default:artifact:1.0.0-SNAPSHOT', null, '_1', '0', 'Start', 'StartNode', 'com.sample.evaluation', '37', null, '0', null, '0', null);
INSERT INTO `nodeinstancelog` VALUES ('194', '_1-_2', '2018-05-14 09:44:31', 'org.default:artifact:1.0.0-SNAPSHOT', null, '_2', '1', 'Self Evaluation', 'HumanTaskNode', 'com.sample.evaluation', '37', null, '0', null, '0', '55');
INSERT INTO `nodeinstancelog` VALUES ('195', '_1-_2', '2018-05-14 09:44:31', 'org.default:artifact:1.0.0-SNAPSHOT', null, '_1', '0', 'Start', 'StartNode', 'com.sample.evaluation', '37', null, '0', null, '1', null);
INSERT INTO `nodeinstancelog` VALUES ('196', null, '2018-05-14 09:54:38', 'org.default:artifact:1.0.0-SNAPSHOT', null, '_1', '0', 'Start', 'StartNode', 'com.sample.evaluation', '38', null, '0', null, '0', null);
INSERT INTO `nodeinstancelog` VALUES ('197', '_1-_2', '2018-05-14 09:54:38', 'org.default:artifact:1.0.0-SNAPSHOT', null, '_2', '1', 'Self Evaluation', 'HumanTaskNode', 'com.sample.evaluation', '38', null, '0', null, '0', '56');
INSERT INTO `nodeinstancelog` VALUES ('198', '_1-_2', '2018-05-14 09:54:40', 'org.default:artifact:1.0.0-SNAPSHOT', null, '_1', '0', 'Start', 'StartNode', 'com.sample.evaluation', '38', null, '0', null, '1', null);
INSERT INTO `nodeinstancelog` VALUES ('199', null, '2018-05-14 10:00:55', 'org.default:artifact:1.0.0-SNAPSHOT', null, '_1', '0', 'Start', 'StartNode', 'com.sample.evaluation', '39', null, '0', null, '0', null);
INSERT INTO `nodeinstancelog` VALUES ('200', '_1-_2', '2018-05-14 10:00:55', 'org.default:artifact:1.0.0-SNAPSHOT', null, '_2', '1', 'Self Evaluation', 'HumanTaskNode', 'com.sample.evaluation', '39', null, '0', null, '0', '57');
INSERT INTO `nodeinstancelog` VALUES ('201', '_1-_2', '2018-05-14 10:00:56', 'org.default:artifact:1.0.0-SNAPSHOT', null, '_1', '0', 'Start', 'StartNode', 'com.sample.evaluation', '39', null, '0', null, '1', null);
INSERT INTO `nodeinstancelog` VALUES ('202', '_2-_5', '2018-05-14 11:54:47', 'org.default:artifact:1.0.0-SNAPSHOT', null, '_5', '2', 'Gateway', 'Split', 'com.sample.evaluation', '39', null, '0', null, '0', null);
INSERT INTO `nodeinstancelog` VALUES ('203', '_5-_4', '2018-05-14 11:54:47', 'org.default:artifact:1.0.0-SNAPSHOT', null, '_4', '4', 'HR Evaluation', 'HumanTaskNode', 'com.sample.evaluation', '39', null, '0', null, '0', '58');
INSERT INTO `nodeinstancelog` VALUES ('204', '_5-_4', '2018-05-14 11:54:47', 'org.default:artifact:1.0.0-SNAPSHOT', null, '_5', '2', 'Gateway', 'Split', 'com.sample.evaluation', '39', null, '0', null, '1', null);
INSERT INTO `nodeinstancelog` VALUES ('205', '_5-_3', '2018-05-14 11:54:47', 'org.default:artifact:1.0.0-SNAPSHOT', null, '_3', '3', 'PM Evaluation', 'HumanTaskNode', 'com.sample.evaluation', '39', null, '0', null, '0', '59');
INSERT INTO `nodeinstancelog` VALUES ('206', '_5-_3', '2018-05-14 11:54:47', 'org.default:artifact:1.0.0-SNAPSHOT', null, '_5', '2', 'Gateway', 'Split', 'com.sample.evaluation', '39', null, '0', null, '1', null);
INSERT INTO `nodeinstancelog` VALUES ('207', '_2-_5', '2018-05-14 11:54:47', 'org.default:artifact:1.0.0-SNAPSHOT', null, '_2', '1', 'Self Evaluation', 'HumanTaskNode', 'com.sample.evaluation', '39', null, '0', null, '1', '57');
INSERT INTO `nodeinstancelog` VALUES ('208', '_3-_6', '2018-05-14 13:33:15', 'org.default:artifact:1.0.0-SNAPSHOT', null, '_6', '5', 'Gateway', 'Join', 'com.sample.evaluation', '39', null, '0', null, '0', null);
INSERT INTO `nodeinstancelog` VALUES ('209', '_3-_6', '2018-05-14 13:33:15', 'org.default:artifact:1.0.0-SNAPSHOT', null, '_3', '3', 'PM Evaluation', 'HumanTaskNode', 'com.sample.evaluation', '39', null, '0', null, '1', '59');
INSERT INTO `nodeinstancelog` VALUES ('210', '_4-_6', '2018-05-14 13:33:51', 'org.default:artifact:1.0.0-SNAPSHOT', null, '_6', '5', 'Gateway', 'Join', 'com.sample.evaluation', '39', null, '0', null, '0', null);
INSERT INTO `nodeinstancelog` VALUES ('211', '_6-_7', '2018-05-14 13:33:51', 'org.default:artifact:1.0.0-SNAPSHOT', null, '_7', '6', 'End', 'EndNode', 'com.sample.evaluation', '39', null, '0', null, '0', null);
INSERT INTO `nodeinstancelog` VALUES ('212', null, '2018-05-14 13:33:51', 'org.default:artifact:1.0.0-SNAPSHOT', null, '_7', '6', 'End', 'EndNode', 'com.sample.evaluation', '39', null, '0', null, '1', null);
INSERT INTO `nodeinstancelog` VALUES ('213', '_6-_7', '2018-05-14 13:33:51', 'org.default:artifact:1.0.0-SNAPSHOT', null, '_6', '5', 'Gateway', 'Join', 'com.sample.evaluation', '39', null, '0', null, '1', null);
INSERT INTO `nodeinstancelog` VALUES ('214', '_4-_6', '2018-05-14 13:33:51', 'org.default:artifact:1.0.0-SNAPSHOT', null, '_4', '4', 'HR Evaluation', 'HumanTaskNode', 'com.sample.evaluation', '39', null, '0', null, '1', '58');
INSERT INTO `nodeinstancelog` VALUES ('215', null, '2018-05-14 13:34:35', 'org.default:artifact:1.0.0-SNAPSHOT', null, '_1', '0', 'Start', 'StartNode', 'com.sample.evaluation', '40', null, '0', null, '0', null);
INSERT INTO `nodeinstancelog` VALUES ('216', '_1-_2', '2018-05-14 13:34:35', 'org.default:artifact:1.0.0-SNAPSHOT', null, '_2', '1', 'Self Evaluation', 'HumanTaskNode', 'com.sample.evaluation', '40', null, '0', null, '0', '60');
INSERT INTO `nodeinstancelog` VALUES ('217', '_1-_2', '2018-05-14 13:34:35', 'org.default:artifact:1.0.0-SNAPSHOT', null, '_1', '0', 'Start', 'StartNode', 'com.sample.evaluation', '40', null, '0', null, '1', null);
INSERT INTO `nodeinstancelog` VALUES ('218', '_2-_5', '2018-05-14 13:34:51', 'org.default:artifact:1.0.0-SNAPSHOT', null, '_5', '2', 'Gateway', 'Split', 'com.sample.evaluation', '40', null, '0', null, '0', null);
INSERT INTO `nodeinstancelog` VALUES ('219', '_5-_4', '2018-05-14 13:34:51', 'org.default:artifact:1.0.0-SNAPSHOT', null, '_4', '4', 'HR Evaluation', 'HumanTaskNode', 'com.sample.evaluation', '40', null, '0', null, '0', '61');
INSERT INTO `nodeinstancelog` VALUES ('220', '_5-_4', '2018-05-14 13:34:52', 'org.default:artifact:1.0.0-SNAPSHOT', null, '_5', '2', 'Gateway', 'Split', 'com.sample.evaluation', '40', null, '0', null, '1', null);
INSERT INTO `nodeinstancelog` VALUES ('221', '_5-_3', '2018-05-14 13:34:52', 'org.default:artifact:1.0.0-SNAPSHOT', null, '_3', '3', 'PM Evaluation', 'HumanTaskNode', 'com.sample.evaluation', '40', null, '0', null, '0', '62');
INSERT INTO `nodeinstancelog` VALUES ('222', '_5-_3', '2018-05-14 13:34:52', 'org.default:artifact:1.0.0-SNAPSHOT', null, '_5', '2', 'Gateway', 'Split', 'com.sample.evaluation', '40', null, '0', null, '1', null);
INSERT INTO `nodeinstancelog` VALUES ('223', '_2-_5', '2018-05-14 13:34:52', 'org.default:artifact:1.0.0-SNAPSHOT', null, '_2', '1', 'Self Evaluation', 'HumanTaskNode', 'com.sample.evaluation', '40', null, '0', null, '1', '60');
INSERT INTO `nodeinstancelog` VALUES ('224', '_4-_6', '2018-05-14 13:35:32', 'org.default:artifact:1.0.0-SNAPSHOT', null, '_6', '5', 'Gateway', 'Join', 'com.sample.evaluation', '40', null, '0', null, '0', null);
INSERT INTO `nodeinstancelog` VALUES ('225', '_4-_6', '2018-05-14 13:35:32', 'org.default:artifact:1.0.0-SNAPSHOT', null, '_4', '4', 'HR Evaluation', 'HumanTaskNode', 'com.sample.evaluation', '40', null, '0', null, '1', '61');
INSERT INTO `nodeinstancelog` VALUES ('226', null, '2018-05-14 13:38:55', 'org.default:artifact:1.0.0-SNAPSHOT', null, '_2', '0', 'StartEvent', 'StartNode', 'mytest.helloworldScriptTask', '41', null, '0', null, '0', null);
INSERT INTO `nodeinstancelog` VALUES ('227', '_6', '2018-05-14 13:38:55', 'org.default:artifact:1.0.0-SNAPSHOT', null, '_3', '1', 'john', 'HumanTaskNode', 'mytest.helloworldScriptTask', '41', null, '0', null, '0', '63');
INSERT INTO `nodeinstancelog` VALUES ('228', '_6', '2018-05-14 13:38:55', 'org.default:artifact:1.0.0-SNAPSHOT', null, '_2', '0', 'StartEvent', 'StartNode', 'mytest.helloworldScriptTask', '41', null, '0', null, '1', null);
INSERT INTO `nodeinstancelog` VALUES ('229', '_7', '2018-05-14 13:39:14', 'org.default:artifact:1.0.0-SNAPSHOT', null, '_4', '2', 'mary', 'HumanTaskNode', 'mytest.helloworldScriptTask', '41', null, '0', null, '0', '64');
INSERT INTO `nodeinstancelog` VALUES ('230', '_7', '2018-05-14 13:39:14', 'org.default:artifact:1.0.0-SNAPSHOT', null, '_3', '1', 'john', 'HumanTaskNode', 'mytest.helloworldScriptTask', '41', null, '0', null, '1', '63');
INSERT INTO `nodeinstancelog` VALUES ('231', '_8', '2018-05-14 13:39:45', 'org.default:artifact:1.0.0-SNAPSHOT', null, '_9', '3', 'tmp', 'HumanTaskNode', 'mytest.helloworldScriptTask', '41', null, '0', null, '0', '65');
INSERT INTO `nodeinstancelog` VALUES ('232', '_8', '2018-05-14 13:39:45', 'org.default:artifact:1.0.0-SNAPSHOT', null, '_4', '2', 'mary', 'HumanTaskNode', 'mytest.helloworldScriptTask', '41', null, '0', null, '1', '64');

-- ----------------------------
-- Table structure for notification
-- ----------------------------
DROP TABLE IF EXISTS `notification`;
CREATE TABLE `notification` (
  `DTYPE` varchar(31) NOT NULL,
  `id` bigint(20) NOT NULL AUTO_INCREMENT,
  `priority` int(11) NOT NULL,
  `Escalation_Notifications_Id` bigint(20) DEFAULT NULL,
  PRIMARY KEY (`id`),
  KEY `FKoxq5uqfg4ylwyijsg2ubyflna` (`Escalation_Notifications_Id`),
  CONSTRAINT `FKoxq5uqfg4ylwyijsg2ubyflna` FOREIGN KEY (`Escalation_Notifications_Id`) REFERENCES `escalation` (`id`)
) ENGINE=InnoDB DEFAULT CHARSET=utf8;

-- ----------------------------
-- Records of notification
-- ----------------------------

-- ----------------------------
-- Table structure for notification_bas
-- ----------------------------
DROP TABLE IF EXISTS `notification_bas`;
CREATE TABLE `notification_bas` (
  `task_id` bigint(20) NOT NULL,
  `entity_id` varchar(255) NOT NULL,
  KEY `FK378pb1cvjv54w4ljqpw99s3wr` (`entity_id`),
  KEY `FKb123fgeomc741s9yc014421yy` (`task_id`),
  CONSTRAINT `FK378pb1cvjv54w4ljqpw99s3wr` FOREIGN KEY (`entity_id`) REFERENCES `organizationalentity` (`id`),
  CONSTRAINT `FKb123fgeomc741s9yc014421yy` FOREIGN KEY (`task_id`) REFERENCES `notification` (`id`)
) ENGINE=InnoDB DEFAULT CHARSET=utf8;

-- ----------------------------
-- Records of notification_bas
-- ----------------------------

-- ----------------------------
-- Table structure for notification_email_header
-- ----------------------------
DROP TABLE IF EXISTS `notification_email_header`;
CREATE TABLE `notification_email_header` (
  `Notification_id` bigint(20) NOT NULL,
  `emailHeaders_id` bigint(20) NOT NULL,
  `mapkey` varchar(255) NOT NULL,
  PRIMARY KEY (`Notification_id`,`mapkey`),
  UNIQUE KEY `UK_ptaka5kost68h7l3wflv7w6y8` (`emailHeaders_id`),
  CONSTRAINT `FKd74pdu41avy2f7a8qyp7wn2n` FOREIGN KEY (`emailHeaders_id`) REFERENCES `email_header` (`id`),
  CONSTRAINT `FKfdnoyp8rl0kxu29l4pyaa5566` FOREIGN KEY (`Notification_id`) REFERENCES `notification` (`id`)
) ENGINE=InnoDB DEFAULT CHARSET=utf8;

-- ----------------------------
-- Records of notification_email_header
-- ----------------------------

-- ----------------------------
-- Table structure for notification_recipients
-- ----------------------------
DROP TABLE IF EXISTS `notification_recipients`;
CREATE TABLE `notification_recipients` (
  `task_id` bigint(20) NOT NULL,
  `entity_id` varchar(255) NOT NULL,
  KEY `FKot769nimyq1jvw0m61pgsq5g3` (`entity_id`),
  KEY `FKn7v944d0hw37bh0auv4gr3hsf` (`task_id`),
  CONSTRAINT `FKn7v944d0hw37bh0auv4gr3hsf` FOREIGN KEY (`task_id`) REFERENCES `notification` (`id`),
  CONSTRAINT `FKot769nimyq1jvw0m61pgsq5g3` FOREIGN KEY (`entity_id`) REFERENCES `organizationalentity` (`id`)
) ENGINE=InnoDB DEFAULT CHARSET=utf8;

-- ----------------------------
-- Records of notification_recipients
-- ----------------------------

-- ----------------------------
-- Table structure for organizationalentity
-- ----------------------------
DROP TABLE IF EXISTS `organizationalentity`;
CREATE TABLE `organizationalentity` (
  `DTYPE` varchar(31) NOT NULL,
  `id` varchar(255) NOT NULL,
  PRIMARY KEY (`id`)
) ENGINE=InnoDB DEFAULT CHARSET=utf8;

-- ----------------------------
-- Records of organizationalentity
-- ----------------------------
INSERT INTO `organizationalentity` VALUES ('Group', 'Accounting');
INSERT INTO `organizationalentity` VALUES ('User', 'admin');
INSERT INTO `organizationalentity` VALUES ('Group', 'admin1');
INSERT INTO `organizationalentity` VALUES ('User', 'Administrator');
INSERT INTO `organizationalentity` VALUES ('Group', 'Administrators');
INSERT INTO `organizationalentity` VALUES ('Group', 'HR');
INSERT INTO `organizationalentity` VALUES ('Group', 'IT');
INSERT INTO `organizationalentity` VALUES ('Group', 'jbpm');
INSERT INTO `organizationalentity` VALUES ('User', 'john');
INSERT INTO `organizationalentity` VALUES ('Group', 'john1');
INSERT INTO `organizationalentity` VALUES ('User', 'mary');
INSERT INTO `organizationalentity` VALUES ('Group', 'mary1');
INSERT INTO `organizationalentity` VALUES ('Group', 'PM');
INSERT INTO `organizationalentity` VALUES ('User', 'tmp');

-- ----------------------------
-- Table structure for peopleassignments_bas
-- ----------------------------
DROP TABLE IF EXISTS `peopleassignments_bas`;
CREATE TABLE `peopleassignments_bas` (
  `task_id` bigint(20) NOT NULL,
  `entity_id` varchar(255) NOT NULL,
  KEY `FKa90cdfgc4km384n1ataqigq67` (`entity_id`),
  KEY `FKt4xs0glwhbsa0xwg69r6xduv9` (`task_id`),
  CONSTRAINT `FKa90cdfgc4km384n1ataqigq67` FOREIGN KEY (`entity_id`) REFERENCES `organizationalentity` (`id`),
  CONSTRAINT `FKt4xs0glwhbsa0xwg69r6xduv9` FOREIGN KEY (`task_id`) REFERENCES `task` (`id`)
) ENGINE=InnoDB DEFAULT CHARSET=utf8;

-- ----------------------------
-- Records of peopleassignments_bas
-- ----------------------------
INSERT INTO `peopleassignments_bas` VALUES ('1', 'Administrator');
INSERT INTO `peopleassignments_bas` VALUES ('1', 'Administrators');
INSERT INTO `peopleassignments_bas` VALUES ('2', 'Administrator');
INSERT INTO `peopleassignments_bas` VALUES ('2', 'Administrators');
INSERT INTO `peopleassignments_bas` VALUES ('3', 'Administrator');
INSERT INTO `peopleassignments_bas` VALUES ('3', 'Administrators');
INSERT INTO `peopleassignments_bas` VALUES ('4', 'Administrator');
INSERT INTO `peopleassignments_bas` VALUES ('4', 'Administrators');
INSERT INTO `peopleassignments_bas` VALUES ('5', 'Administrator');
INSERT INTO `peopleassignments_bas` VALUES ('5', 'Administrators');
INSERT INTO `peopleassignments_bas` VALUES ('6', 'Administrator');
INSERT INTO `peopleassignments_bas` VALUES ('6', 'Administrators');
INSERT INTO `peopleassignments_bas` VALUES ('7', 'Administrator');
INSERT INTO `peopleassignments_bas` VALUES ('7', 'Administrators');
INSERT INTO `peopleassignments_bas` VALUES ('8', 'Administrator');
INSERT INTO `peopleassignments_bas` VALUES ('8', 'Administrators');
INSERT INTO `peopleassignments_bas` VALUES ('9', 'Administrator');
INSERT INTO `peopleassignments_bas` VALUES ('9', 'Administrators');
INSERT INTO `peopleassignments_bas` VALUES ('10', 'Administrator');
INSERT INTO `peopleassignments_bas` VALUES ('10', 'Administrators');
INSERT INTO `peopleassignments_bas` VALUES ('11', 'Administrator');
INSERT INTO `peopleassignments_bas` VALUES ('11', 'Administrators');
INSERT INTO `peopleassignments_bas` VALUES ('12', 'Administrator');
INSERT INTO `peopleassignments_bas` VALUES ('12', 'Administrators');
INSERT INTO `peopleassignments_bas` VALUES ('13', 'Administrator');
INSERT INTO `peopleassignments_bas` VALUES ('13', 'Administrators');
INSERT INTO `peopleassignments_bas` VALUES ('14', 'Administrator');
INSERT INTO `peopleassignments_bas` VALUES ('14', 'Administrators');
INSERT INTO `peopleassignments_bas` VALUES ('15', 'Administrator');
INSERT INTO `peopleassignments_bas` VALUES ('15', 'Administrators');
INSERT INTO `peopleassignments_bas` VALUES ('16', 'Administrator');
INSERT INTO `peopleassignments_bas` VALUES ('16', 'Administrators');
INSERT INTO `peopleassignments_bas` VALUES ('17', 'Administrator');
INSERT INTO `peopleassignments_bas` VALUES ('17', 'Administrators');
INSERT INTO `peopleassignments_bas` VALUES ('18', 'Administrator');
INSERT INTO `peopleassignments_bas` VALUES ('18', 'Administrators');
INSERT INTO `peopleassignments_bas` VALUES ('19', 'Administrator');
INSERT INTO `peopleassignments_bas` VALUES ('19', 'Administrators');
INSERT INTO `peopleassignments_bas` VALUES ('20', 'Administrator');
INSERT INTO `peopleassignments_bas` VALUES ('20', 'Administrators');
INSERT INTO `peopleassignments_bas` VALUES ('21', 'Administrator');
INSERT INTO `peopleassignments_bas` VALUES ('21', 'Administrators');
INSERT INTO `peopleassignments_bas` VALUES ('22', 'Administrator');
INSERT INTO `peopleassignments_bas` VALUES ('22', 'Administrators');
INSERT INTO `peopleassignments_bas` VALUES ('23', 'Administrator');
INSERT INTO `peopleassignments_bas` VALUES ('23', 'Administrators');
INSERT INTO `peopleassignments_bas` VALUES ('24', 'Administrator');
INSERT INTO `peopleassignments_bas` VALUES ('24', 'Administrators');
INSERT INTO `peopleassignments_bas` VALUES ('25', 'Administrator');
INSERT INTO `peopleassignments_bas` VALUES ('25', 'Administrators');
INSERT INTO `peopleassignments_bas` VALUES ('26', 'Administrator');
INSERT INTO `peopleassignments_bas` VALUES ('26', 'Administrators');
INSERT INTO `peopleassignments_bas` VALUES ('27', 'Administrator');
INSERT INTO `peopleassignments_bas` VALUES ('27', 'Administrators');
INSERT INTO `peopleassignments_bas` VALUES ('28', 'Administrator');
INSERT INTO `peopleassignments_bas` VALUES ('28', 'Administrators');
INSERT INTO `peopleassignments_bas` VALUES ('29', 'Administrator');
INSERT INTO `peopleassignments_bas` VALUES ('29', 'Administrators');
INSERT INTO `peopleassignments_bas` VALUES ('30', 'Administrator');
INSERT INTO `peopleassignments_bas` VALUES ('30', 'Administrators');
INSERT INTO `peopleassignments_bas` VALUES ('31', 'Administrator');
INSERT INTO `peopleassignments_bas` VALUES ('31', 'Administrators');
INSERT INTO `peopleassignments_bas` VALUES ('32', 'Administrator');
INSERT INTO `peopleassignments_bas` VALUES ('32', 'Administrators');
INSERT INTO `peopleassignments_bas` VALUES ('33', 'Administrator');
INSERT INTO `peopleassignments_bas` VALUES ('33', 'Administrators');
INSERT INTO `peopleassignments_bas` VALUES ('34', 'Administrator');
INSERT INTO `peopleassignments_bas` VALUES ('34', 'Administrators');
INSERT INTO `peopleassignments_bas` VALUES ('35', 'Administrator');
INSERT INTO `peopleassignments_bas` VALUES ('35', 'Administrators');
INSERT INTO `peopleassignments_bas` VALUES ('36', 'Administrator');
INSERT INTO `peopleassignments_bas` VALUES ('36', 'Administrators');
INSERT INTO `peopleassignments_bas` VALUES ('37', 'Administrator');
INSERT INTO `peopleassignments_bas` VALUES ('37', 'Administrators');
INSERT INTO `peopleassignments_bas` VALUES ('38', 'Administrator');
INSERT INTO `peopleassignments_bas` VALUES ('38', 'Administrators');
INSERT INTO `peopleassignments_bas` VALUES ('39', 'Administrator');
INSERT INTO `peopleassignments_bas` VALUES ('39', 'Administrators');
INSERT INTO `peopleassignments_bas` VALUES ('40', 'Administrator');
INSERT INTO `peopleassignments_bas` VALUES ('40', 'Administrators');
INSERT INTO `peopleassignments_bas` VALUES ('41', 'Administrator');
INSERT INTO `peopleassignments_bas` VALUES ('41', 'Administrators');
INSERT INTO `peopleassignments_bas` VALUES ('42', 'Administrator');
INSERT INTO `peopleassignments_bas` VALUES ('42', 'Administrators');
INSERT INTO `peopleassignments_bas` VALUES ('43', 'Administrators');
INSERT INTO `peopleassignments_bas` VALUES ('44', 'Administrators');
INSERT INTO `peopleassignments_bas` VALUES ('45', 'Administrators');
INSERT INTO `peopleassignments_bas` VALUES ('46', 'Administrators');
INSERT INTO `peopleassignments_bas` VALUES ('47', 'Administrators');
INSERT INTO `peopleassignments_bas` VALUES ('48', 'Administrators');
INSERT INTO `peopleassignments_bas` VALUES ('49', 'Administrators');
INSERT INTO `peopleassignments_bas` VALUES ('50', 'Administrators');
INSERT INTO `peopleassignments_bas` VALUES ('51', 'Administrators');
INSERT INTO `peopleassignments_bas` VALUES ('52', 'Administrators');

-- ----------------------------
-- Table structure for peopleassignments_exclowners
-- ----------------------------
DROP TABLE IF EXISTS `peopleassignments_exclowners`;
CREATE TABLE `peopleassignments_exclowners` (
  `task_id` bigint(20) NOT NULL,
  `entity_id` varchar(255) NOT NULL,
  KEY `FK5ituvd6t8uvp63hsx6282xo6h` (`entity_id`),
  KEY `FKqxbjm1b3dl7w8w2f2y6sk0fv8` (`task_id`),
  CONSTRAINT `FK5ituvd6t8uvp63hsx6282xo6h` FOREIGN KEY (`entity_id`) REFERENCES `organizationalentity` (`id`),
  CONSTRAINT `FKqxbjm1b3dl7w8w2f2y6sk0fv8` FOREIGN KEY (`task_id`) REFERENCES `task` (`id`)
) ENGINE=InnoDB DEFAULT CHARSET=utf8;

-- ----------------------------
-- Records of peopleassignments_exclowners
-- ----------------------------

-- ----------------------------
-- Table structure for peopleassignments_potowners
-- ----------------------------
DROP TABLE IF EXISTS `peopleassignments_potowners`;
CREATE TABLE `peopleassignments_potowners` (
  `task_id` bigint(20) NOT NULL,
  `entity_id` varchar(255) NOT NULL,
  KEY `FKsa3rrrjsm1qw98ajbbu2s7cjr` (`entity_id`),
  KEY `FKh8oqmk4iuh2pmpgby6g8r3jd1` (`task_id`),
  CONSTRAINT `FKh8oqmk4iuh2pmpgby6g8r3jd1` FOREIGN KEY (`task_id`) REFERENCES `task` (`id`),
  CONSTRAINT `FKsa3rrrjsm1qw98ajbbu2s7cjr` FOREIGN KEY (`entity_id`) REFERENCES `organizationalentity` (`id`)
) ENGINE=InnoDB DEFAULT CHARSET=utf8;

-- ----------------------------
-- Records of peopleassignments_potowners
-- ----------------------------
INSERT INTO `peopleassignments_potowners` VALUES ('7', 'admin');
INSERT INTO `peopleassignments_potowners` VALUES ('8', 'PM');
INSERT INTO `peopleassignments_potowners` VALUES ('9', 'HR');
INSERT INTO `peopleassignments_potowners` VALUES ('10', 'admin');
INSERT INTO `peopleassignments_potowners` VALUES ('11', 'admin');
INSERT INTO `peopleassignments_potowners` VALUES ('12', 'PM');
INSERT INTO `peopleassignments_potowners` VALUES ('13', 'HR');
INSERT INTO `peopleassignments_potowners` VALUES ('14', 'john');
INSERT INTO `peopleassignments_potowners` VALUES ('15', 'mary');
INSERT INTO `peopleassignments_potowners` VALUES ('17', 'admin');
INSERT INTO `peopleassignments_potowners` VALUES ('18', 'HR');
INSERT INTO `peopleassignments_potowners` VALUES ('19', 'PM');
INSERT INTO `peopleassignments_potowners` VALUES ('20', 'HR');
INSERT INTO `peopleassignments_potowners` VALUES ('21', 'PM');
INSERT INTO `peopleassignments_potowners` VALUES ('22', 'john');
INSERT INTO `peopleassignments_potowners` VALUES ('23', 'mary');
INSERT INTO `peopleassignments_potowners` VALUES ('25', 'admin');
INSERT INTO `peopleassignments_potowners` VALUES ('26', 'PM');
INSERT INTO `peopleassignments_potowners` VALUES ('27', 'HR');
INSERT INTO `peopleassignments_potowners` VALUES ('28', 'john');
INSERT INTO `peopleassignments_potowners` VALUES ('29', 'mary');
INSERT INTO `peopleassignments_potowners` VALUES ('31', 'admin');
INSERT INTO `peopleassignments_potowners` VALUES ('32', 'PM');
INSERT INTO `peopleassignments_potowners` VALUES ('33', 'HR');
INSERT INTO `peopleassignments_potowners` VALUES ('34', 'admin');
INSERT INTO `peopleassignments_potowners` VALUES ('35', 'PM');
INSERT INTO `peopleassignments_potowners` VALUES ('36', 'HR');
INSERT INTO `peopleassignments_potowners` VALUES ('37', 'admin');
INSERT INTO `peopleassignments_potowners` VALUES ('38', 'PM');
INSERT INTO `peopleassignments_potowners` VALUES ('39', 'HR');
INSERT INTO `peopleassignments_potowners` VALUES ('40', 'admin');
INSERT INTO `peopleassignments_potowners` VALUES ('41', 'PM');
INSERT INTO `peopleassignments_potowners` VALUES ('42', 'HR');
INSERT INTO `peopleassignments_potowners` VALUES ('44', 'tmp');
INSERT INTO `peopleassignments_potowners` VALUES ('45', 'HR');
INSERT INTO `peopleassignments_potowners` VALUES ('46', 'PM');
INSERT INTO `peopleassignments_potowners` VALUES ('47', 'tmp');
INSERT INTO `peopleassignments_potowners` VALUES ('48', 'HR');
INSERT INTO `peopleassignments_potowners` VALUES ('49', 'PM');
INSERT INTO `peopleassignments_potowners` VALUES ('50', 'john');
INSERT INTO `peopleassignments_potowners` VALUES ('51', 'mary');

-- ----------------------------
-- Table structure for peopleassignments_recipients
-- ----------------------------
DROP TABLE IF EXISTS `peopleassignments_recipients`;
CREATE TABLE `peopleassignments_recipients` (
  `task_id` bigint(20) NOT NULL,
  `entity_id` varchar(255) NOT NULL,
  KEY `FKrd0h9ud1bhs9waf2mdmiv6j2r` (`entity_id`),
  KEY `FK9gnbv6bplxkxoedj35vg8n7ir` (`task_id`),
  CONSTRAINT `FK9gnbv6bplxkxoedj35vg8n7ir` FOREIGN KEY (`task_id`) REFERENCES `task` (`id`),
  CONSTRAINT `FKrd0h9ud1bhs9waf2mdmiv6j2r` FOREIGN KEY (`entity_id`) REFERENCES `organizationalentity` (`id`)
) ENGINE=InnoDB DEFAULT CHARSET=utf8;

-- ----------------------------
-- Records of peopleassignments_recipients
-- ----------------------------

-- ----------------------------
-- Table structure for peopleassignments_stakeholders
-- ----------------------------
DROP TABLE IF EXISTS `peopleassignments_stakeholders`;
CREATE TABLE `peopleassignments_stakeholders` (
  `task_id` bigint(20) NOT NULL,
  `entity_id` varchar(255) NOT NULL,
  KEY `FK9uy76cu650rg1nnkrtjwj1e9t` (`entity_id`),
  KEY `FKaeyk4nwslvx0jywjomjq7083i` (`task_id`),
  CONSTRAINT `FK9uy76cu650rg1nnkrtjwj1e9t` FOREIGN KEY (`entity_id`) REFERENCES `organizationalentity` (`id`),
  CONSTRAINT `FKaeyk4nwslvx0jywjomjq7083i` FOREIGN KEY (`task_id`) REFERENCES `task` (`id`)
) ENGINE=InnoDB DEFAULT CHARSET=utf8;

-- ----------------------------
-- Records of peopleassignments_stakeholders
-- ----------------------------

-- ----------------------------
-- Table structure for processinstanceinfo
-- ----------------------------
DROP TABLE IF EXISTS `processinstanceinfo`;
CREATE TABLE `processinstanceinfo` (
  `InstanceId` bigint(20) NOT NULL AUTO_INCREMENT,
  `lastModificationDate` datetime DEFAULT NULL,
  `lastReadDate` datetime DEFAULT NULL,
  `processId` varchar(255) DEFAULT NULL,
  `processInstanceByteArray` longblob,
  `startDate` datetime DEFAULT NULL,
  `state` int(11) NOT NULL,
  `OPTLOCK` int(11) DEFAULT NULL,
  PRIMARY KEY (`InstanceId`)
) ENGINE=InnoDB AUTO_INCREMENT=42 DEFAULT CHARSET=utf8;

-- ----------------------------
-- Records of processinstanceinfo
-- ----------------------------
INSERT INTO `processinstanceinfo` VALUES ('7', '2018-05-13 05:54:08', '2018-05-13 05:54:06', 'org.jbpm.examples.checklist.sample1', 0xACED00057A000001F7000852756C65466C6F770A060807100718004AEE01080012486F72672E64726F6F6C732E636F72652E6D61727368616C6C696E672E696D706C2E53657269616C697A61626C65506C616365686F6C6465725265736F6C76657253747261746567791A9F01ACED0005737200136A6176612E7574696C2E41727261794C6973747881D21D99C7619D03000149000473697A657870000000037704000000037400236F72672E64656661756C743A61727469666163743A312E302E302D534E415053484F5474001653616D706C65436865636B6C69737450726F636573737400236F72672E6A62706D2E6578616D706C65732E636865636B6C6973742E73616D706C65317852F1010A0852756C65466C6F7710071A236F72672E6A62706D2E6578616D706C65732E636865636B6C6973742E73616D706C6531200128023A1B08011002220608011A020801280130FFFFFFFFFFFFFFFFFF01400042160A0C6465706C6F796D656E74496410001A0400000000420E0A046E616D6510001A040000000142130A0970726F63657373496410001A040000000260006A025F3172060A025F3210017A1653616D706C65436865636B6C69737450726F636573738001018A01236F72672E64656661756C743A61727469666163743A312E302E302D534E415053484F54920101379801FFFFFFFFFFFFFFFFFF01A80100, '2018-05-13 05:54:06', '1', '1');
INSERT INTO `processinstanceinfo` VALUES ('8', '2018-05-13 05:56:32', '2018-05-13 05:56:31', 'com.sample.evaluation', 0xACED00057A000001C3000852756C65466C6F770A060807100718004AD401080012486F72672E64726F6F6C732E636F72652E6D61727368616C6C696E672E696D706C2E53657269616C697A61626C65506C616365686F6C6465725265736F6C76657253747261746567791A8501ACED0005737200136A6176612E7574696C2E41727261794C6973747881D21D99C7619D03000149000473697A657870000000037704000000037400236F72672E64656661756C743A61727469666163743A312E302E302D534E415053484F5474000A4576616C756174696F6E740015636F6D2E73616D706C652E6576616C756174696F6E7852D7010A0852756C65466C6F7710081A15636F6D2E73616D706C652E6576616C756174696F6E200128023A1B08011002220608011A020802280130FFFFFFFFFFFFFFFFFF01400042160A0C6465706C6F796D656E74496410001A0400000000420E0A046E616D6510001A040000000142130A0970726F63657373496410001A040000000260006A025F3172060A025F3210017A0A4576616C756174696F6E8001018A01236F72672E64656661756C743A61727469666163743A312E302E302D534E415053484F54920101389801FFFFFFFFFFFFFFFFFF01A80100, '2018-05-13 05:56:31', '1', '1');
INSERT INTO `processinstanceinfo` VALUES ('9', '2018-05-13 06:31:06', '2018-05-13 06:41:00', 'com.sample.evaluation', 0xACED00057A000001C3000852756C65466C6F770A060807100718004AD401080012486F72672E64726F6F6C732E636F72652E6D61727368616C6C696E672E696D706C2E53657269616C697A61626C65506C616365686F6C6465725265736F6C76657253747261746567791A8501ACED0005737200136A6176612E7574696C2E41727261794C6973747881D21D99C7619D03000149000473697A657870000000037704000000037400236F72672E64656661756C743A61727469666163743A312E302E302D534E415053484F5474000A4576616C756174696F6E740015636F6D2E73616D706C652E6576616C756174696F6E7852D7010A0852756C65466C6F7710091A15636F6D2E73616D706C652E6576616C756174696F6E200128023A1B08011002220608011A020803280130FFFFFFFFFFFFFFFFFF01400042160A0C6465706C6F796D656E74496410001A0400000000420E0A046E616D6510001A040000000142130A0970726F63657373496410001A040000000260006A025F3172060A025F3210017A0A4576616C756174696F6E8001018A01236F72672E64656661756C743A61727469666163743A312E302E302D534E415053484F54920101399801FFFFFFFFFFFFFFFFFF01A80100, '2018-05-13 06:31:05', '1', '2');
INSERT INTO `processinstanceinfo` VALUES ('10', '2018-05-13 06:42:28', '2018-05-13 06:42:26', 'org.jbpm.examples.checklist.sample1', 0xACED00057A000001F8000852756C65466C6F770A060807100718004AEE01080012486F72672E64726F6F6C732E636F72652E6D61727368616C6C696E672E696D706C2E53657269616C697A61626C65506C616365686F6C6465725265736F6C76657253747261746567791A9F01ACED0005737200136A6176612E7574696C2E41727261794C6973747881D21D99C7619D03000149000473697A657870000000037704000000037400236F72672E64656661756C743A61727469666163743A312E302E302D534E415053484F5474001653616D706C65436865636B6C69737450726F636573737400236F72672E6A62706D2E6578616D706C65732E636865636B6C6973742E73616D706C65317852F2010A0852756C65466C6F77100A1A236F72672E6A62706D2E6578616D706C65732E636865636B6C6973742E73616D706C6531200128023A1B08011002220608011A020804280130FFFFFFFFFFFFFFFFFF01400042160A0C6465706C6F796D656E74496410001A0400000000420E0A046E616D6510001A040000000142130A0970726F63657373496410001A040000000260006A025F3172060A025F3210017A1653616D706C65436865636B6C69737450726F636573738001018A01236F72672E64656661756C743A61727469666163743A312E302E302D534E415053484F5492010231309801FFFFFFFFFFFFFFFFFF01A80100, '2018-05-13 06:42:26', '1', '1');
INSERT INTO `processinstanceinfo` VALUES ('11', '2018-05-13 09:16:56', '2018-05-13 09:16:56', 'com.sample.evaluation', 0xACED00057A000001C4000852756C65466C6F770A060807100718004AD401080012486F72672E64726F6F6C732E636F72652E6D61727368616C6C696E672E696D706C2E53657269616C697A61626C65506C616365686F6C6465725265736F6C76657253747261746567791A8501ACED0005737200136A6176612E7574696C2E41727261794C6973747881D21D99C7619D03000149000473697A657870000000037704000000037400236F72672E64656661756C743A61727469666163743A312E302E302D534E415053484F5474000A4576616C756174696F6E740015636F6D2E73616D706C652E6576616C756174696F6E7852D8010A0852756C65466C6F77100B1A15636F6D2E73616D706C652E6576616C756174696F6E200128023A1B08011002220608011A020805280130FFFFFFFFFFFFFFFFFF01400042160A0C6465706C6F796D656E74496410001A0400000000420E0A046E616D6510001A040000000142130A0970726F63657373496410001A040000000260006A025F3172060A025F3210017A0A4576616C756174696F6E8001018A01236F72672E64656661756C743A61727469666163743A312E302E302D534E415053484F5492010231319801FFFFFFFFFFFFFFFFFF01A80100, '2018-05-13 09:16:55', '1', '1');
INSERT INTO `processinstanceinfo` VALUES ('12', '2018-05-13 09:43:24', '2018-05-13 09:50:24', 'com.sample.evaluation', 0xACED00057A000001C4000852756C65466C6F770A060807100718004AD401080012486F72672E64726F6F6C732E636F72652E6D61727368616C6C696E672E696D706C2E53657269616C697A61626C65506C616365686F6C6465725265736F6C76657253747261746567791A8501ACED0005737200136A6176612E7574696C2E41727261794C6973747881D21D99C7619D03000149000473697A657870000000037704000000037400236F72672E64656661756C743A61727469666163743A312E302E302D534E415053484F5474000A4576616C756174696F6E740015636F6D2E73616D706C652E6576616C756174696F6E7852D8010A0852756C65466C6F77100C1A15636F6D2E73616D706C652E6576616C756174696F6E200128023A1B08011002220608011A020806280130FFFFFFFFFFFFFFFFFF01400042160A0C6465706C6F796D656E74496410001A0400000000420E0A046E616D6510001A040000000142130A0970726F63657373496410001A040000000260006A025F3172060A025F3210017A0A4576616C756174696F6E8001018A01236F72672E64656661756C743A61727469666163743A312E302E302D534E415053484F5492010231329801FFFFFFFFFFFFFFFFFF01A80100, '2018-05-13 09:43:23', '1', '2');
INSERT INTO `processinstanceinfo` VALUES ('13', '2018-05-13 11:34:40', '2018-05-13 11:34:39', 'com.sample.evaluation', 0xACED00057A0000023F000852756C65466C6F770A060807100718004AFC01080012486F72672E64726F6F6C732E636F72652E6D61727368616C6C696E672E696D706C2E53657269616C697A61626C65506C616365686F6C6465725265736F6C76657253747261746567791AAD01ACED0005737200136A6176612E7574696C2E41727261794C6973747881D21D99C7619D03000149000473697A657870000000057704000000057400236F72672E64656661756C743A61727469666163743A312E302E302D534E415053484F5474000561646D696E74000A4576616C756174696F6E740015636F6D2E73616D706C652E6576616C756174696F6E74001D596561726C7920706572666F726D616E6365206576616C756174696F6E7852AB020A0852756C65466C6F77100D1A15636F6D2E73616D706C652E6576616C756174696F6E200128053A1B08031003220608011A020808280130FFFFFFFFFFFFFFFFFF0140003A1B08041004220608011A020809280130FFFFFFFFFFFFFFFFFF01400042160A0C6465706C6F796D656E74496410001A040000000042120A08656D706C6F79656510001A0400000001420E0A046E616D6510001A040000000242130A0970726F63657373496410001A040000000342100A06726561736F6E10001A040000000460006A025F316A025F326A025F3572060A025F33100172060A025F3410017A0A4576616C756174696F6E8001018A01236F72672E64656661756C743A61727469666163743A312E302E302D534E415053484F5492010231339801FFFFFFFFFFFFFFFFFF01A80100, '2018-05-13 10:00:30', '1', '3');
INSERT INTO `processinstanceinfo` VALUES ('14', '2018-05-13 15:17:56', '2018-05-13 15:17:55', 'com.sample.evaluation', 0xACED00057A0000023F000852756C65466C6F770A060807100718004AFC01080012486F72672E64726F6F6C732E636F72652E6D61727368616C6C696E672E696D706C2E53657269616C697A61626C65506C616365686F6C6465725265736F6C76657253747261746567791AAD01ACED0005737200136A6176612E7574696C2E41727261794C6973747881D21D99C7619D03000149000473697A657870000000057704000000057400236F72672E64656661756C743A61727469666163743A312E302E302D534E415053484F5474000561646D696E74000A4576616C756174696F6E740015636F6D2E73616D706C652E6576616C756174696F6E74001D596561726C7920706572666F726D616E6365206576616C756174696F6E7852AB020A0852756C65466C6F77100E1A15636F6D2E73616D706C652E6576616C756174696F6E200128053A1B08031003220608011A020815280130FFFFFFFFFFFFFFFFFF0140003A1B08041004220608011A020814280130FFFFFFFFFFFFFFFFFF01400042160A0C6465706C6F796D656E74496410001A040000000042120A08656D706C6F79656510001A0400000001420E0A046E616D6510001A040000000242130A0970726F63657373496410001A040000000342100A06726561736F6E10001A040000000460006A025F316A025F326A025F3572060A025F33100172060A025F3410017A0A4576616C756174696F6E8001018A01236F72672E64656661756C743A61727469666163743A312E302E302D534E415053484F5492010231349801FFFFFFFFFFFFFFFFFF01A80100, '2018-05-13 12:10:45', '1', '3');
INSERT INTO `processinstanceinfo` VALUES ('15', '2018-05-13 13:11:03', '2018-05-13 13:11:03', 'com.sample.evaluation', 0xACED00057A00000247000852756C65466C6F770A060807100718004AFC01080012486F72672E64726F6F6C732E636F72652E6D61727368616C6C696E672E696D706C2E53657269616C697A61626C65506C616365686F6C6465725265736F6C76657253747261746567791AAD01ACED0005737200136A6176612E7574696C2E41727261794C6973747881D21D99C7619D03000149000473697A657870000000057704000000057400236F72672E64656661756C743A61727469666163743A312E302E302D534E415053484F5474000561646D696E74000A4576616C756174696F6E740015636F6D2E73616D706C652E6576616C756174696F6E74001D596561726C7920706572666F726D616E6365206576616C756174696F6E7852B3020A0852756C65466C6F77100F1A15636F6D2E73616D706C652E6576616C756174696F6E200128063A1B08031003220608011A02080C280130FFFFFFFFFFFFFFFFFF0140003A1F08051006220A08074A060A0408041001280130FFFFFFFFFFFFFFFFFF01400042160A0C6465706C6F796D656E74496410001A040000000042120A08656D706C6F79656510001A0400000001420E0A046E616D6510001A040000000242130A0970726F63657373496410001A040000000342100A06726561736F6E10001A040000000460006A025F316A025F326A025F356A025F3472060A025F33100172060A025F3610017A0A4576616C756174696F6E8001018A01236F72672E64656661756C743A61727469666163743A312E302E302D534E415053484F5492010231359801FFFFFFFFFFFFFFFFFF01A80100, '2018-05-13 12:47:12', '1', '5');
INSERT INTO `processinstanceinfo` VALUES ('16', '2018-05-13 15:14:28', '2018-05-13 15:14:27', 'mytest.helloworldScriptTask', 0xACED00057A000002C6000852756C65466C6F770A060807100718004AFE02080012486F72672E64726F6F6C732E636F72652E6D61727368616C6C696E672E696D706C2E53657269616C697A61626C65506C616365686F6C6465725265736F6C76657253747261746567791AAF02ACED0005737200136A6176612E7574696C2E41727261794C6973747881D21D99C7619D03000149000473697A65787000000006770400000006737200116A6176612E7574696C2E486173684D61700507DAC1C31660D103000246000A6C6F6164466163746F724900097468726573686F6C6478703F4000000000000C77080000001000000002740006726561736F6E74001D596561726C7920706572666F726D616E6365206576616C756174696F6E74000B706572666F726D616E636570787400236F72672E64656661756C743A61727469666163743A312E302E302D534E415053484F5474000561646D696E74001B6D79746573742E68656C6C6F776F726C645363726970745461736B74001B6D79746573742E68656C6C6F776F726C645363726970745461736B71007E00057852B0020A0852756C65466C6F7710101A1B6D79746573742E68656C6C6F776F726C645363726970745461736B200128043A1B08031004220608011A020810280130FFFFFFFFFFFFFFFFFF01400042110A07636F6E74656E7410001A040000000042160A0C6465706C6F796D656E74496410001A040000000142120A08656D706C6F79656510001A0400000002420E0A046E616D6510001A040000000342130A0970726F63657373496410001A040000000442100A06726561736F6E10001A040000000560006A025F326A025F336A025F3472060A025F3910017A1B6D79746573742E68656C6C6F776F726C645363726970745461736B8001018A01236F72672E64656661756C743A61727469666163743A312E302E302D534E415053484F5492010231369801FFFFFFFFFFFFFFFFFF01A80100, '2018-05-13 15:01:21', '1', '5');
INSERT INTO `processinstanceinfo` VALUES ('17', '2018-05-13 15:17:51', '2018-05-13 15:17:50', 'com.sample.evaluation', 0xACED00057A0000023F000852756C65466C6F770A060807100718004AFC01080012486F72672E64726F6F6C732E636F72652E6D61727368616C6C696E672E696D706C2E53657269616C697A61626C65506C616365686F6C6465725265736F6C76657253747261746567791AAD01ACED0005737200136A6176612E7574696C2E41727261794C6973747881D21D99C7619D03000149000473697A657870000000057704000000057400236F72672E64656661756C743A61727469666163743A312E302E302D534E415053484F5474000561646D696E74000A4576616C756174696F6E740015636F6D2E73616D706C652E6576616C756174696F6E74001D596561726C7920706572666F726D616E6365206576616C756174696F6E7852AB020A0852756C65466C6F7710111A15636F6D2E73616D706C652E6576616C756174696F6E200128053A1B08031003220608011A020813280130FFFFFFFFFFFFFFFFFF0140003A1B08041004220608011A020812280130FFFFFFFFFFFFFFFFFF01400042160A0C6465706C6F796D656E74496410001A040000000042120A08656D706C6F79656510001A0400000001420E0A046E616D6510001A040000000242130A0970726F63657373496410001A040000000342100A06726561736F6E10001A040000000460006A025F316A025F326A025F3572060A025F33100172060A025F3410017A0A4576616C756174696F6E8001018A01236F72672E64656661756C743A61727469666163743A312E302E302D534E415053484F5492010231379801FFFFFFFFFFFFFFFFFF01A80100, '2018-05-13 15:15:36', '1', '3');
INSERT INTO `processinstanceinfo` VALUES ('18', '2018-05-13 15:36:22', '2018-05-13 15:36:21', 'mytest.helloworldScriptTask', 0xACED00057A000002C6000852756C65466C6F770A060807100718004AFE02080012486F72672E64726F6F6C732E636F72652E6D61727368616C6C696E672E696D706C2E53657269616C697A61626C65506C616365686F6C6465725265736F6C76657253747261746567791AAF02ACED0005737200136A6176612E7574696C2E41727261794C6973747881D21D99C7619D03000149000473697A65787000000006770400000006737200116A6176612E7574696C2E486173684D61700507DAC1C31660D103000246000A6C6F6164466163746F724900097468726573686F6C6478703F4000000000000C77080000001000000002740006726561736F6E74001D596561726C7920706572666F726D616E6365206576616C756174696F6E74000B706572666F726D616E636570787400236F72672E64656661756C743A61727469666163743A312E302E302D534E415053484F5474000561646D696E74001B6D79746573742E68656C6C6F776F726C645363726970745461736B74001B6D79746573742E68656C6C6F776F726C645363726970745461736B71007E00057852B0020A0852756C65466C6F7710121A1B6D79746573742E68656C6C6F776F726C645363726970745461736B200128043A1B08031004220608011A020818280130FFFFFFFFFFFFFFFFFF01400042110A07636F6E74656E7410001A040000000042160A0C6465706C6F796D656E74496410001A040000000142120A08656D706C6F79656510001A0400000002420E0A046E616D6510001A040000000342130A0970726F63657373496410001A040000000442100A06726561736F6E10001A040000000560006A025F326A025F336A025F3472060A025F3910017A1B6D79746573742E68656C6C6F776F726C645363726970745461736B8001018A01236F72672E64656661756C743A61727469666163743A312E302E302D534E415053484F5492010231389801FFFFFFFFFFFFFFFFFF01A80100, '2018-05-13 15:35:25', '1', '5');
INSERT INTO `processinstanceinfo` VALUES ('19', '2018-05-13 15:38:54', '2018-05-13 15:38:54', 'com.sample.evaluation', 0xACED00057A0000023F000852756C65466C6F770A060807100718004AFC01080012486F72672E64726F6F6C732E636F72652E6D61727368616C6C696E672E696D706C2E53657269616C697A61626C65506C616365686F6C6465725265736F6C76657253747261746567791AAD01ACED0005737200136A6176612E7574696C2E41727261794C6973747881D21D99C7619D03000149000473697A657870000000057704000000057400236F72672E64656661756C743A61727469666163743A312E302E302D534E415053484F5474000561646D696E74000A4576616C756174696F6E740015636F6D2E73616D706C652E6576616C756174696F6E74001D596561726C7920706572666F726D616E6365206576616C756174696F6E7852AB020A0852756C65466C6F7710131A15636F6D2E73616D706C652E6576616C756174696F6E200128053A1B08031003220608011A02081A280130FFFFFFFFFFFFFFFFFF0140003A1B08041004220608011A02081B280130FFFFFFFFFFFFFFFFFF01400042160A0C6465706C6F796D656E74496410001A040000000042120A08656D706C6F79656510001A0400000001420E0A046E616D6510001A040000000242130A0970726F63657373496410001A040000000342100A06726561736F6E10001A040000000460006A025F316A025F326A025F3572060A025F33100172060A025F3410017A0A4576616C756174696F6E8001018A01236F72672E64656661756C743A61727469666163743A312E302E302D534E415053484F5492010231399801FFFFFFFFFFFFFFFFFF01A80100, '2018-05-13 15:38:14', '1', '3');
INSERT INTO `processinstanceinfo` VALUES ('20', '2018-05-13 16:37:10', '2018-05-13 16:37:10', 'mytest.helloworldScriptTask', 0xACED00057A000002C6000852756C65466C6F770A060807100718004AFE02080012486F72672E64726F6F6C732E636F72652E6D61727368616C6C696E672E696D706C2E53657269616C697A61626C65506C616365686F6C6465725265736F6C76657253747261746567791AAF02ACED0005737200136A6176612E7574696C2E41727261794C6973747881D21D99C7619D03000149000473697A65787000000006770400000006737200116A6176612E7574696C2E486173684D61700507DAC1C31660D103000246000A6C6F6164466163746F724900097468726573686F6C6478703F4000000000000C77080000001000000002740006726561736F6E74001D596561726C7920706572666F726D616E6365206576616C756174696F6E74000B706572666F726D616E636570787400236F72672E64656661756C743A61727469666163743A312E302E302D534E415053484F5474000561646D696E74001B6D79746573742E68656C6C6F776F726C645363726970745461736B74001B6D79746573742E68656C6C6F776F726C645363726970745461736B71007E00057852B0020A0852756C65466C6F7710141A1B6D79746573742E68656C6C6F776F726C645363726970745461736B200128043A1B08031004220608011A02081E280130FFFFFFFFFFFFFFFFFF01400042110A07636F6E74656E7410001A040000000042160A0C6465706C6F796D656E74496410001A040000000142120A08656D706C6F79656510001A0400000002420E0A046E616D6510001A040000000342130A0970726F63657373496410001A040000000442100A06726561736F6E10001A040000000560006A025F326A025F336A025F3472060A025F3910017A1B6D79746573742E68656C6C6F776F726C645363726970745461736B8001018A01236F72672E64656661756C743A61727469666163743A312E302E302D534E415053484F5492010232309801FFFFFFFFFFFFFFFFFF01A80100, '2018-05-13 16:36:19', '1', '5');
INSERT INTO `processinstanceinfo` VALUES ('21', '2018-05-13 16:42:47', '2018-05-13 16:42:46', 'com.sample.evaluation', 0xACED00057A0000023F000852756C65466C6F770A060807100718004AFC01080012486F72672E64726F6F6C732E636F72652E6D61727368616C6C696E672E696D706C2E53657269616C697A61626C65506C616365686F6C6465725265736F6C76657253747261746567791AAD01ACED0005737200136A6176612E7574696C2E41727261794C6973747881D21D99C7619D03000149000473697A657870000000057704000000057400236F72672E64656661756C743A61727469666163743A312E302E302D534E415053484F5474000561646D696E74000A4576616C756174696F6E740015636F6D2E73616D706C652E6576616C756174696F6E74001D596561726C7920706572666F726D616E6365206576616C756174696F6E7852AB020A0852756C65466C6F7710151A15636F6D2E73616D706C652E6576616C756174696F6E200128053A1B08031003220608011A020820280130FFFFFFFFFFFFFFFFFF0140003A1B08041004220608011A020821280130FFFFFFFFFFFFFFFFFF01400042160A0C6465706C6F796D656E74496410001A040000000042120A08656D706C6F79656510001A0400000001420E0A046E616D6510001A040000000242130A0970726F63657373496410001A040000000342100A06726561736F6E10001A040000000460006A025F316A025F326A025F3572060A025F33100172060A025F3410017A0A4576616C756174696F6E8001018A01236F72672E64656661756C743A61727469666163743A312E302E302D534E415053484F5492010232319801FFFFFFFFFFFFFFFFFF01A80100, '2018-05-13 16:42:33', '1', '3');
INSERT INTO `processinstanceinfo` VALUES ('22', '2018-05-13 20:10:01', '2018-05-13 20:10:01', 'com.sample.evaluation', 0xACED00057A0000023F000852756C65466C6F770A060807100718004AFC01080012486F72672E64726F6F6C732E636F72652E6D61727368616C6C696E672E696D706C2E53657269616C697A61626C65506C616365686F6C6465725265736F6C76657253747261746567791AAD01ACED0005737200136A6176612E7574696C2E41727261794C6973747881D21D99C7619D03000149000473697A657870000000057704000000057400236F72672E64656661756C743A61727469666163743A312E302E302D534E415053484F5474000561646D696E74000A4576616C756174696F6E740015636F6D2E73616D706C652E6576616C756174696F6E74001D596561726C7920706572666F726D616E6365206576616C756174696F6E7852AB020A0852756C65466C6F7710161A15636F6D2E73616D706C652E6576616C756174696F6E200128053A1B08031003220608011A020823280130FFFFFFFFFFFFFFFFFF0140003A1B08041004220608011A020824280130FFFFFFFFFFFFFFFFFF01400042160A0C6465706C6F796D656E74496410001A040000000042120A08656D706C6F79656510001A0400000001420E0A046E616D6510001A040000000242130A0970726F63657373496410001A040000000342100A06726561736F6E10001A040000000460006A025F316A025F326A025F3572060A025F33100172060A025F3410017A0A4576616C756174696F6E8001018A01236F72672E64656661756C743A61727469666163743A312E302E302D534E415053484F5492010232329801FFFFFFFFFFFFFFFFFF01A80100, '2018-05-13 20:09:08', '1', '3');
INSERT INTO `processinstanceinfo` VALUES ('23', '2018-05-13 21:15:46', '2018-05-13 21:15:46', 'com.sample.evaluation', 0xACED00057A00000212000852756C65466C6F770A060807100718004AFC01080012486F72672E64726F6F6C732E636F72652E6D61727368616C6C696E672E696D706C2E53657269616C697A61626C65506C616365686F6C6465725265736F6C76657253747261746567791AAD01ACED0005737200136A6176612E7574696C2E41727261794C6973747881D21D99C7619D03000149000473697A657870000000057704000000057400236F72672E64656661756C743A61727469666163743A312E302E302D534E415053484F5474000561646D696E74000A4576616C756174696F6E740015636F6D2E73616D706C652E6576616C756174696F6E74001D596561726C7920706572666F726D616E6365206576616C756174696F6E7852FE010A0852756C65466C6F7710171A15636F6D2E73616D706C652E6576616C756174696F6E200128023A1B08011002220608011A020825280130FFFFFFFFFFFFFFFFFF01400042160A0C6465706C6F796D656E74496410001A040000000042120A08656D706C6F79656510001A0400000001420E0A046E616D6510001A040000000242130A0970726F63657373496410001A040000000342100A06726561736F6E10001A040000000460006A025F3172060A025F3210017A0A4576616C756174696F6E8001018A01236F72672E64656661756C743A61727469666163743A312E302E302D534E415053484F5492010232339801FFFFFFFFFFFFFFFFFF01A80100, '2018-05-13 21:15:46', '1', '1');
INSERT INTO `processinstanceinfo` VALUES ('25', '2018-05-13 21:24:34', '2018-05-13 21:24:29', 'com.sample.evaluation', 0xACED00057A00000212000852756C65466C6F770A060807100718004AFC01080012486F72672E64726F6F6C732E636F72652E6D61727368616C6C696E672E696D706C2E53657269616C697A61626C65506C616365686F6C6465725265736F6C76657253747261746567791AAD01ACED0005737200136A6176612E7574696C2E41727261794C6973747881D21D99C7619D03000149000473697A657870000000057704000000057400236F72672E64656661756C743A61727469666163743A312E302E302D534E415053484F5474000561646D696E74000A4576616C756174696F6E740015636F6D2E73616D706C652E6576616C756174696F6E74001D596561726C7920706572666F726D616E6365206576616C756174696F6E7852FE010A0852756C65466C6F7710191A15636F6D2E73616D706C652E6576616C756174696F6E200128023A1B08011002220608011A020827280130FFFFFFFFFFFFFFFFFF01400042160A0C6465706C6F796D656E74496410001A040000000042120A08656D706C6F79656510001A0400000001420E0A046E616D6510001A040000000242130A0970726F63657373496410001A040000000342100A06726561736F6E10001A040000000460006A025F3172060A025F3210017A0A4576616C756174696F6E8001018A01236F72672E64656661756C743A61727469666163743A312E302E302D534E415053484F5492010232359801FFFFFFFFFFFFFFFFFF01A80100, '2018-05-13 21:24:29', '1', '1');
INSERT INTO `processinstanceinfo` VALUES ('26', '2018-05-13 21:32:05', '2018-05-13 21:31:45', 'com.sample.evaluation', 0xACED00057A00000212000852756C65466C6F770A060807100718004AFC01080012486F72672E64726F6F6C732E636F72652E6D61727368616C6C696E672E696D706C2E53657269616C697A61626C65506C616365686F6C6465725265736F6C76657253747261746567791AAD01ACED0005737200136A6176612E7574696C2E41727261794C6973747881D21D99C7619D03000149000473697A657870000000057704000000057400236F72672E64656661756C743A61727469666163743A312E302E302D534E415053484F5474000561646D696E74000A4576616C756174696F6E740015636F6D2E73616D706C652E6576616C756174696F6E74001D596561726C7920706572666F726D616E6365206576616C756174696F6E7852FE010A0852756C65466C6F77101A1A15636F6D2E73616D706C652E6576616C756174696F6E200128023A1B08011002220608011A020828280130FFFFFFFFFFFFFFFFFF01400042160A0C6465706C6F796D656E74496410001A040000000042120A08656D706C6F79656510001A0400000001420E0A046E616D6510001A040000000242130A0970726F63657373496410001A040000000342100A06726561736F6E10001A040000000460006A025F3172060A025F3210017A0A4576616C756174696F6E8001018A01236F72672E64656661756C743A61727469666163743A312E302E302D534E415053484F5492010232369801FFFFFFFFFFFFFFFFFF01A80100, '2018-05-13 21:31:45', '1', '1');
INSERT INTO `processinstanceinfo` VALUES ('28', '2018-05-13 21:50:25', '2018-05-13 21:50:14', 'com.sample.evaluation', 0xACED00057A00000212000852756C65466C6F770A060807100718004AFC01080012486F72672E64726F6F6C732E636F72652E6D61727368616C6C696E672E696D706C2E53657269616C697A61626C65506C616365686F6C6465725265736F6C76657253747261746567791AAD01ACED0005737200136A6176612E7574696C2E41727261794C6973747881D21D99C7619D03000149000473697A657870000000057704000000057400236F72672E64656661756C743A61727469666163743A312E302E302D534E415053484F5474000561646D696E74000A4576616C756174696F6E740015636F6D2E73616D706C652E6576616C756174696F6E74001D596561726C7920706572666F726D616E6365206576616C756174696F6E7852FE010A0852756C65466C6F77101C1A15636F6D2E73616D706C652E6576616C756174696F6E200128023A1B08011002220608011A02082A280130FFFFFFFFFFFFFFFFFF01400042160A0C6465706C6F796D656E74496410001A040000000042120A08656D706C6F79656510001A0400000001420E0A046E616D6510001A040000000242130A0970726F63657373496410001A040000000342100A06726561736F6E10001A040000000460006A025F3172060A025F3210017A0A4576616C756174696F6E8001018A01236F72672E64656661756C743A61727469666163743A312E302E302D534E415053484F5492010232389801FFFFFFFFFFFFFFFFFF01A80100, '2018-05-13 21:50:14', '1', '1');
INSERT INTO `processinstanceinfo` VALUES ('29', '2018-05-13 21:59:26', '2018-05-13 21:59:26', 'com.sample.evaluation', 0xACED00057A00000212000852756C65466C6F770A060807100718004AFC01080012486F72672E64726F6F6C732E636F72652E6D61727368616C6C696E672E696D706C2E53657269616C697A61626C65506C616365686F6C6465725265736F6C76657253747261746567791AAD01ACED0005737200136A6176612E7574696C2E41727261794C6973747881D21D99C7619D03000149000473697A657870000000057704000000057400236F72672E64656661756C743A61727469666163743A312E302E302D534E415053484F5474000561646D696E74000A4576616C756174696F6E740015636F6D2E73616D706C652E6576616C756174696F6E74001D596561726C7920706572666F726D616E6365206576616C756174696F6E7852FE010A0852756C65466C6F77101D1A15636F6D2E73616D706C652E6576616C756174696F6E200128023A1B08011002220608011A02082B280130FFFFFFFFFFFFFFFFFF01400042160A0C6465706C6F796D656E74496410001A040000000042120A08656D706C6F79656510001A0400000001420E0A046E616D6510001A040000000242130A0970726F63657373496410001A040000000342100A06726561736F6E10001A040000000460006A025F3172060A025F3210017A0A4576616C756174696F6E8001018A01236F72672E64656661756C743A61727469666163743A312E302E302D534E415053484F5492010232399801FFFFFFFFFFFFFFFFFF01A80100, '2018-05-13 21:59:26', '1', '1');
INSERT INTO `processinstanceinfo` VALUES ('30', '2018-05-13 21:59:55', '2018-05-13 21:59:55', 'com.sample.evaluation', 0xACED00057A00000212000852756C65466C6F770A060807100718004AFC01080012486F72672E64726F6F6C732E636F72652E6D61727368616C6C696E672E696D706C2E53657269616C697A61626C65506C616365686F6C6465725265736F6C76657253747261746567791AAD01ACED0005737200136A6176612E7574696C2E41727261794C6973747881D21D99C7619D03000149000473697A657870000000057704000000057400236F72672E64656661756C743A61727469666163743A312E302E302D534E415053484F5474000561646D696E74000A4576616C756174696F6E740015636F6D2E73616D706C652E6576616C756174696F6E74001D596561726C7920706572666F726D616E6365206576616C756174696F6E7852FE010A0852756C65466C6F77101E1A15636F6D2E73616D706C652E6576616C756174696F6E200128023A1B08011002220608011A02082C280130FFFFFFFFFFFFFFFFFF01400042160A0C6465706C6F796D656E74496410001A040000000042120A08656D706C6F79656510001A0400000001420E0A046E616D6510001A040000000242130A0970726F63657373496410001A040000000342100A06726561736F6E10001A040000000460006A025F3172060A025F3210017A0A4576616C756174696F6E8001018A01236F72672E64656661756C743A61727469666163743A312E302E302D534E415053484F5492010233309801FFFFFFFFFFFFFFFFFF01A80100, '2018-05-13 21:59:55', '1', '1');
INSERT INTO `processinstanceinfo` VALUES ('31', '2018-05-13 22:00:29', '2018-05-13 22:00:29', 'com.sample.evaluation', 0xACED00057A00000212000852756C65466C6F770A060807100718004AFC01080012486F72672E64726F6F6C732E636F72652E6D61727368616C6C696E672E696D706C2E53657269616C697A61626C65506C616365686F6C6465725265736F6C76657253747261746567791AAD01ACED0005737200136A6176612E7574696C2E41727261794C6973747881D21D99C7619D03000149000473697A657870000000057704000000057400236F72672E64656661756C743A61727469666163743A312E302E302D534E415053484F5474000561646D696E74000A4576616C756174696F6E740015636F6D2E73616D706C652E6576616C756174696F6E74001D596561726C7920706572666F726D616E6365206576616C756174696F6E7852FE010A0852756C65466C6F77101F1A15636F6D2E73616D706C652E6576616C756174696F6E200128023A1B08011002220608011A02082D280130FFFFFFFFFFFFFFFFFF01400042160A0C6465706C6F796D656E74496410001A040000000042120A08656D706C6F79656510001A0400000001420E0A046E616D6510001A040000000242130A0970726F63657373496410001A040000000342100A06726561736F6E10001A040000000460006A025F3172060A025F3210017A0A4576616C756174696F6E8001018A01236F72672E64656661756C743A61727469666163743A312E302E302D534E415053484F5492010233319801FFFFFFFFFFFFFFFFFF01A80100, '2018-05-13 22:00:28', '1', '1');
INSERT INTO `processinstanceinfo` VALUES ('32', '2018-05-14 08:14:56', '2018-05-14 08:14:56', 'com.sample.evaluation', 0xACED00057A0000023F000852756C65466C6F770A060807100718004AFC01080012486F72672E64726F6F6C732E636F72652E6D61727368616C6C696E672E696D706C2E53657269616C697A61626C65506C616365686F6C6465725265736F6C76657253747261746567791AAD01ACED0005737200136A6176612E7574696C2E41727261794C6973747881D21D99C7619D03000149000473697A657870000000057704000000057400236F72672E64656661756C743A61727469666163743A312E302E302D534E415053484F5474000561646D696E74000A4576616C756174696F6E740015636F6D2E73616D706C652E6576616C756174696F6E74001D596561726C7920706572666F726D616E6365206576616C756174696F6E7852AB020A0852756C65466C6F7710201A15636F6D2E73616D706C652E6576616C756174696F6E200128053A1B08031003220608011A02082F280130FFFFFFFFFFFFFFFFFF0140003A1B08041004220608011A020830280130FFFFFFFFFFFFFFFFFF01400042160A0C6465706C6F796D656E74496410001A040000000042120A08656D706C6F79656510001A0400000001420E0A046E616D6510001A040000000242130A0970726F63657373496410001A040000000342100A06726561736F6E10001A040000000460006A025F316A025F326A025F3572060A025F33100172060A025F3410017A0A4576616C756174696F6E8001018A01236F72672E64656661756C743A61727469666163743A312E302E302D534E415053484F5492010233329801FFFFFFFFFFFFFFFFFF01A80100, '2018-05-14 08:14:19', '1', '3');
INSERT INTO `processinstanceinfo` VALUES ('33', '2018-05-14 08:20:10', '2018-05-14 08:20:10', 'com.sample.evaluation', 0xACED00057A0000023F000852756C65466C6F770A060807100718004AFC01080012486F72672E64726F6F6C732E636F72652E6D61727368616C6C696E672E696D706C2E53657269616C697A61626C65506C616365686F6C6465725265736F6C76657253747261746567791AAD01ACED0005737200136A6176612E7574696C2E41727261794C6973747881D21D99C7619D03000149000473697A657870000000057704000000057400236F72672E64656661756C743A61727469666163743A312E302E302D534E415053484F5474000561646D696E74000A4576616C756174696F6E740015636F6D2E73616D706C652E6576616C756174696F6E74001D596561726C7920706572666F726D616E6365206576616C756174696F6E7852AB020A0852756C65466C6F7710211A15636F6D2E73616D706C652E6576616C756174696F6E200128053A1B08031003220608011A020832280130FFFFFFFFFFFFFFFFFF0140003A1B08041004220608011A020833280130FFFFFFFFFFFFFFFFFF01400042160A0C6465706C6F796D656E74496410001A040000000042120A08656D706C6F79656510001A0400000001420E0A046E616D6510001A040000000242130A0970726F63657373496410001A040000000342100A06726561736F6E10001A040000000460006A025F316A025F326A025F3572060A025F33100172060A025F3410017A0A4576616C756174696F6E8001018A01236F72672E64656661756C743A61727469666163743A312E302E302D534E415053484F5492010233339801FFFFFFFFFFFFFFFFFF01A80100, '2018-05-14 08:18:43', '1', '3');
INSERT INTO `processinstanceinfo` VALUES ('34', '2018-05-14 09:39:48', '2018-05-14 09:39:47', 'com.sample.evaluation', 0xACED00057A00000212000852756C65466C6F770A060807100718004AFC01080012486F72672E64726F6F6C732E636F72652E6D61727368616C6C696E672E696D706C2E53657269616C697A61626C65506C616365686F6C6465725265736F6C76657253747261746567791AAD01ACED0005737200136A6176612E7574696C2E41727261794C6973747881D21D99C7619D03000149000473697A657870000000057704000000057400236F72672E64656661756C743A61727469666163743A312E302E302D534E415053484F5474000561646D696E74000A4576616C756174696F6E740015636F6D2E73616D706C652E6576616C756174696F6E74001D596561726C7920706572666F726D616E6365206576616C756174696F6E7852FE010A0852756C65466C6F7710221A15636F6D2E73616D706C652E6576616C756174696F6E200128023A1B08011002220608011A020834280130FFFFFFFFFFFFFFFFFF01400042160A0C6465706C6F796D656E74496410001A040000000042120A08656D706C6F79656510001A0400000001420E0A046E616D6510001A040000000242130A0970726F63657373496410001A040000000342100A06726561736F6E10001A040000000460006A025F3172060A025F3210017A0A4576616C756174696F6E8001018A01236F72672E64656661756C743A61727469666163743A312E302E302D534E415053484F5492010233349801FFFFFFFFFFFFFFFFFF01A80100, '2018-05-14 09:39:47', '1', '1');
INSERT INTO `processinstanceinfo` VALUES ('35', '2018-05-14 09:41:36', '2018-05-14 09:41:35', 'com.sample.evaluation', 0xACED00057A00000212000852756C65466C6F770A060807100718004AFC01080012486F72672E64726F6F6C732E636F72652E6D61727368616C6C696E672E696D706C2E53657269616C697A61626C65506C616365686F6C6465725265736F6C76657253747261746567791AAD01ACED0005737200136A6176612E7574696C2E41727261794C6973747881D21D99C7619D03000149000473697A657870000000057704000000057400236F72672E64656661756C743A61727469666163743A312E302E302D534E415053484F5474000561646D696E74000A4576616C756174696F6E740015636F6D2E73616D706C652E6576616C756174696F6E74001D596561726C7920706572666F726D616E6365206576616C756174696F6E7852FE010A0852756C65466C6F7710231A15636F6D2E73616D706C652E6576616C756174696F6E200128023A1B08011002220608011A020835280130FFFFFFFFFFFFFFFFFF01400042160A0C6465706C6F796D656E74496410001A040000000042120A08656D706C6F79656510001A0400000001420E0A046E616D6510001A040000000242130A0970726F63657373496410001A040000000342100A06726561736F6E10001A040000000460006A025F3172060A025F3210017A0A4576616C756174696F6E8001018A01236F72672E64656661756C743A61727469666163743A312E302E302D534E415053484F5492010233359801FFFFFFFFFFFFFFFFFF01A80100, '2018-05-14 09:41:35', '1', '1');
INSERT INTO `processinstanceinfo` VALUES ('36', '2018-05-14 09:44:07', '2018-05-14 09:44:07', 'com.sample.evaluation', 0xACED00057A00000212000852756C65466C6F770A060807100718004AFC01080012486F72672E64726F6F6C732E636F72652E6D61727368616C6C696E672E696D706C2E53657269616C697A61626C65506C616365686F6C6465725265736F6C76657253747261746567791AAD01ACED0005737200136A6176612E7574696C2E41727261794C6973747881D21D99C7619D03000149000473697A657870000000057704000000057400236F72672E64656661756C743A61727469666163743A312E302E302D534E415053484F5474000561646D696E74000A4576616C756174696F6E740015636F6D2E73616D706C652E6576616C756174696F6E74001D596561726C7920706572666F726D616E6365206576616C756174696F6E7852FE010A0852756C65466C6F7710241A15636F6D2E73616D706C652E6576616C756174696F6E200128023A1B08011002220608011A020836280130FFFFFFFFFFFFFFFFFF01400042160A0C6465706C6F796D656E74496410001A040000000042120A08656D706C6F79656510001A0400000001420E0A046E616D6510001A040000000242130A0970726F63657373496410001A040000000342100A06726561736F6E10001A040000000460006A025F3172060A025F3210017A0A4576616C756174696F6E8001018A01236F72672E64656661756C743A61727469666163743A312E302E302D534E415053484F5492010233369801FFFFFFFFFFFFFFFFFF01A80100, '2018-05-14 09:44:07', '1', '1');
INSERT INTO `processinstanceinfo` VALUES ('37', '2018-05-14 09:44:31', '2018-05-14 09:44:31', 'com.sample.evaluation', 0xACED00057A00000212000852756C65466C6F770A060807100718004AFC01080012486F72672E64726F6F6C732E636F72652E6D61727368616C6C696E672E696D706C2E53657269616C697A61626C65506C616365686F6C6465725265736F6C76657253747261746567791AAD01ACED0005737200136A6176612E7574696C2E41727261794C6973747881D21D99C7619D03000149000473697A657870000000057704000000057400236F72672E64656661756C743A61727469666163743A312E302E302D534E415053484F5474000561646D696E74000A4576616C756174696F6E740015636F6D2E73616D706C652E6576616C756174696F6E74001D596561726C7920706572666F726D616E6365206576616C756174696F6E7852FE010A0852756C65466C6F7710251A15636F6D2E73616D706C652E6576616C756174696F6E200128023A1B08011002220608011A020837280130FFFFFFFFFFFFFFFFFF01400042160A0C6465706C6F796D656E74496410001A040000000042120A08656D706C6F79656510001A0400000001420E0A046E616D6510001A040000000242130A0970726F63657373496410001A040000000342100A06726561736F6E10001A040000000460006A025F3172060A025F3210017A0A4576616C756174696F6E8001018A01236F72672E64656661756C743A61727469666163743A312E302E302D534E415053484F5492010233379801FFFFFFFFFFFFFFFFFF01A80100, '2018-05-14 09:44:31', '1', '1');
INSERT INTO `processinstanceinfo` VALUES ('38', '2018-05-14 09:54:40', '2018-05-14 09:54:38', 'com.sample.evaluation', 0xACED00057A00000212000852756C65466C6F770A060807100718004AFC01080012486F72672E64726F6F6C732E636F72652E6D61727368616C6C696E672E696D706C2E53657269616C697A61626C65506C616365686F6C6465725265736F6C76657253747261746567791AAD01ACED0005737200136A6176612E7574696C2E41727261794C6973747881D21D99C7619D03000149000473697A657870000000057704000000057400236F72672E64656661756C743A61727469666163743A312E302E302D534E415053484F5474000561646D696E74000A4576616C756174696F6E740015636F6D2E73616D706C652E6576616C756174696F6E74001D596561726C7920706572666F726D616E6365206576616C756174696F6E7852FE010A0852756C65466C6F7710261A15636F6D2E73616D706C652E6576616C756174696F6E200128023A1B08011002220608011A020838280130FFFFFFFFFFFFFFFFFF01400042160A0C6465706C6F796D656E74496410001A040000000042120A08656D706C6F79656510001A0400000001420E0A046E616D6510001A040000000242130A0970726F63657373496410001A040000000342100A06726561736F6E10001A040000000460006A025F3172060A025F3210017A0A4576616C756174696F6E8001018A01236F72672E64656661756C743A61727469666163743A312E302E302D534E415053484F5492010233389801FFFFFFFFFFFFFFFFFF01A80100, '2018-05-14 09:54:38', '1', '1');
INSERT INTO `processinstanceinfo` VALUES ('40', '2018-05-14 13:35:32', '2018-05-14 13:35:32', 'com.sample.evaluation', 0xACED00057A00000245000852756C65466C6F770A060807100718004AFA01080012486F72672E64726F6F6C732E636F72652E6D61727368616C6C696E672E696D706C2E53657269616C697A61626C65506C616365686F6C6465725265736F6C76657253747261746567791AAB01ACED0005737200136A6176612E7574696C2E41727261794C6973747881D21D99C7619D03000149000473697A657870000000057704000000057400236F72672E64656661756C743A61727469666163743A312E302E302D534E415053484F54740003746D7074000A4576616C756174696F6E740015636F6D2E73616D706C652E6576616C756174696F6E74001D596561726C7920706572666F726D616E6365206576616C756174696F6E7852B3020A0852756C65466C6F7710281A15636F6D2E73616D706C652E6576616C756174696F6E200128063A1B08031003220608011A02083E280130FFFFFFFFFFFFFFFFFF0140003A1F08051006220A08074A060A0408041001280130FFFFFFFFFFFFFFFFFF01400042160A0C6465706C6F796D656E74496410001A040000000042120A08656D706C6F79656510001A0400000001420E0A046E616D6510001A040000000242130A0970726F63657373496410001A040000000342100A06726561736F6E10001A040000000460006A025F316A025F326A025F356A025F3472060A025F33100172060A025F3610017A0A4576616C756174696F6E8001018A01236F72672E64656661756C743A61727469666163743A312E302E302D534E415053484F5492010234309801FFFFFFFFFFFFFFFFFF01A80100, '2018-05-14 13:34:35', '1', '5');
INSERT INTO `processinstanceinfo` VALUES ('41', '2018-05-14 13:39:45', '2018-05-14 13:39:45', 'mytest.helloworldScriptTask', 0xACED00057A000002C5000852756C65466C6F770A060807100718004AFD02080012486F72672E64726F6F6C732E636F72652E6D61727368616C6C696E672E696D706C2E53657269616C697A61626C65506C616365686F6C6465725265736F6C76657253747261746567791AAE02ACED0005737200136A6176612E7574696C2E41727261794C6973747881D21D99C7619D03000149000473697A65787000000006770400000006737200116A6176612E7574696C2E486173684D61700507DAC1C31660D103000246000A6C6F6164466163746F724900097468726573686F6C6478703F4000000000000C77080000001000000002740006726561736F6E74001D596561726C7920706572666F726D616E6365206576616C756174696F6E74000B706572666F726D616E636570787400236F72672E64656661756C743A61727469666163743A312E302E302D534E415053484F547400046A6F686E74001B6D79746573742E68656C6C6F776F726C645363726970745461736B74001B6D79746573742E68656C6C6F776F726C645363726970745461736B71007E00057852B0020A0852756C65466C6F7710291A1B6D79746573742E68656C6C6F776F726C645363726970745461736B200128043A1B08031004220608011A020841280130FFFFFFFFFFFFFFFFFF01400042110A07636F6E74656E7410001A040000000042160A0C6465706C6F796D656E74496410001A040000000142120A08656D706C6F79656510001A0400000002420E0A046E616D6510001A040000000342130A0970726F63657373496410001A040000000442100A06726561736F6E10001A040000000560006A025F326A025F336A025F3472060A025F3910017A1B6D79746573742E68656C6C6F776F726C645363726970745461736B8001018A01236F72672E64656661756C743A61727469666163743A312E302E302D534E415053484F5492010234319801FFFFFFFFFFFFFFFFFF01A80100, '2018-05-14 13:38:55', '1', '5');

-- ----------------------------
-- Table structure for processinstancelog
-- ----------------------------
DROP TABLE IF EXISTS `processinstancelog`;
CREATE TABLE `processinstancelog` (
  `id` bigint(20) NOT NULL AUTO_INCREMENT,
  `correlationKey` varchar(255) DEFAULT NULL,
  `duration` bigint(20) DEFAULT NULL,
  `end_date` datetime DEFAULT NULL,
  `externalId` varchar(255) DEFAULT NULL,
  `user_identity` varchar(255) DEFAULT NULL,
  `outcome` varchar(255) DEFAULT NULL,
  `parentProcessInstanceId` bigint(20) DEFAULT NULL,
  `processId` varchar(255) DEFAULT NULL,
  `processInstanceDescription` varchar(255) DEFAULT NULL,
  `processInstanceId` bigint(20) NOT NULL,
  `processName` varchar(255) DEFAULT NULL,
  `processType` int(11) DEFAULT NULL,
  `processVersion` varchar(255) DEFAULT NULL,
  `slaCompliance` int(11) DEFAULT NULL,
  `sla_due_date` datetime DEFAULT NULL,
  `start_date` datetime DEFAULT NULL,
  `status` int(11) DEFAULT NULL,
  PRIMARY KEY (`id`)
) ENGINE=InnoDB AUTO_INCREMENT=42 DEFAULT CHARSET=utf8;

-- ----------------------------
-- Records of processinstancelog
-- ----------------------------
INSERT INTO `processinstancelog` VALUES ('1', '1', '159', '2018-05-11 21:33:07', 'org.default:artifact:1.0.0-SNAPSHOT', 'anonymousUser', null, '-1', 'hello', 'hello', '1', 'hello', '1', '1.0', '0', null, '2018-05-11 21:33:07', '2');
INSERT INTO `processinstancelog` VALUES ('2', '2', '109', '2018-05-12 19:08:03', 'org.default:artifact:1.0.0-SNAPSHOT', 'admin', null, '-1', 'hello', 'hello', '2', 'hello', '1', '1.0', '0', null, '2018-05-12 19:08:03', '2');
INSERT INTO `processinstancelog` VALUES ('3', '3', '1050', '2018-05-12 20:04:46', 'org.default:artifact:1.0.0-SNAPSHOT', 'admin', null, '-1', 'hello', 'hello', '3', 'hello', '1', '1.0', '0', null, '2018-05-12 20:04:45', '2');
INSERT INTO `processinstancelog` VALUES ('4', '4', '104', '2018-05-12 20:23:38', 'org.default:artifact:1.0.0-SNAPSHOT', 'admin', null, '-1', 'hello', 'hello', '4', 'hello', '1', '1.0', '0', null, '2018-05-12 20:23:37', '2');
INSERT INTO `processinstancelog` VALUES ('5', '5', '109', '2018-05-12 20:32:01', 'org.default:artifact:1.0.0-SNAPSHOT', 'admin', null, '-1', 'hello', 'hello', '5', 'hello', '1', '1.0', '0', null, '2018-05-12 20:32:01', '2');
INSERT INTO `processinstancelog` VALUES ('6', '6', '19', '2018-05-12 20:34:04', 'org.default:artifact:1.0.0-SNAPSHOT', 'admin', null, '-1', 'hello', 'hello', '6', 'hello', '1', '1.0', '0', null, '2018-05-12 20:34:04', '2');
INSERT INTO `processinstancelog` VALUES ('7', '7', null, null, 'org.default:artifact:1.0.0-SNAPSHOT', 'admin', null, '-1', 'org.jbpm.examples.checklist.sample1', 'SampleChecklistProcess', '7', 'SampleChecklistProcess', '2', '1', '0', null, '2018-05-13 05:54:06', '1');
INSERT INTO `processinstancelog` VALUES ('8', '8', null, null, 'org.default:artifact:1.0.0-SNAPSHOT', 'admin', null, '-1', 'com.sample.evaluation', 'Evaluation', '8', 'Evaluation', '1', null, '0', null, '2018-05-13 05:56:32', '1');
INSERT INTO `processinstancelog` VALUES ('9', '9', null, null, 'org.default:artifact:1.0.0-SNAPSHOT', 'admin', null, '-1', 'com.sample.evaluation', 'Evaluation', '9', 'Evaluation', '1', null, '0', null, '2018-05-13 06:31:05', '1');
INSERT INTO `processinstancelog` VALUES ('10', '10', null, null, 'org.default:artifact:1.0.0-SNAPSHOT', 'admin', null, '-1', 'org.jbpm.examples.checklist.sample1', 'SampleChecklistProcess', '10', 'SampleChecklistProcess', '2', '1', '0', null, '2018-05-13 06:42:26', '1');
INSERT INTO `processinstancelog` VALUES ('11', '11', null, null, 'org.default:artifact:1.0.0-SNAPSHOT', 'admin', null, '-1', 'com.sample.evaluation', 'Evaluation', '11', 'Evaluation', '1', null, '0', null, '2018-05-13 09:16:56', '1');
INSERT INTO `processinstancelog` VALUES ('12', '12', null, null, 'org.default:artifact:1.0.0-SNAPSHOT', 'admin', null, '-1', 'com.sample.evaluation', 'Evaluation', '12', 'Evaluation', '1', null, '0', null, '2018-05-13 09:43:23', '1');
INSERT INTO `processinstancelog` VALUES ('13', '13', null, null, 'org.default:artifact:1.0.0-SNAPSHOT', 'admin', null, '-1', 'com.sample.evaluation', 'Evaluation', '13', 'Evaluation', '1', null, '0', null, '2018-05-13 10:00:31', '1');
INSERT INTO `processinstancelog` VALUES ('14', '14', null, null, 'org.default:artifact:1.0.0-SNAPSHOT', 'admin', null, '-1', 'com.sample.evaluation', 'Evaluation', '14', 'Evaluation', '1', null, '0', null, '2018-05-13 12:10:46', '1');
INSERT INTO `processinstancelog` VALUES ('15', '15', null, null, 'org.default:artifact:1.0.0-SNAPSHOT', 'admin', null, '-1', 'com.sample.evaluation', 'Evaluation', '15', 'Evaluation', '1', null, '0', null, '2018-05-13 12:47:12', '1');
INSERT INTO `processinstancelog` VALUES ('16', '16', null, null, 'org.default:artifact:1.0.0-SNAPSHOT', 'john', null, '-1', 'mytest.helloworldScriptTask', 'mytest.helloworldScriptTask', '16', 'mytest.helloworldScriptTask', '1', null, '0', null, '2018-05-13 15:01:21', '1');
INSERT INTO `processinstancelog` VALUES ('17', '17', null, null, 'org.default:artifact:1.0.0-SNAPSHOT', 'mary', null, '-1', 'com.sample.evaluation', 'Evaluation', '17', 'Evaluation', '1', null, '0', null, '2018-05-13 15:15:36', '1');
INSERT INTO `processinstancelog` VALUES ('18', '18', null, null, 'org.default:artifact:1.0.0-SNAPSHOT', 'john', null, '-1', 'mytest.helloworldScriptTask', 'mytest.helloworldScriptTask', '18', 'mytest.helloworldScriptTask', '1', null, '0', null, '2018-05-13 15:35:25', '1');
INSERT INTO `processinstancelog` VALUES ('19', '19', null, null, 'org.default:artifact:1.0.0-SNAPSHOT', 'admin', null, '-1', 'com.sample.evaluation', 'Evaluation', '19', 'Evaluation', '1', null, '0', null, '2018-05-13 15:38:14', '1');
INSERT INTO `processinstancelog` VALUES ('20', '20', null, null, 'org.default:artifact:1.0.0-SNAPSHOT', 'admin', null, '-1', 'mytest.helloworldScriptTask', 'mytest.helloworldScriptTask', '20', 'mytest.helloworldScriptTask', '1', null, '0', null, '2018-05-13 16:36:19', '1');
INSERT INTO `processinstancelog` VALUES ('21', '21', null, null, 'org.default:artifact:1.0.0-SNAPSHOT', 'admin', null, '-1', 'com.sample.evaluation', 'Evaluation', '21', 'Evaluation', '1', null, '0', null, '2018-05-13 16:42:33', '1');
INSERT INTO `processinstancelog` VALUES ('22', '22', null, null, 'org.default:artifact:1.0.0-SNAPSHOT', 'admin', null, '-1', 'com.sample.evaluation', 'Evaluation', '22', 'Evaluation', '1', null, '0', null, '2018-05-13 20:09:08', '1');
INSERT INTO `processinstancelog` VALUES ('23', '23', null, null, 'org.default:artifact:1.0.0-SNAPSHOT', 'admin', null, '-1', 'com.sample.evaluation', 'Evaluation', '23', 'Evaluation', '1', null, '0', null, '2018-05-13 21:15:46', '1');
INSERT INTO `processinstancelog` VALUES ('25', '25', null, null, 'org.default:artifact:1.0.0-SNAPSHOT', 'admin', null, '-1', 'com.sample.evaluation', 'Evaluation', '25', 'Evaluation', '1', null, '0', null, '2018-05-13 21:24:29', '1');
INSERT INTO `processinstancelog` VALUES ('26', '26', null, null, 'org.default:artifact:1.0.0-SNAPSHOT', 'admin', null, '-1', 'com.sample.evaluation', 'Evaluation', '26', 'Evaluation', '1', null, '0', null, '2018-05-13 21:31:45', '1');
INSERT INTO `processinstancelog` VALUES ('28', '28', null, null, 'org.default:artifact:1.0.0-SNAPSHOT', 'admin', null, '-1', 'com.sample.evaluation', 'Evaluation', '28', 'Evaluation', '1', null, '0', null, '2018-05-13 21:50:14', '1');
INSERT INTO `processinstancelog` VALUES ('29', '29', null, null, 'org.default:artifact:1.0.0-SNAPSHOT', 'admin', null, '-1', 'com.sample.evaluation', 'Evaluation', '29', 'Evaluation', '1', null, '0', null, '2018-05-13 21:59:26', '1');
INSERT INTO `processinstancelog` VALUES ('30', '30', null, null, 'org.default:artifact:1.0.0-SNAPSHOT', 'admin', null, '-1', 'com.sample.evaluation', 'Evaluation', '30', 'Evaluation', '1', null, '0', null, '2018-05-13 21:59:55', '1');
INSERT INTO `processinstancelog` VALUES ('31', '31', null, null, 'org.default:artifact:1.0.0-SNAPSHOT', 'admin', null, '-1', 'com.sample.evaluation', 'Evaluation', '31', 'Evaluation', '1', null, '0', null, '2018-05-13 22:00:29', '1');
INSERT INTO `processinstancelog` VALUES ('32', '32', null, null, 'org.default:artifact:1.0.0-SNAPSHOT', 'admin', null, '-1', 'com.sample.evaluation', 'Evaluation', '32', 'Evaluation', '1', null, '0', null, '2018-05-14 08:14:19', '1');
INSERT INTO `processinstancelog` VALUES ('33', '33', null, null, 'org.default:artifact:1.0.0-SNAPSHOT', 'john', null, '-1', 'com.sample.evaluation', 'Evaluation', '33', 'Evaluation', '1', null, '0', null, '2018-05-14 08:18:43', '1');
INSERT INTO `processinstancelog` VALUES ('34', '34', null, null, 'org.default:artifact:1.0.0-SNAPSHOT', 'admin', null, '-1', 'com.sample.evaluation', 'Evaluation', '34', 'Evaluation', '1', null, '0', null, '2018-05-14 09:39:48', '1');
INSERT INTO `processinstancelog` VALUES ('35', '35', null, null, 'org.default:artifact:1.0.0-SNAPSHOT', 'admin', null, '-1', 'com.sample.evaluation', 'Evaluation', '35', 'Evaluation', '1', null, '0', null, '2018-05-14 09:41:35', '1');
INSERT INTO `processinstancelog` VALUES ('36', '36', null, null, 'org.default:artifact:1.0.0-SNAPSHOT', 'admin', null, '-1', 'com.sample.evaluation', 'Evaluation', '36', 'Evaluation', '1', null, '0', null, '2018-05-14 09:44:07', '1');
INSERT INTO `processinstancelog` VALUES ('37', '37', null, null, 'org.default:artifact:1.0.0-SNAPSHOT', 'john', null, '-1', 'com.sample.evaluation', 'Evaluation', '37', 'Evaluation', '1', null, '0', null, '2018-05-14 09:44:31', '1');
INSERT INTO `processinstancelog` VALUES ('38', '38', null, null, 'org.default:artifact:1.0.0-SNAPSHOT', 'john', null, '-1', 'com.sample.evaluation', 'Evaluation', '38', 'Evaluation', '1', null, '0', null, '2018-05-14 09:54:38', '1');
INSERT INTO `processinstancelog` VALUES ('39', '39', '12776226', '2018-05-14 13:33:51', 'org.default:artifact:1.0.0-SNAPSHOT', 'tmp', null, '-1', 'com.sample.evaluation', 'Evaluation', '39', 'Evaluation', '1', null, '0', null, '2018-05-14 10:00:55', '2');
INSERT INTO `processinstancelog` VALUES ('40', '40', null, null, 'org.default:artifact:1.0.0-SNAPSHOT', 'tmp', null, '-1', 'com.sample.evaluation', 'Evaluation', '40', 'Evaluation', '1', null, '0', null, '2018-05-14 13:34:35', '1');
INSERT INTO `processinstancelog` VALUES ('41', '41', null, null, 'org.default:artifact:1.0.0-SNAPSHOT', 'john', null, '-1', 'mytest.helloworldScriptTask', 'mytest.helloworldScriptTask', '41', 'mytest.helloworldScriptTask', '1', null, '0', null, '2018-05-14 13:38:55', '1');

-- ----------------------------
-- Table structure for querydefinitionstore
-- ----------------------------
DROP TABLE IF EXISTS `querydefinitionstore`;
CREATE TABLE `querydefinitionstore` (
  `id` bigint(20) NOT NULL AUTO_INCREMENT,
  `qExpression` longtext,
  `qName` varchar(255) DEFAULT NULL,
  `qSource` varchar(255) DEFAULT NULL,
  `qTarget` varchar(255) DEFAULT NULL,
  PRIMARY KEY (`id`),
  UNIQUE KEY `UK1dmy087nhbykucpgjipcnyluv` (`qName`)
) ENGINE=InnoDB DEFAULT CHARSET=utf8;

-- ----------------------------
-- Records of querydefinitionstore
-- ----------------------------

-- ----------------------------
-- Table structure for reassignment
-- ----------------------------
DROP TABLE IF EXISTS `reassignment`;
CREATE TABLE `reassignment` (
  `id` bigint(20) NOT NULL AUTO_INCREMENT,
  `Escalation_Reassignments_Id` bigint(20) DEFAULT NULL,
  PRIMARY KEY (`id`),
  KEY `FKessy30safh44b30f1cfoujv2k` (`Escalation_Reassignments_Id`),
  CONSTRAINT `FKessy30safh44b30f1cfoujv2k` FOREIGN KEY (`Escalation_Reassignments_Id`) REFERENCES `escalation` (`id`)
) ENGINE=InnoDB DEFAULT CHARSET=utf8;

-- ----------------------------
-- Records of reassignment
-- ----------------------------

-- ----------------------------
-- Table structure for reassignment_potentialowners
-- ----------------------------
DROP TABLE IF EXISTS `reassignment_potentialowners`;
CREATE TABLE `reassignment_potentialowners` (
  `task_id` bigint(20) NOT NULL,
  `entity_id` varchar(255) NOT NULL,
  KEY `FKsqrmpvehlc4qe9i0km22nmkjl` (`entity_id`),
  KEY `FKftegfexshix752bh2jfxf6bnh` (`task_id`),
  CONSTRAINT `FKftegfexshix752bh2jfxf6bnh` FOREIGN KEY (`task_id`) REFERENCES `reassignment` (`id`),
  CONSTRAINT `FKsqrmpvehlc4qe9i0km22nmkjl` FOREIGN KEY (`entity_id`) REFERENCES `organizationalentity` (`id`)
) ENGINE=InnoDB DEFAULT CHARSET=utf8;

-- ----------------------------
-- Records of reassignment_potentialowners
-- ----------------------------

-- ----------------------------
-- Table structure for requestinfo
-- ----------------------------
DROP TABLE IF EXISTS `requestinfo`;
CREATE TABLE `requestinfo` (
  `id` bigint(20) NOT NULL AUTO_INCREMENT,
  `commandName` varchar(255) DEFAULT NULL,
  `deploymentId` varchar(255) DEFAULT NULL,
  `executions` int(11) NOT NULL,
  `businessKey` varchar(255) DEFAULT NULL,
  `message` varchar(255) DEFAULT NULL,
  `owner` varchar(255) DEFAULT NULL,
  `priority` int(11) NOT NULL,
  `processInstanceId` bigint(20) DEFAULT NULL,
  `requestData` longblob,
  `responseData` longblob,
  `retries` int(11) NOT NULL,
  `status` varchar(255) DEFAULT NULL,
  `timestamp` datetime DEFAULT NULL,
  PRIMARY KEY (`id`)
) ENGINE=InnoDB DEFAULT CHARSET=utf8;

-- ----------------------------
-- Records of requestinfo
-- ----------------------------

-- ----------------------------
-- Table structure for sessioninfo
-- ----------------------------
DROP TABLE IF EXISTS `sessioninfo`;
CREATE TABLE `sessioninfo` (
  `id` bigint(20) NOT NULL AUTO_INCREMENT,
  `lastModificationDate` datetime DEFAULT NULL,
  `rulesByteArray` longblob,
  `startDate` datetime DEFAULT NULL,
  `OPTLOCK` int(11) DEFAULT NULL,
  PRIMARY KEY (`id`)
) ENGINE=InnoDB AUTO_INCREMENT=111 DEFAULT CHARSET=utf8;

-- ----------------------------
-- Records of sessioninfo
-- ----------------------------
INSERT INTO `sessioninfo` VALUES ('1', '2018-05-11 21:33:07', 0xACED0005777C0A060807100718005272080010001A6818002000320608011000180042231A190A044D41494E10001801200028FFFFFFFFFFFFFFFFFF01400022060A044D41494E52350A0744454641554C54222A0A266F72672E64726F6F6C732E636F72652E726574656F6F2E496E697469616C46616374496D706C100022026800, '2018-05-11 21:30:17', '2');
INSERT INTO `sessioninfo` VALUES ('2', null, 0xACED0005777C0A060807100718005272080010001A6818002000320608011000180042231A190A044D41494E10001801200028FFFFFFFFFFFFFFFFFF01400022060A044D41494E52350A0744454641554C54222A0A266F72672E64726F6F6C732E636F72652E726574656F6F2E496E697469616C46616374496D706C100022026800, '2018-05-12 09:32:34', '1');
INSERT INTO `sessioninfo` VALUES ('3', null, 0xACED0005777C0A060807100718005272080010001A6818002000320608011000180042231A190A044D41494E10001801200028FFFFFFFFFFFFFFFFFF01400022060A044D41494E52350A0744454641554C54222A0A266F72672E64726F6F6C732E636F72652E726574656F6F2E496E697469616C46616374496D706C100022026800, '2018-05-12 09:34:42', '1');
INSERT INTO `sessioninfo` VALUES ('4', null, 0xACED0005777C0A060807100718005272080010001A6818002000320608011000180042231A190A044D41494E10001801200028FFFFFFFFFFFFFFFFFF01400022060A044D41494E52350A0744454641554C54222A0A266F72672E64726F6F6C732E636F72652E726574656F6F2E496E697469616C46616374496D706C100022026800, '2018-05-12 09:39:25', '1');
INSERT INTO `sessioninfo` VALUES ('5', null, 0xACED0005777C0A060807100718005272080010001A6818002000320608011000180042231A190A044D41494E10001801200028FFFFFFFFFFFFFFFFFF01400022060A044D41494E52350A0744454641554C54222A0A266F72672E64726F6F6C732E636F72652E726574656F6F2E496E697469616C46616374496D706C100022026800, '2018-05-12 11:25:52', '1');
INSERT INTO `sessioninfo` VALUES ('6', null, 0xACED0005777C0A060807100718005272080010001A6818002000320608011000180042231A190A044D41494E10001801200028FFFFFFFFFFFFFFFFFF01400022060A044D41494E52350A0744454641554C54222A0A266F72672E64726F6F6C732E636F72652E726574656F6F2E496E697469616C46616374496D706C100022026800, '2018-05-12 11:29:13', '1');
INSERT INTO `sessioninfo` VALUES ('7', null, 0xACED0005777C0A060807100718005272080010001A6818002000320608011000180042231A190A044D41494E10001801200028FFFFFFFFFFFFFFFFFF01400022060A044D41494E52350A0744454641554C54222A0A266F72672E64726F6F6C732E636F72652E726574656F6F2E496E697469616C46616374496D706C100022026800, '2018-05-12 11:31:03', '1');
INSERT INTO `sessioninfo` VALUES ('8', null, 0xACED0005777C0A060807100718005272080010001A6818002000320608011000180042231A190A044D41494E10001801200028FFFFFFFFFFFFFFFFFF01400022060A044D41494E52350A0744454641554C54222A0A266F72672E64726F6F6C732E636F72652E726574656F6F2E496E697469616C46616374496D706C100022026800, '2018-05-12 12:04:50', '1');
INSERT INTO `sessioninfo` VALUES ('9', null, 0xACED0005777C0A060807100718005272080010001A6818002000320608011000180042231A190A044D41494E10001801200028FFFFFFFFFFFFFFFFFF01400022060A044D41494E52350A0744454641554C54222A0A266F72672E64726F6F6C732E636F72652E726574656F6F2E496E697469616C46616374496D706C100022026800, '2018-05-12 12:08:36', '1');
INSERT INTO `sessioninfo` VALUES ('10', null, 0xACED0005777C0A060807100718005272080010001A6818002000320608011000180042231A190A044D41494E10001801200028FFFFFFFFFFFFFFFFFF01400022060A044D41494E52350A0744454641554C54222A0A266F72672E64726F6F6C732E636F72652E726574656F6F2E496E697469616C46616374496D706C100022026800, '2018-05-12 12:19:14', '1');
INSERT INTO `sessioninfo` VALUES ('11', null, 0xACED0005777C0A060807100718005272080010001A6818002000320608011000180042231A190A044D41494E10001801200028FFFFFFFFFFFFFFFFFF01400022060A044D41494E52350A0744454641554C54222A0A266F72672E64726F6F6C732E636F72652E726574656F6F2E496E697469616C46616374496D706C100022026800, '2018-05-12 12:22:41', '1');
INSERT INTO `sessioninfo` VALUES ('12', null, 0xACED0005777C0A060807100718005272080010001A6818002000320608011000180042231A190A044D41494E10001801200028FFFFFFFFFFFFFFFFFF01400022060A044D41494E52350A0744454641554C54222A0A266F72672E64726F6F6C732E636F72652E726574656F6F2E496E697469616C46616374496D706C100022026800, '2018-05-12 12:32:37', '1');
INSERT INTO `sessioninfo` VALUES ('13', null, 0xACED0005777C0A060807100718005272080010001A6818002000320608011000180042231A190A044D41494E10001801200028FFFFFFFFFFFFFFFFFF01400022060A044D41494E52350A0744454641554C54222A0A266F72672E64726F6F6C732E636F72652E726574656F6F2E496E697469616C46616374496D706C100022026800, '2018-05-12 12:34:35', '1');
INSERT INTO `sessioninfo` VALUES ('14', null, 0xACED0005777C0A060807100718005272080010001A6818002000320608011000180042231A190A044D41494E10001801200028FFFFFFFFFFFFFFFFFF01400022060A044D41494E52350A0744454641554C54222A0A266F72672E64726F6F6C732E636F72652E726574656F6F2E496E697469616C46616374496D706C100022026800, '2018-05-12 12:38:49', '1');
INSERT INTO `sessioninfo` VALUES ('15', null, 0xACED0005777C0A060807100718005272080010001A6818002000320608011000180042231A190A044D41494E10001801200028FFFFFFFFFFFFFFFFFF01400022060A044D41494E52350A0744454641554C54222A0A266F72672E64726F6F6C732E636F72652E726574656F6F2E496E697469616C46616374496D706C100022026800, '2018-05-12 12:43:31', '1');
INSERT INTO `sessioninfo` VALUES ('16', null, 0xACED0005777C0A060807100718005272080010001A6818002000320608011000180042231A190A044D41494E10001801200028FFFFFFFFFFFFFFFFFF01400022060A044D41494E52350A0744454641554C54222A0A266F72672E64726F6F6C732E636F72652E726574656F6F2E496E697469616C46616374496D706C100022026800, '2018-05-12 13:03:19', '1');
INSERT INTO `sessioninfo` VALUES ('17', null, 0xACED0005777C0A060807100718005272080010001A6818002000320608011000180042231A190A044D41494E10001801200028FFFFFFFFFFFFFFFFFF01400022060A044D41494E52350A0744454641554C54222A0A266F72672E64726F6F6C732E636F72652E726574656F6F2E496E697469616C46616374496D706C100022026800, '2018-05-12 13:37:23', '1');
INSERT INTO `sessioninfo` VALUES ('18', null, 0xACED0005777C0A060807100718005272080010001A6818002000320608011000180042231A190A044D41494E10001801200028FFFFFFFFFFFFFFFFFF01400022060A044D41494E52350A0744454641554C54222A0A266F72672E64726F6F6C732E636F72652E726574656F6F2E496E697469616C46616374496D706C100022026800, '2018-05-12 14:18:30', '1');
INSERT INTO `sessioninfo` VALUES ('19', null, 0xACED0005777C0A060807100718005272080010001A6818002000320608011000180042231A190A044D41494E10001801200028FFFFFFFFFFFFFFFFFF01400022060A044D41494E52350A0744454641554C54222A0A266F72672E64726F6F6C732E636F72652E726574656F6F2E496E697469616C46616374496D706C100022026800, '2018-05-12 14:24:46', '1');
INSERT INTO `sessioninfo` VALUES ('20', null, 0xACED0005777C0A060807100718005272080010001A6818002000320608011000180042231A190A044D41494E10001801200028FFFFFFFFFFFFFFFFFF01400022060A044D41494E52350A0744454641554C54222A0A266F72672E64726F6F6C732E636F72652E726574656F6F2E496E697469616C46616374496D706C100022026800, '2018-05-12 14:27:52', '1');
INSERT INTO `sessioninfo` VALUES ('21', null, 0xACED0005777C0A060807100718005272080010001A6818002000320608011000180042231A190A044D41494E10001801200028FFFFFFFFFFFFFFFFFF01400022060A044D41494E52350A0744454641554C54222A0A266F72672E64726F6F6C732E636F72652E726574656F6F2E496E697469616C46616374496D706C100022026800, '2018-05-12 14:37:13', '1');
INSERT INTO `sessioninfo` VALUES ('22', null, 0xACED0005777C0A060807100718005272080010001A6818002000320608011000180042231A190A044D41494E10001801200028FFFFFFFFFFFFFFFFFF01400022060A044D41494E52350A0744454641554C54222A0A266F72672E64726F6F6C732E636F72652E726574656F6F2E496E697469616C46616374496D706C100022026800, '2018-05-12 14:43:56', '1');
INSERT INTO `sessioninfo` VALUES ('23', null, 0xACED0005777C0A060807100718005272080010001A6818002000320608011000180042231A190A044D41494E10001801200028FFFFFFFFFFFFFFFFFF01400022060A044D41494E52350A0744454641554C54222A0A266F72672E64726F6F6C732E636F72652E726574656F6F2E496E697469616C46616374496D706C100022026800, '2018-05-12 14:53:45', '1');
INSERT INTO `sessioninfo` VALUES ('24', null, 0xACED0005777C0A060807100718005272080010001A6818002000320608011000180042231A190A044D41494E10001801200028FFFFFFFFFFFFFFFFFF01400022060A044D41494E52350A0744454641554C54222A0A266F72672E64726F6F6C732E636F72652E726574656F6F2E496E697469616C46616374496D706C100022026800, '2018-05-12 15:02:50', '1');
INSERT INTO `sessioninfo` VALUES ('25', null, 0xACED0005777C0A060807100718005272080010001A6818002000320608011000180042231A190A044D41494E10001801200028FFFFFFFFFFFFFFFFFF01400022060A044D41494E52350A0744454641554C54222A0A266F72672E64726F6F6C732E636F72652E726574656F6F2E496E697469616C46616374496D706C100022026800, '2018-05-12 15:14:37', '1');
INSERT INTO `sessioninfo` VALUES ('26', null, 0xACED0005777C0A060807100718005272080010001A6818002000320608011000180042231A190A044D41494E10001801200028FFFFFFFFFFFFFFFFFF01400022060A044D41494E52350A0744454641554C54222A0A266F72672E64726F6F6C732E636F72652E726574656F6F2E496E697469616C46616374496D706C100022026800, '2018-05-12 15:22:46', '1');
INSERT INTO `sessioninfo` VALUES ('27', null, 0xACED0005777C0A060807100718005272080010001A6818002000320608011000180042231A190A044D41494E10001801200028FFFFFFFFFFFFFFFFFF01400022060A044D41494E52350A0744454641554C54222A0A266F72672E64726F6F6C732E636F72652E726574656F6F2E496E697469616C46616374496D706C100022026800, '2018-05-12 15:31:41', '1');
INSERT INTO `sessioninfo` VALUES ('28', null, 0xACED0005777C0A060807100718005272080010001A6818002000320608011000180042231A190A044D41494E10001801200028FFFFFFFFFFFFFFFFFF01400022060A044D41494E52350A0744454641554C54222A0A266F72672E64726F6F6C732E636F72652E726574656F6F2E496E697469616C46616374496D706C100022026800, '2018-05-12 15:46:20', '1');
INSERT INTO `sessioninfo` VALUES ('29', null, 0xACED0005777C0A060807100718005272080010001A6818002000320608011000180042231A190A044D41494E10001801200028FFFFFFFFFFFFFFFFFF01400022060A044D41494E52350A0744454641554C54222A0A266F72672E64726F6F6C732E636F72652E726574656F6F2E496E697469616C46616374496D706C100022026800, '2018-05-12 15:49:24', '1');
INSERT INTO `sessioninfo` VALUES ('30', null, 0xACED0005777C0A060807100718005272080010001A6818002000320608011000180042231A190A044D41494E10001801200028FFFFFFFFFFFFFFFFFF01400022060A044D41494E52350A0744454641554C54222A0A266F72672E64726F6F6C732E636F72652E726574656F6F2E496E697469616C46616374496D706C100022026800, '2018-05-12 15:58:50', '1');
INSERT INTO `sessioninfo` VALUES ('31', null, 0xACED0005777C0A060807100718005272080010001A6818002000320608011000180042231A190A044D41494E10001801200028FFFFFFFFFFFFFFFFFF01400022060A044D41494E52350A0744454641554C54222A0A266F72672E64726F6F6C732E636F72652E726574656F6F2E496E697469616C46616374496D706C100022026800, '2018-05-12 16:41:56', '1');
INSERT INTO `sessioninfo` VALUES ('32', null, 0xACED0005777C0A060807100718005272080010001A6818002000320608011000180042231A190A044D41494E10001801200028FFFFFFFFFFFFFFFFFF01400022060A044D41494E52350A0744454641554C54222A0A266F72672E64726F6F6C732E636F72652E726574656F6F2E496E697469616C46616374496D706C100022026800, '2018-05-12 17:02:42', '1');
INSERT INTO `sessioninfo` VALUES ('33', null, 0xACED0005777C0A060807100718005272080010001A6818002000320608011000180042231A190A044D41494E10001801200028FFFFFFFFFFFFFFFFFF01400022060A044D41494E52350A0744454641554C54222A0A266F72672E64726F6F6C732E636F72652E726574656F6F2E496E697469616C46616374496D706C100022026800, '2018-05-12 17:10:20', '1');
INSERT INTO `sessioninfo` VALUES ('34', null, 0xACED0005777C0A060807100718005272080010001A6818002000320608011000180042231A190A044D41494E10001801200028FFFFFFFFFFFFFFFFFF01400022060A044D41494E52350A0744454641554C54222A0A266F72672E64726F6F6C732E636F72652E726574656F6F2E496E697469616C46616374496D706C100022026800, '2018-05-12 17:13:37', '1');
INSERT INTO `sessioninfo` VALUES ('35', '2018-05-12 19:08:03', 0xACED0005777C0A060807100718005272080010001A6818002000320608011000180042231A190A044D41494E10001801200028FFFFFFFFFFFFFFFFFF01400022060A044D41494E52350A0744454641554C54222A0A266F72672E64726F6F6C732E636F72652E726574656F6F2E496E697469616C46616374496D706C100022026800, '2018-05-12 19:07:35', '2');
INSERT INTO `sessioninfo` VALUES ('36', null, 0xACED0005777C0A060807100718005272080010001A6818002000320608011000180042231A190A044D41494E10001801200028FFFFFFFFFFFFFFFFFF01400022060A044D41494E52350A0744454641554C54222A0A266F72672E64726F6F6C732E636F72652E726574656F6F2E496E697469616C46616374496D706C100022026800, '2018-05-12 19:31:04', '1');
INSERT INTO `sessioninfo` VALUES ('37', null, 0xACED0005777C0A060807100718005272080010001A6818002000320608011000180042231A190A044D41494E10001801200028FFFFFFFFFFFFFFFFFF01400022060A044D41494E52350A0744454641554C54222A0A266F72672E64726F6F6C732E636F72652E726574656F6F2E496E697469616C46616374496D706C100022026800, '2018-05-12 19:42:37', '1');
INSERT INTO `sessioninfo` VALUES ('38', '2018-05-12 20:04:46', 0xACED0005777C0A060807100718005272080010001A6818002000320608011000180042231A190A044D41494E10001801200028FFFFFFFFFFFFFFFFFF01400022060A044D41494E52350A0744454641554C54222A0A266F72672E64726F6F6C732E636F72652E726574656F6F2E496E697469616C46616374496D706C100022026800, '2018-05-12 20:04:07', '2');
INSERT INTO `sessioninfo` VALUES ('39', '2018-05-12 20:23:38', 0xACED0005777C0A060807100718005272080010001A6818002000320608011000180042231A190A044D41494E10001801200028FFFFFFFFFFFFFFFFFF01400022060A044D41494E52350A0744454641554C54222A0A266F72672E64726F6F6C732E636F72652E726574656F6F2E496E697469616C46616374496D706C100022026800, '2018-05-12 20:21:32', '2');
INSERT INTO `sessioninfo` VALUES ('40', '2018-05-12 20:34:04', 0xACED0005777C0A060807100718005272080010001A6818002000320608011000180042231A190A044D41494E10001801200028FFFFFFFFFFFFFFFFFF01400022060A044D41494E52350A0744454641554C54222A0A266F72672E64726F6F6C732E636F72652E726574656F6F2E496E697469616C46616374496D706C100022026800, '2018-05-12 20:29:05', '3');
INSERT INTO `sessioninfo` VALUES ('41', null, 0xACED0005777C0A060807100718005272080010001A6818002000320608011000180042231A190A044D41494E10001801200028FFFFFFFFFFFFFFFFFF01400022060A044D41494E52350A0744454641554C54222A0A266F72672E64726F6F6C732E636F72652E726574656F6F2E496E697469616C46616374496D706C100022026800, '2018-05-12 20:51:15', '1');
INSERT INTO `sessioninfo` VALUES ('42', null, 0xACED0005777C0A060807100718005272080010001A6818002000320608011000180042231A190A044D41494E10001801200028FFFFFFFFFFFFFFFFFF01400022060A044D41494E52350A0744454641554C54222A0A266F72672E64726F6F6C732E636F72652E726574656F6F2E496E697469616C46616374496D706C100022026800, '2018-05-12 20:57:44', '1');
INSERT INTO `sessioninfo` VALUES ('43', null, 0xACED0005777C0A060807100718005272080010001A6818002000320608011000180042231A190A044D41494E10001801200028FFFFFFFFFFFFFFFFFF01400022060A044D41494E52350A0744454641554C54222A0A266F72672E64726F6F6C732E636F72652E726574656F6F2E496E697469616C46616374496D706C100022026800, '2018-05-12 21:04:58', '1');
INSERT INTO `sessioninfo` VALUES ('44', null, 0xACED0005777C0A060807100718005272080010001A6818002000320608011000180042231A190A044D41494E10001801200028FFFFFFFFFFFFFFFFFF01400022060A044D41494E52350A0744454641554C54222A0A266F72672E64726F6F6C732E636F72652E726574656F6F2E496E697469616C46616374496D706C100022026800, '2018-05-12 21:08:50', '1');
INSERT INTO `sessioninfo` VALUES ('45', null, 0xACED0005777C0A060807100718005272080010001A6818002000320608011000180042231A190A044D41494E10001801200028FFFFFFFFFFFFFFFFFF01400022060A044D41494E52350A0744454641554C54222A0A266F72672E64726F6F6C732E636F72652E726574656F6F2E496E697469616C46616374496D706C100022026800, '2018-05-13 05:17:14', '1');
INSERT INTO `sessioninfo` VALUES ('46', null, 0xACED0005777C0A060807100718005272080010001A6818002000320608011000180042231A190A044D41494E10001801200028FFFFFFFFFFFFFFFFFF01400022060A044D41494E52350A0744454641554C54222A0A266F72672E64726F6F6C732E636F72652E726574656F6F2E496E697469616C46616374496D706C100022026800, '2018-05-13 05:24:51', '1');
INSERT INTO `sessioninfo` VALUES ('47', null, 0xACED0005777C0A060807100718005272080010001A6818002000320608011000180042231A190A044D41494E10001801200028FFFFFFFFFFFFFFFFFF01400022060A044D41494E52350A0744454641554C54222A0A266F72672E64726F6F6C732E636F72652E726574656F6F2E496E697469616C46616374496D706C100022026800, '2018-05-13 05:31:31', '1');
INSERT INTO `sessioninfo` VALUES ('48', null, 0xACED0005777C0A060807100718005272080010001A6818002000320608011000180042231A190A044D41494E10001801200028FFFFFFFFFFFFFFFFFF01400022060A044D41494E52350A0744454641554C54222A0A266F72672E64726F6F6C732E636F72652E726574656F6F2E496E697469616C46616374496D706C100022026800, '2018-05-13 05:39:37', '1');
INSERT INTO `sessioninfo` VALUES ('49', '2018-05-13 05:56:32', 0xACED0005777C0A060807100718005272080010001A6818002000320608011000180042231A190A044D41494E10001801200028FFFFFFFFFFFFFFFFFF01400022060A044D41494E52350A0744454641554C54222A0A266F72672E64726F6F6C732E636F72652E726574656F6F2E496E697469616C46616374496D706C100022026800, '2018-05-13 05:46:38', '3');
INSERT INTO `sessioninfo` VALUES ('50', null, 0xACED0005777C0A060807100718005272080010001A6818002000320608011000180042231A190A044D41494E10001801200028FFFFFFFFFFFFFFFFFF01400022060A044D41494E52350A0744454641554C54222A0A266F72672E64726F6F6C732E636F72652E726574656F6F2E496E697469616C46616374496D706C100022026800, '2018-05-13 06:03:27', '1');
INSERT INTO `sessioninfo` VALUES ('51', null, 0xACED0005777C0A060807100718005272080010001A6818002000320608011000180042231A190A044D41494E10001801200028FFFFFFFFFFFFFFFFFF01400022060A044D41494E52350A0744454641554C54222A0A266F72672E64726F6F6C732E636F72652E726574656F6F2E496E697469616C46616374496D706C100022026800, '2018-05-13 06:07:03', '1');
INSERT INTO `sessioninfo` VALUES ('52', '2018-05-13 06:31:06', 0xACED0005777C0A060807100718005272080010001A6818002000320608011000180042231A190A044D41494E10001801200028FFFFFFFFFFFFFFFFFF01400022060A044D41494E52350A0744454641554C54222A0A266F72672E64726F6F6C732E636F72652E726574656F6F2E496E697469616C46616374496D706C100022026800, '2018-05-13 06:25:29', '2');
INSERT INTO `sessioninfo` VALUES ('53', '2018-05-13 06:42:28', 0xACED0005777C0A060807100718005272080010001A6818002000320608011000180042231A190A044D41494E10001801200028FFFFFFFFFFFFFFFFFF01400022060A044D41494E52350A0744454641554C54222A0A266F72672E64726F6F6C732E636F72652E726574656F6F2E496E697469616C46616374496D706C100022026800, '2018-05-13 06:39:57', '2');
INSERT INTO `sessioninfo` VALUES ('54', null, 0xACED0005777C0A060807100718005272080010001A6818002000320608011000180042231A190A044D41494E10001801200028FFFFFFFFFFFFFFFFFF01400022060A044D41494E52350A0744454641554C54222A0A266F72672E64726F6F6C732E636F72652E726574656F6F2E496E697469616C46616374496D706C100022026800, '2018-05-13 06:49:33', '1');
INSERT INTO `sessioninfo` VALUES ('55', null, 0xACED0005777C0A060807100718005272080010001A6818002000320608011000180042231A190A044D41494E10001801200028FFFFFFFFFFFFFFFFFF01400022060A044D41494E52350A0744454641554C54222A0A266F72672E64726F6F6C732E636F72652E726574656F6F2E496E697469616C46616374496D706C100022026800, '2018-05-13 07:54:43', '1');
INSERT INTO `sessioninfo` VALUES ('56', null, 0xACED0005777C0A060807100718005272080010001A6818002000320608011000180042231A190A044D41494E10001801200028FFFFFFFFFFFFFFFFFF01400022060A044D41494E52350A0744454641554C54222A0A266F72672E64726F6F6C732E636F72652E726574656F6F2E496E697469616C46616374496D706C100022026800, '2018-05-13 08:47:04', '1');
INSERT INTO `sessioninfo` VALUES ('57', null, 0xACED0005777C0A060807100718005272080010001A6818002000320608011000180042231A190A044D41494E10001801200028FFFFFFFFFFFFFFFFFF01400022060A044D41494E52350A0744454641554C54222A0A266F72672E64726F6F6C732E636F72652E726574656F6F2E496E697469616C46616374496D706C100022026800, '2018-05-13 08:49:36', '1');
INSERT INTO `sessioninfo` VALUES ('58', '2018-05-13 09:43:24', 0xACED0005777C0A060807100718005272080010001A6818002000320608011000180042231A190A044D41494E10001801200028FFFFFFFFFFFFFFFFFF01400022060A044D41494E52350A0744454641554C54222A0A266F72672E64726F6F6C732E636F72652E726574656F6F2E496E697469616C46616374496D706C100022026800, '2018-05-13 09:12:41', '3');
INSERT INTO `sessioninfo` VALUES ('59', '2018-05-13 10:00:32', 0xACED0005777C0A060807100718005272080010001A6818002000320608011000180042231A190A044D41494E10001801200028FFFFFFFFFFFFFFFFFF01400022060A044D41494E52350A0744454641554C54222A0A266F72672E64726F6F6C732E636F72652E726574656F6F2E496E697469616C46616374496D706C100022026800, '2018-05-13 09:59:36', '2');
INSERT INTO `sessioninfo` VALUES ('60', null, 0xACED0005777C0A060807100718005272080010001A6818002000320608011000180042231A190A044D41494E10001801200028FFFFFFFFFFFFFFFFFF01400022060A044D41494E52350A0744454641554C54222A0A266F72672E64726F6F6C732E636F72652E726574656F6F2E496E697469616C46616374496D706C100022026800, '2018-05-13 10:26:34', '1');
INSERT INTO `sessioninfo` VALUES ('61', null, 0xACED0005777C0A060807100718005272080010001A6818002000320608011000180042231A190A044D41494E10001801200028FFFFFFFFFFFFFFFFFF01400022060A044D41494E52350A0744454641554C54222A0A266F72672E64726F6F6C732E636F72652E726574656F6F2E496E697469616C46616374496D706C100022026800, '2018-05-13 10:41:09', '1');
INSERT INTO `sessioninfo` VALUES ('62', null, 0xACED0005777C0A060807100718005272080010001A6818002000320608011000180042231A190A044D41494E10001801200028FFFFFFFFFFFFFFFFFF01400022060A044D41494E52350A0744454641554C54222A0A266F72672E64726F6F6C732E636F72652E726574656F6F2E496E697469616C46616374496D706C100022026800, '2018-05-13 10:55:36', '1');
INSERT INTO `sessioninfo` VALUES ('63', null, 0xACED0005777C0A060807100718005272080010001A6818002000320608011000180042231A190A044D41494E10001801200028FFFFFFFFFFFFFFFFFF01400022060A044D41494E52350A0744454641554C54222A0A266F72672E64726F6F6C732E636F72652E726574656F6F2E496E697469616C46616374496D706C100022026800, '2018-05-13 11:15:45', '1');
INSERT INTO `sessioninfo` VALUES ('64', null, 0xACED0005777C0A060807100718005272080010001A6818002000320608011000180042231A190A044D41494E10001801200028FFFFFFFFFFFFFFFFFF01400022060A044D41494E52350A0744454641554C54222A0A266F72672E64726F6F6C732E636F72652E726574656F6F2E496E697469616C46616374496D706C100022026800, '2018-05-13 11:46:54', '1');
INSERT INTO `sessioninfo` VALUES ('65', null, 0xACED0005777C0A060807100718005272080010001A6818002000320608011000180042231A190A044D41494E10001801200028FFFFFFFFFFFFFFFFFF01400022060A044D41494E52350A0744454641554C54222A0A266F72672E64726F6F6C732E636F72652E726574656F6F2E496E697469616C46616374496D706C100022026800, '2018-05-13 11:53:48', '1');
INSERT INTO `sessioninfo` VALUES ('66', null, 0xACED0005777C0A060807100718005272080010001A6818002000320608011000180042231A190A044D41494E10001801200028FFFFFFFFFFFFFFFFFF01400022060A044D41494E52350A0744454641554C54222A0A266F72672E64726F6F6C732E636F72652E726574656F6F2E496E697469616C46616374496D706C100022026800, '2018-05-13 11:58:53', '1');
INSERT INTO `sessioninfo` VALUES ('67', null, 0xACED0005777C0A060807100718005272080010001A6818002000320608011000180042231A190A044D41494E10001801200028FFFFFFFFFFFFFFFFFF01400022060A044D41494E52350A0744454641554C54222A0A266F72672E64726F6F6C732E636F72652E726574656F6F2E496E697469616C46616374496D706C100022026800, '2018-05-13 12:01:10', '1');
INSERT INTO `sessioninfo` VALUES ('68', '2018-05-13 12:10:47', 0xACED0005777C0A060807100718005272080010001A6818002000320608011000180042231A190A044D41494E10001801200028FFFFFFFFFFFFFFFFFF01400022060A044D41494E52350A0744454641554C54222A0A266F72672E64726F6F6C732E636F72652E726574656F6F2E496E697469616C46616374496D706C100022026800, '2018-05-13 12:06:48', '2');
INSERT INTO `sessioninfo` VALUES ('69', null, 0xACED0005777C0A060807100718005272080010001A6818002000320608011000180042231A190A044D41494E10001801200028FFFFFFFFFFFFFFFFFF01400022060A044D41494E52350A0744454641554C54222A0A266F72672E64726F6F6C732E636F72652E726574656F6F2E496E697469616C46616374496D706C100022026800, '2018-05-13 12:25:29', '1');
INSERT INTO `sessioninfo` VALUES ('70', null, 0xACED0005777C0A060807100718005272080010001A6818002000320608011000180042231A190A044D41494E10001801200028FFFFFFFFFFFFFFFFFF01400022060A044D41494E52350A0744454641554C54222A0A266F72672E64726F6F6C732E636F72652E726574656F6F2E496E697469616C46616374496D706C100022026800, '2018-05-13 12:30:47', '1');
INSERT INTO `sessioninfo` VALUES ('71', null, 0xACED0005777C0A060807100718005272080010001A6818002000320608011000180042231A190A044D41494E10001801200028FFFFFFFFFFFFFFFFFF01400022060A044D41494E52350A0744454641554C54222A0A266F72672E64726F6F6C732E636F72652E726574656F6F2E496E697469616C46616374496D706C100022026800, '2018-05-13 12:37:13', '1');
INSERT INTO `sessioninfo` VALUES ('72', '2018-05-13 12:47:13', 0xACED0005777C0A060807100718005272080010001A6818002000320608011000180042231A190A044D41494E10001801200028FFFFFFFFFFFFFFFFFF01400022060A044D41494E52350A0744454641554C54222A0A266F72672E64726F6F6C732E636F72652E726574656F6F2E496E697469616C46616374496D706C100022026800, '2018-05-13 12:46:44', '2');
INSERT INTO `sessioninfo` VALUES ('73', null, 0xACED0005777C0A060807100718005272080010001A6818002000320608011000180042231A190A044D41494E10001801200028FFFFFFFFFFFFFFFFFF01400022060A044D41494E52350A0744454641554C54222A0A266F72672E64726F6F6C732E636F72652E726574656F6F2E496E697469616C46616374496D706C100022026800, '2018-05-13 12:52:26', '1');
INSERT INTO `sessioninfo` VALUES ('74', null, 0xACED0005777C0A060807100718005272080010001A6818002000320608011000180042231A190A044D41494E10001801200028FFFFFFFFFFFFFFFFFF01400022060A044D41494E52350A0744454641554C54222A0A266F72672E64726F6F6C732E636F72652E726574656F6F2E496E697469616C46616374496D706C100022026800, '2018-05-13 13:19:37', '1');
INSERT INTO `sessioninfo` VALUES ('75', null, 0xACED0005777C0A060807100718005272080010001A6818002000320608011000180042231A190A044D41494E10001801200028FFFFFFFFFFFFFFFFFF01400022060A044D41494E52350A0744454641554C54222A0A266F72672E64726F6F6C732E636F72652E726574656F6F2E496E697469616C46616374496D706C100022026800, '2018-05-13 13:30:06', '1');
INSERT INTO `sessioninfo` VALUES ('76', null, 0xACED0005777C0A060807100718005272080010001A6818002000320608011000180042231A190A044D41494E10001801200028FFFFFFFFFFFFFFFFFF01400022060A044D41494E52350A0744454641554C54222A0A266F72672E64726F6F6C732E636F72652E726574656F6F2E496E697469616C46616374496D706C100022026800, '2018-05-13 13:40:24', '1');
INSERT INTO `sessioninfo` VALUES ('77', null, 0xACED0005777C0A060807100718005272080010001A6818002000320608011000180042231A190A044D41494E10001801200028FFFFFFFFFFFFFFFFFF01400022060A044D41494E52350A0744454641554C54222A0A266F72672E64726F6F6C732E636F72652E726574656F6F2E496E697469616C46616374496D706C100022026800, '2018-05-13 13:53:34', '1');
INSERT INTO `sessioninfo` VALUES ('78', null, 0xACED0005777C0A060807100718005272080010001A6818002000320608011000180042231A190A044D41494E10001801200028FFFFFFFFFFFFFFFFFF01400022060A044D41494E52350A0744454641554C54222A0A266F72672E64726F6F6C732E636F72652E726574656F6F2E496E697469616C46616374496D706C100022026800, '2018-05-13 13:59:24', '1');
INSERT INTO `sessioninfo` VALUES ('79', null, 0xACED0005777C0A060807100718005272080010001A6818002000320608011000180042231A190A044D41494E10001801200028FFFFFFFFFFFFFFFFFF01400022060A044D41494E52350A0744454641554C54222A0A266F72672E64726F6F6C732E636F72652E726574656F6F2E496E697469616C46616374496D706C100022026800, '2018-05-13 14:16:52', '1');
INSERT INTO `sessioninfo` VALUES ('80', null, 0xACED0005777C0A060807100718005272080010001A6818002000320608011000180042231A190A044D41494E10001801200028FFFFFFFFFFFFFFFFFF01400022060A044D41494E52350A0744454641554C54222A0A266F72672E64726F6F6C732E636F72652E726574656F6F2E496E697469616C46616374496D706C100022026800, '2018-05-13 14:22:03', '1');
INSERT INTO `sessioninfo` VALUES ('81', null, 0xACED0005777C0A060807100718005272080010001A6818002000320608011000180042231A190A044D41494E10001801200028FFFFFFFFFFFFFFFFFF01400022060A044D41494E52350A0744454641554C54222A0A266F72672E64726F6F6C732E636F72652E726574656F6F2E496E697469616C46616374496D706C100022026800, '2018-05-13 14:31:46', '1');
INSERT INTO `sessioninfo` VALUES ('82', null, 0xACED0005777C0A060807100718005272080010001A6818002000320608011000180042231A190A044D41494E10001801200028FFFFFFFFFFFFFFFFFF01400022060A044D41494E52350A0744454641554C54222A0A266F72672E64726F6F6C732E636F72652E726574656F6F2E496E697469616C46616374496D706C100022026800, '2018-05-13 14:41:09', '1');
INSERT INTO `sessioninfo` VALUES ('83', '2018-05-13 15:01:22', 0xACED0005777C0A060807100718005272080010001A6818002000320608011000180042231A190A044D41494E10001801200028FFFFFFFFFFFFFFFFFF01400022060A044D41494E52350A0744454641554C54222A0A266F72672E64726F6F6C732E636F72652E726574656F6F2E496E697469616C46616374496D706C100022026800, '2018-05-13 15:00:12', '2');
INSERT INTO `sessioninfo` VALUES ('84', '2018-05-13 15:15:37', 0xACED0005777C0A060807100718005272080010001A6818002000320608011000180042231A190A044D41494E10001801200028FFFFFFFFFFFFFFFFFF01400022060A044D41494E52350A0744454641554C54222A0A266F72672E64726F6F6C732E636F72652E726574656F6F2E496E697469616C46616374496D706C100022026800, '2018-05-13 15:11:06', '2');
INSERT INTO `sessioninfo` VALUES ('85', '2018-05-13 15:38:15', 0xACED0005777C0A060807100718005272080010001A6818002000320608011000180042231A190A044D41494E10001801200028FFFFFFFFFFFFFFFFFF01400022060A044D41494E52350A0744454641554C54222A0A266F72672E64726F6F6C732E636F72652E726574656F6F2E496E697469616C46616374496D706C100022026800, '2018-05-13 15:31:43', '3');
INSERT INTO `sessioninfo` VALUES ('86', null, 0xACED0005777C0A060807100718005272080010001A6818002000320608011000180042231A190A044D41494E10001801200028FFFFFFFFFFFFFFFFFF01400022060A044D41494E52350A0744454641554C54222A0A266F72672E64726F6F6C732E636F72652E726574656F6F2E496E697469616C46616374496D706C100022026800, '2018-05-13 15:59:37', '1');
INSERT INTO `sessioninfo` VALUES ('87', null, 0xACED0005777C0A060807100718005272080010001A6818002000320608011000180042231A190A044D41494E10001801200028FFFFFFFFFFFFFFFFFF01400022060A044D41494E52350A0744454641554C54222A0A266F72672E64726F6F6C732E636F72652E726574656F6F2E496E697469616C46616374496D706C100022026800, '2018-05-13 16:05:06', '1');
INSERT INTO `sessioninfo` VALUES ('88', null, 0xACED0005777C0A060807100718005272080010001A6818002000320608011000180042231A190A044D41494E10001801200028FFFFFFFFFFFFFFFFFF01400022060A044D41494E52350A0744454641554C54222A0A266F72672E64726F6F6C732E636F72652E726574656F6F2E496E697469616C46616374496D706C100022026800, '2018-05-13 16:07:54', '1');
INSERT INTO `sessioninfo` VALUES ('89', null, 0xACED0005777C0A060807100718005272080010001A6818002000320608011000180042231A190A044D41494E10001801200028FFFFFFFFFFFFFFFFFF01400022060A044D41494E52350A0744454641554C54222A0A266F72672E64726F6F6C732E636F72652E726574656F6F2E496E697469616C46616374496D706C100022026800, '2018-05-13 16:09:56', '1');
INSERT INTO `sessioninfo` VALUES ('90', null, 0xACED0005777C0A060807100718005272080010001A6818002000320608011000180042231A190A044D41494E10001801200028FFFFFFFFFFFFFFFFFF01400022060A044D41494E52350A0744454641554C54222A0A266F72672E64726F6F6C732E636F72652E726574656F6F2E496E697469616C46616374496D706C100022026800, '2018-05-13 16:17:16', '1');
INSERT INTO `sessioninfo` VALUES ('91', null, 0xACED0005777C0A060807100718005272080010001A6818002000320608011000180042231A190A044D41494E10001801200028FFFFFFFFFFFFFFFFFF01400022060A044D41494E52350A0744454641554C54222A0A266F72672E64726F6F6C732E636F72652E726574656F6F2E496E697469616C46616374496D706C100022026800, '2018-05-13 16:23:10', '1');
INSERT INTO `sessioninfo` VALUES ('92', null, 0xACED0005777C0A060807100718005272080010001A6818002000320608011000180042231A190A044D41494E10001801200028FFFFFFFFFFFFFFFFFF01400022060A044D41494E52350A0744454641554C54222A0A266F72672E64726F6F6C732E636F72652E726574656F6F2E496E697469616C46616374496D706C100022026800, '2018-05-13 16:29:32', '1');
INSERT INTO `sessioninfo` VALUES ('93', '2018-05-13 16:36:19', 0xACED0005777C0A060807100718005272080010001A6818002000320608011000180042231A190A044D41494E10001801200028FFFFFFFFFFFFFFFFFF01400022060A044D41494E52350A0744454641554C54222A0A266F72672E64726F6F6C732E636F72652E726574656F6F2E496E697469616C46616374496D706C100022026800, '2018-05-13 16:33:58', '2');
INSERT INTO `sessioninfo` VALUES ('94', '2018-05-13 20:09:08', 0xACED0005777C0A060807100718005272080010001A6818002000320608011000180042231A190A044D41494E10001801200028FFFFFFFFFFFFFFFFFF01400022060A044D41494E52350A0744454641554C54222A0A266F72672E64726F6F6C732E636F72652E726574656F6F2E496E697469616C46616374496D706C100022026800, '2018-05-13 16:42:01', '3');
INSERT INTO `sessioninfo` VALUES ('95', '2018-05-13 21:15:46', 0xACED0005777C0A060807100718005272080010001A6818002000320608011000180042231A190A044D41494E10001801200028FFFFFFFFFFFFFFFFFF01400022060A044D41494E52350A0744454641554C54222A0A266F72672E64726F6F6C732E636F72652E726574656F6F2E496E697469616C46616374496D706C100022026800, '2018-05-13 21:14:05', '2');
INSERT INTO `sessioninfo` VALUES ('96', '2018-05-13 21:24:34', 0xACED0005777C0A060807100718005272080010001A6818002000320608011000180042231A190A044D41494E10001801200028FFFFFFFFFFFFFFFFFF01400022060A044D41494E52350A0744454641554C54222A0A266F72672E64726F6F6C732E636F72652E726574656F6F2E496E697469616C46616374496D706C100022026800, '2018-05-13 21:20:15', '2');
INSERT INTO `sessioninfo` VALUES ('97', '2018-05-13 21:32:05', 0xACED0005777C0A060807100718005272080010001A6818002000320608011000180042231A190A044D41494E10001801200028FFFFFFFFFFFFFFFFFF01400022060A044D41494E52350A0744454641554C54222A0A266F72672E64726F6F6C732E636F72652E726574656F6F2E496E697469616C46616374496D706C100022026800, '2018-05-13 21:31:19', '2');
INSERT INTO `sessioninfo` VALUES ('98', null, 0xACED0005777C0A060807100718005272080010001A6818002000320608011000180042231A190A044D41494E10001801200028FFFFFFFFFFFFFFFFFF01400022060A044D41494E52350A0744454641554C54222A0A266F72672E64726F6F6C732E636F72652E726574656F6F2E496E697469616C46616374496D706C100022026800, '2018-05-13 21:34:13', '1');
INSERT INTO `sessioninfo` VALUES ('99', '2018-05-13 22:00:29', 0xACED0005777C0A060807100718005272080010001A6818002000320608011000180042231A190A044D41494E10001801200028FFFFFFFFFFFFFFFFFF01400022060A044D41494E52350A0744454641554C54222A0A266F72672E64726F6F6C732E636F72652E726574656F6F2E496E697469616C46616374496D706C100022026800, '2018-05-13 21:49:48', '5');
INSERT INTO `sessioninfo` VALUES ('100', null, 0xACED0005777C0A060807100718005272080010001A6818002000320608011000180042231A190A044D41494E10001801200028FFFFFFFFFFFFFFFFFF01400022060A044D41494E52350A0744454641554C54222A0A266F72672E64726F6F6C732E636F72652E726574656F6F2E496E697469616C46616374496D706C100022026800, '2018-05-14 06:42:33', '1');
INSERT INTO `sessioninfo` VALUES ('101', '2018-05-14 08:18:43', 0xACED0005777C0A060807100718005272080010001A6818002000320608011000180042231A190A044D41494E10001801200028FFFFFFFFFFFFFFFFFF01400022060A044D41494E52350A0744454641554C54222A0A266F72672E64726F6F6C732E636F72652E726574656F6F2E496E697469616C46616374496D706C100022026800, '2018-05-14 08:14:05', '3');
INSERT INTO `sessioninfo` VALUES ('102', null, 0xACED0005777C0A060807100718005272080010001A6818002000320608011000180042231A190A044D41494E10001801200028FFFFFFFFFFFFFFFFFF01400022060A044D41494E52350A0744454641554C54222A0A266F72672E64726F6F6C732E636F72652E726574656F6F2E496E697469616C46616374496D706C100022026800, '2018-05-14 08:54:10', '1');
INSERT INTO `sessioninfo` VALUES ('103', null, 0xACED0005777C0A060807100718005272080010001A6818002000320608011000180042231A190A044D41494E10001801200028FFFFFFFFFFFFFFFFFF01400022060A044D41494E52350A0744454641554C54222A0A266F72672E64726F6F6C732E636F72652E726574656F6F2E496E697469616C46616374496D706C100022026800, '2018-05-14 09:05:59', '1');
INSERT INTO `sessioninfo` VALUES ('104', null, 0xACED0005777C0A060807100718005272080010001A6818002000320608011000180042231A190A044D41494E10001801200028FFFFFFFFFFFFFFFFFF01400022060A044D41494E52350A0744454641554C54222A0A266F72672E64726F6F6C732E636F72652E726574656F6F2E496E697469616C46616374496D706C100022026800, '2018-05-14 09:08:25', '1');
INSERT INTO `sessioninfo` VALUES ('105', null, 0xACED0005777C0A060807100718005272080010001A6818002000320608011000180042231A190A044D41494E10001801200028FFFFFFFFFFFFFFFFFF01400022060A044D41494E52350A0744454641554C54222A0A266F72672E64726F6F6C732E636F72652E726574656F6F2E496E697469616C46616374496D706C100022026800, '2018-05-14 09:17:20', '1');
INSERT INTO `sessioninfo` VALUES ('106', null, 0xACED0005777C0A060807100718005272080010001A6818002000320608011000180042231A190A044D41494E10001801200028FFFFFFFFFFFFFFFFFF01400022060A044D41494E52350A0744454641554C54222A0A266F72672E64726F6F6C732E636F72652E726574656F6F2E496E697469616C46616374496D706C100022026800, '2018-05-14 09:27:14', '1');
INSERT INTO `sessioninfo` VALUES ('107', '2018-05-14 09:44:31', 0xACED0005777C0A060807100718005272080010001A6818002000320608011000180042231A190A044D41494E10001801200028FFFFFFFFFFFFFFFFFF01400022060A044D41494E52350A0744454641554C54222A0A266F72672E64726F6F6C732E636F72652E726574656F6F2E496E697469616C46616374496D706C100022026800, '2018-05-14 09:38:13', '5');
INSERT INTO `sessioninfo` VALUES ('108', '2018-05-14 09:54:40', 0xACED0005777C0A060807100718005272080010001A6818002000320608011000180042231A190A044D41494E10001801200028FFFFFFFFFFFFFFFFFF01400022060A044D41494E52350A0744454641554C54222A0A266F72672E64726F6F6C732E636F72652E726574656F6F2E496E697469616C46616374496D706C100022026800, '2018-05-14 09:54:29', '2');
INSERT INTO `sessioninfo` VALUES ('109', '2018-05-14 10:00:56', 0xACED0005777C0A060807100718005272080010001A6818002000320608011000180042231A190A044D41494E10001801200028FFFFFFFFFFFFFFFFFF01400022060A044D41494E52350A0744454641554C54222A0A266F72672E64726F6F6C732E636F72652E726574656F6F2E496E697469616C46616374496D706C100022026800, '2018-05-14 09:59:58', '2');
INSERT INTO `sessioninfo` VALUES ('110', '2018-05-14 13:38:55', 0xACED0005777C0A060807100718005272080010001A6818002000320608011000180042231A190A044D41494E10001801200028FFFFFFFFFFFFFFFFFF01400022060A044D41494E52350A0744454641554C54222A0A266F72672E64726F6F6C732E636F72652E726574656F6F2E496E697469616C46616374496D706C100022026800, '2018-05-14 13:30:59', '3');

-- ----------------------------
-- Table structure for task
-- ----------------------------
DROP TABLE IF EXISTS `task`;
CREATE TABLE `task` (
  `id` bigint(20) NOT NULL AUTO_INCREMENT,
  `archived` smallint(6) DEFAULT NULL,
  `allowedToDelegate` varchar(255) DEFAULT NULL,
  `description` varchar(255) DEFAULT NULL,
  `formName` varchar(255) DEFAULT NULL,
  `name` varchar(255) DEFAULT NULL,
  `priority` int(11) NOT NULL,
  `subTaskStrategy` varchar(255) DEFAULT NULL,
  `subject` varchar(255) DEFAULT NULL,
  `activationTime` datetime DEFAULT NULL,
  `createdOn` datetime DEFAULT NULL,
  `deploymentId` varchar(255) DEFAULT NULL,
  `documentAccessType` int(11) DEFAULT NULL,
  `documentContentId` bigint(20) NOT NULL,
  `documentType` varchar(255) DEFAULT NULL,
  `expirationTime` datetime DEFAULT NULL,
  `faultAccessType` int(11) DEFAULT NULL,
  `faultContentId` bigint(20) NOT NULL,
  `faultName` varchar(255) DEFAULT NULL,
  `faultType` varchar(255) DEFAULT NULL,
  `outputAccessType` int(11) DEFAULT NULL,
  `outputContentId` bigint(20) NOT NULL,
  `outputType` varchar(255) DEFAULT NULL,
  `parentId` bigint(20) NOT NULL,
  `previousStatus` int(11) DEFAULT NULL,
  `processId` varchar(255) DEFAULT NULL,
  `processInstanceId` bigint(20) NOT NULL,
  `processSessionId` bigint(20) NOT NULL,
  `skipable` bit(1) NOT NULL,
  `status` varchar(255) DEFAULT NULL,
  `workItemId` bigint(20) NOT NULL,
  `taskType` varchar(255) DEFAULT NULL,
  `OPTLOCK` int(11) DEFAULT NULL,
  `taskInitiator_id` varchar(255) DEFAULT NULL,
  `actualOwner_id` varchar(255) DEFAULT NULL,
  `createdBy_id` varchar(255) DEFAULT NULL,
  PRIMARY KEY (`id`),
  KEY `FK48d1bfgwf0jqow1yk8ku4xcpi` (`taskInitiator_id`),
  KEY `FKpmkxvqq63aed2y2boruu53a0s` (`actualOwner_id`),
  KEY `FKexuboqnbla7jfyyesyo61ucmb` (`createdBy_id`),
  CONSTRAINT `FK48d1bfgwf0jqow1yk8ku4xcpi` FOREIGN KEY (`taskInitiator_id`) REFERENCES `organizationalentity` (`id`),
  CONSTRAINT `FKexuboqnbla7jfyyesyo61ucmb` FOREIGN KEY (`createdBy_id`) REFERENCES `organizationalentity` (`id`),
  CONSTRAINT `FKpmkxvqq63aed2y2boruu53a0s` FOREIGN KEY (`actualOwner_id`) REFERENCES `organizationalentity` (`id`)
) ENGINE=InnoDB AUTO_INCREMENT=53 DEFAULT CHARSET=utf8;

-- ----------------------------
-- Records of task
-- ----------------------------
INSERT INTO `task` VALUES ('1', '0', null, '1', 'Task1', 'Task1', '0', 'NoAction', '1', '2018-05-13 05:54:06', '2018-05-13 05:54:06', 'org.default:artifact:1.0.0-SNAPSHOT', '0', '1', 'java.util.HashMap', null, null, '-1', null, null, null, '-1', null, '-1', '2', 'org.jbpm.examples.checklist.sample1', '7', '49', '\0', 'Ready', '1', null, '1', null, null, null);
INSERT INTO `task` VALUES ('2', '0', null, 'Please perform a self-evalutation.', 'Performance Evaluation', 'Self Evaluation', '0', 'NoAction', 'Please perform a self-evalutation.', '2018-05-13 05:56:32', '2018-05-13 05:56:32', 'org.default:artifact:1.0.0-SNAPSHOT', '0', '2', 'java.util.HashMap', null, null, '-1', null, null, null, '-1', null, '-1', '0', 'com.sample.evaluation', '8', '49', '\0', 'Created', '2', null, '1', null, null, null);
INSERT INTO `task` VALUES ('3', '0', null, 'Please perform a self-evalutation.', 'Performance Evaluation', 'Self Evaluation', '0', 'NoAction', 'Please perform a self-evalutation.', '2018-05-13 06:31:05', '2018-05-13 06:31:05', 'org.default:artifact:1.0.0-SNAPSHOT', '0', '3', 'java.util.HashMap', null, null, '-1', null, null, null, '-1', null, '-1', '0', 'com.sample.evaluation', '9', '52', '\0', 'Created', '3', null, '1', null, null, null);
INSERT INTO `task` VALUES ('4', '0', null, '1', 'Task1', 'Task1', '0', 'NoAction', '1', '2018-05-13 06:42:27', '2018-05-13 06:42:27', 'org.default:artifact:1.0.0-SNAPSHOT', '0', '4', 'java.util.HashMap', null, null, '-1', null, null, null, '-1', null, '-1', '2', 'org.jbpm.examples.checklist.sample1', '10', '53', '\0', 'Ready', '4', null, '1', null, null, null);
INSERT INTO `task` VALUES ('5', '0', null, 'Please perform a self-evalutation.', 'Performance Evaluation', 'Self Evaluation', '0', 'NoAction', 'Please perform a self-evalutation.', '2018-05-13 09:16:56', '2018-05-13 09:16:56', 'org.default:artifact:1.0.0-SNAPSHOT', '0', '5', 'java.util.HashMap', null, null, '-1', null, null, null, '-1', null, '-1', '0', 'com.sample.evaluation', '11', '58', '\0', 'Created', '5', null, '1', null, null, null);
INSERT INTO `task` VALUES ('6', '0', null, 'Please perform a self-evalutation.', 'Performance Evaluation', 'Self Evaluation', '0', 'NoAction', 'Please perform a self-evalutation.', '2018-05-13 09:43:23', '2018-05-13 09:43:23', 'org.default:artifact:1.0.0-SNAPSHOT', '0', '6', 'java.util.HashMap', null, null, '-1', null, null, null, '-1', null, '-1', '0', 'com.sample.evaluation', '12', '58', '\0', 'Created', '6', null, '1', null, null, null);
INSERT INTO `task` VALUES ('7', '0', null, 'Please perform a self-evalutation.', 'Performance Evaluation', 'Self Evaluation', '0', 'NoAction', 'Please perform a self-evalutation.', '2018-05-13 10:00:31', '2018-05-13 10:00:31', 'org.default:artifact:1.0.0-SNAPSHOT', '0', '7', 'java.util.HashMap', null, null, '-1', null, null, '0', '8', 'java.util.HashMap', '-1', '3', 'com.sample.evaluation', '13', '59', '\0', 'Completed', '7', null, '3', null, 'admin', 'admin');
INSERT INTO `task` VALUES ('8', '0', null, 'You need to evaluate admin.', 'Performance Evaluation', 'PM Evaluation', '0', 'NoAction', 'You need to evaluate admin.', '2018-05-13 11:34:39', '2018-05-13 11:34:39', 'org.default:artifact:1.0.0-SNAPSHOT', '0', '9', 'java.util.HashMap', null, null, '-1', null, null, null, '-1', null, '-1', '0', 'com.sample.evaluation', '13', '63', '\0', 'Ready', '8', null, '1', null, null, null);
INSERT INTO `task` VALUES ('9', '0', null, 'You need to evaluate admin.', 'Performance Evaluation', 'HR Evaluation', '0', 'NoAction', 'You need to evaluate admin.', '2018-05-13 11:34:39', '2018-05-13 11:34:39', 'org.default:artifact:1.0.0-SNAPSHOT', '0', '10', 'java.util.HashMap', null, null, '-1', null, null, null, '-1', null, '-1', '1', 'com.sample.evaluation', '13', '63', '\0', 'Reserved', '9', null, '2', null, 'mary', null);
INSERT INTO `task` VALUES ('10', '0', null, 'Please perform a self-evalutation.', 'Performance Evaluation', 'Self Evaluation', '0', 'NoAction', 'Please perform a self-evalutation.', '2018-05-13 12:10:46', '2018-05-13 12:10:46', 'org.default:artifact:1.0.0-SNAPSHOT', '0', '11', 'java.util.HashMap', null, null, '-1', null, null, '0', '26', 'java.util.HashMap', '-1', '3', 'com.sample.evaluation', '14', '68', '\0', 'Completed', '10', null, '3', null, 'admin', 'admin');
INSERT INTO `task` VALUES ('11', '0', null, 'Please perform a self-evalutation.', 'Performance Evaluation', 'Self Evaluation', '0', 'NoAction', 'Please perform a self-evalutation.', '2018-05-13 12:47:12', '2018-05-13 12:47:12', 'org.default:artifact:1.0.0-SNAPSHOT', '0', '12', 'java.util.HashMap', null, null, '-1', null, null, '0', '13', 'java.util.HashMap', '-1', '3', 'com.sample.evaluation', '15', '72', '\0', 'Completed', '11', null, '3', null, 'admin', 'admin');
INSERT INTO `task` VALUES ('12', '0', null, 'You need to evaluate admin.', 'Performance Evaluation', 'PM Evaluation', '0', 'NoAction', 'You need to evaluate admin.', '2018-05-13 12:53:38', '2018-05-13 12:53:38', 'org.default:artifact:1.0.0-SNAPSHOT', '0', '14', 'java.util.HashMap', null, null, '-1', null, null, null, '-1', null, '-1', '0', 'com.sample.evaluation', '15', '73', '\0', 'Ready', '12', null, '1', null, null, null);
INSERT INTO `task` VALUES ('13', '0', null, 'You need to evaluate admin.', 'Performance Evaluation', 'HR Evaluation', '0', 'NoAction', 'You need to evaluate admin.', '2018-05-13 12:53:39', '2018-05-13 12:53:39', 'org.default:artifact:1.0.0-SNAPSHOT', '0', '15', 'java.util.HashMap', null, null, '-1', null, null, '0', '16', 'java.util.HashMap', '-1', '3', 'com.sample.evaluation', '15', '73', '\0', 'Completed', '13', null, '4', null, 'john', null);
INSERT INTO `task` VALUES ('14', '0', null, '', null, 'john', '0', 'NoAction', '', '2018-05-13 15:01:21', '2018-05-13 15:01:21', 'org.default:artifact:1.0.0-SNAPSHOT', '0', '17', 'java.util.HashMap', null, null, '-1', null, null, '0', '18', 'java.util.HashMap', '-1', '3', 'mytest.helloworldScriptTask', '16', '83', '', 'Completed', '14', null, '3', null, 'john', 'john');
INSERT INTO `task` VALUES ('15', '0', null, '', null, 'mary', '0', 'NoAction', '', '2018-05-13 15:02:10', '2018-05-13 15:02:10', 'org.default:artifact:1.0.0-SNAPSHOT', '0', '19', 'java.util.HashMap', null, null, '-1', null, null, '0', '20', 'java.util.HashMap', '-1', '3', 'mytest.helloworldScriptTask', '16', '83', '', 'Completed', '15', null, '3', null, 'mary', 'mary');
INSERT INTO `task` VALUES ('16', '0', null, '', null, 'tmp', '0', 'NoAction', '', '2018-05-13 15:14:28', '2018-05-13 15:14:28', 'org.default:artifact:1.0.0-SNAPSHOT', '0', '21', 'java.util.HashMap', null, null, '-1', null, null, null, '-1', null, '-1', '2', 'mytest.helloworldScriptTask', '16', '84', '', 'Ready', '16', null, '1', null, null, null);
INSERT INTO `task` VALUES ('17', '0', null, 'Please perform a self-evalutation.', 'Performance Evaluation', 'Self Evaluation', '0', 'NoAction', 'Please perform a self-evalutation.', '2018-05-13 15:15:37', '2018-05-13 15:15:37', 'org.default:artifact:1.0.0-SNAPSHOT', '0', '22', 'java.util.HashMap', null, null, '-1', null, null, '0', '23', 'java.util.HashMap', '-1', '3', 'com.sample.evaluation', '17', '84', '\0', 'Completed', '17', null, '3', null, 'admin', 'admin');
INSERT INTO `task` VALUES ('18', '0', null, 'You need to evaluate admin.', 'Performance Evaluation', 'HR Evaluation', '0', 'NoAction', 'You need to evaluate admin.', '2018-05-13 15:17:50', '2018-05-13 15:17:50', 'org.default:artifact:1.0.0-SNAPSHOT', '0', '24', 'java.util.HashMap', null, null, '-1', null, null, null, '-1', null, '-1', '1', 'com.sample.evaluation', '17', '84', '\0', 'Reserved', '18', null, '2', null, 'john', null);
INSERT INTO `task` VALUES ('19', '0', null, 'You need to evaluate admin.', 'Performance Evaluation', 'PM Evaluation', '0', 'NoAction', 'You need to evaluate admin.', '2018-05-13 15:17:50', '2018-05-13 15:17:50', 'org.default:artifact:1.0.0-SNAPSHOT', '0', '25', 'java.util.HashMap', null, null, '-1', null, null, null, '-1', null, '-1', '0', 'com.sample.evaluation', '17', '84', '\0', 'Ready', '19', null, '1', null, null, null);
INSERT INTO `task` VALUES ('20', '0', null, 'You need to evaluate admin.', 'Performance Evaluation', 'HR Evaluation', '0', 'NoAction', 'You need to evaluate admin.', '2018-05-13 15:17:55', '2018-05-13 15:17:55', 'org.default:artifact:1.0.0-SNAPSHOT', '0', '27', 'java.util.HashMap', null, null, '-1', null, null, null, '-1', null, '-1', '0', 'com.sample.evaluation', '14', '84', '\0', 'Ready', '20', null, '1', null, null, null);
INSERT INTO `task` VALUES ('21', '0', null, 'You need to evaluate admin.', 'Performance Evaluation', 'PM Evaluation', '0', 'NoAction', 'You need to evaluate admin.', '2018-05-13 15:17:55', '2018-05-13 15:17:55', 'org.default:artifact:1.0.0-SNAPSHOT', '0', '28', 'java.util.HashMap', null, null, '-1', null, null, null, '-1', null, '-1', '0', 'com.sample.evaluation', '14', '84', '\0', 'Ready', '21', null, '1', null, null, null);
INSERT INTO `task` VALUES ('22', '0', null, '', null, 'john', '0', 'NoAction', '', '2018-05-13 15:35:25', '2018-05-13 15:35:25', 'org.default:artifact:1.0.0-SNAPSHOT', '0', '29', 'java.util.HashMap', null, null, '-1', null, null, '0', '30', 'java.util.HashMap', '-1', '3', 'mytest.helloworldScriptTask', '18', '85', '', 'Completed', '22', null, '3', null, 'john', 'john');
INSERT INTO `task` VALUES ('23', '0', null, '', null, 'mary', '0', 'NoAction', '', '2018-05-13 15:35:43', '2018-05-13 15:35:43', 'org.default:artifact:1.0.0-SNAPSHOT', '0', '31', 'java.util.HashMap', null, null, '-1', null, null, '0', '32', 'java.util.HashMap', '-1', '3', 'mytest.helloworldScriptTask', '18', '85', '', 'Completed', '23', null, '3', null, 'mary', 'mary');
INSERT INTO `task` VALUES ('24', '0', null, '', null, 'tmp', '0', 'NoAction', '', '2018-05-13 15:36:21', '2018-05-13 15:36:21', 'org.default:artifact:1.0.0-SNAPSHOT', '0', '33', 'java.util.HashMap', null, null, '-1', null, null, null, '-1', null, '-1', '2', 'mytest.helloworldScriptTask', '18', '85', '', 'Ready', '24', null, '1', null, null, null);
INSERT INTO `task` VALUES ('25', '0', null, 'Please perform a self-evalutation.', 'Performance Evaluation', 'Self Evaluation', '0', 'NoAction', 'Please perform a self-evalutation.', '2018-05-13 15:38:14', '2018-05-13 15:38:14', 'org.default:artifact:1.0.0-SNAPSHOT', '0', '34', 'java.util.HashMap', null, null, '-1', null, null, '0', '35', 'java.util.HashMap', '-1', '3', 'com.sample.evaluation', '19', '85', '\0', 'Completed', '25', null, '3', null, 'admin', 'admin');
INSERT INTO `task` VALUES ('26', '0', null, 'You need to evaluate admin.', 'Performance Evaluation', 'PM Evaluation', '0', 'NoAction', 'You need to evaluate admin.', '2018-05-13 15:38:54', '2018-05-13 15:38:54', 'org.default:artifact:1.0.0-SNAPSHOT', '0', '36', 'java.util.HashMap', null, null, '-1', null, null, null, '-1', null, '-1', '0', 'com.sample.evaluation', '19', '85', '\0', 'Ready', '26', null, '1', null, null, null);
INSERT INTO `task` VALUES ('27', '0', null, 'You need to evaluate admin.', 'Performance Evaluation', 'HR Evaluation', '0', 'NoAction', 'You need to evaluate admin.', '2018-05-13 15:38:54', '2018-05-13 15:38:54', 'org.default:artifact:1.0.0-SNAPSHOT', '0', '37', 'java.util.HashMap', null, null, '-1', null, null, null, '-1', null, '-1', '1', 'com.sample.evaluation', '19', '85', '\0', 'Reserved', '27', null, '2', null, 'john', null);
INSERT INTO `task` VALUES ('28', '0', null, '', null, 'john', '0', 'NoAction', '', '2018-05-13 16:36:19', '2018-05-13 16:36:19', 'org.default:artifact:1.0.0-SNAPSHOT', '0', '38', 'java.util.HashMap', null, null, '-1', null, null, '0', '39', 'java.util.HashMap', '-1', '3', 'mytest.helloworldScriptTask', '20', '93', '', 'Completed', '28', null, '3', null, 'john', 'john');
INSERT INTO `task` VALUES ('29', '0', null, '', null, 'mary', '0', 'NoAction', '', '2018-05-13 16:36:48', '2018-05-13 16:36:48', 'org.default:artifact:1.0.0-SNAPSHOT', '0', '40', 'java.util.HashMap', null, null, '-1', null, null, '0', '41', 'java.util.HashMap', '-1', '3', 'mytest.helloworldScriptTask', '20', '93', '', 'Completed', '29', null, '3', null, 'mary', 'mary');
INSERT INTO `task` VALUES ('30', '0', null, '', null, 'tmp', '0', 'NoAction', '', '2018-05-13 16:37:10', '2018-05-13 16:37:10', 'org.default:artifact:1.0.0-SNAPSHOT', '0', '42', 'java.util.HashMap', null, null, '-1', null, null, null, '-1', null, '-1', '2', 'mytest.helloworldScriptTask', '20', '93', '', 'Ready', '30', null, '1', null, null, null);
INSERT INTO `task` VALUES ('31', '0', null, 'Please perform a self-evalutation.', 'Performance Evaluation', 'Self Evaluation', '0', 'NoAction', 'Please perform a self-evalutation.', '2018-05-13 16:42:33', '2018-05-13 16:42:33', 'org.default:artifact:1.0.0-SNAPSHOT', '0', '43', 'java.util.HashMap', null, null, '-1', null, null, '0', '44', 'java.util.HashMap', '-1', '3', 'com.sample.evaluation', '21', '94', '\0', 'Completed', '31', null, '3', null, 'admin', 'admin');
INSERT INTO `task` VALUES ('32', '0', null, 'You need to evaluate admin.', 'Performance Evaluation', 'PM Evaluation', '0', 'NoAction', 'You need to evaluate admin.', '2018-05-13 16:42:46', '2018-05-13 16:42:46', 'org.default:artifact:1.0.0-SNAPSHOT', '0', '45', 'java.util.HashMap', null, null, '-1', null, null, null, '-1', null, '-1', '0', 'com.sample.evaluation', '21', '94', '\0', 'Ready', '32', null, '1', null, null, null);
INSERT INTO `task` VALUES ('33', '0', null, 'You need to evaluate admin.', 'Performance Evaluation', 'HR Evaluation', '0', 'NoAction', 'You need to evaluate admin.', '2018-05-13 16:42:47', '2018-05-13 16:42:47', 'org.default:artifact:1.0.0-SNAPSHOT', '0', '46', 'java.util.HashMap', null, null, '-1', null, null, null, '-1', null, '-1', '1', 'com.sample.evaluation', '21', '94', '\0', 'Reserved', '33', null, '2', null, 'john', null);
INSERT INTO `task` VALUES ('34', '0', null, 'Please perform a self-evalutation.', 'Performance Evaluation', 'Self Evaluation', '0', 'NoAction', 'Please perform a self-evalutation.', '2018-05-13 20:09:08', '2018-05-13 20:09:08', 'org.default:artifact:1.0.0-SNAPSHOT', '0', '47', 'java.util.HashMap', null, null, '-1', null, null, '0', '48', 'java.util.HashMap', '-1', '3', 'com.sample.evaluation', '22', '94', '\0', 'Completed', '34', null, '3', null, 'admin', 'admin');
INSERT INTO `task` VALUES ('35', '0', null, 'You need to evaluate admin.', 'Performance Evaluation', 'PM Evaluation', '0', 'NoAction', 'You need to evaluate admin.', '2018-05-13 20:10:01', '2018-05-13 20:10:01', 'org.default:artifact:1.0.0-SNAPSHOT', '0', '49', 'java.util.HashMap', null, null, '-1', null, null, null, '-1', null, '-1', '0', 'com.sample.evaluation', '22', '94', '\0', 'Ready', '35', null, '1', null, null, null);
INSERT INTO `task` VALUES ('36', '0', null, 'You need to evaluate admin.', 'Performance Evaluation', 'HR Evaluation', '0', 'NoAction', 'You need to evaluate admin.', '2018-05-13 20:10:01', '2018-05-13 20:10:01', 'org.default:artifact:1.0.0-SNAPSHOT', '0', '50', 'java.util.HashMap', null, null, '-1', null, null, null, '-1', null, '-1', '1', 'com.sample.evaluation', '22', '94', '\0', 'Reserved', '36', null, '2', null, 'mary', null);
INSERT INTO `task` VALUES ('37', '0', null, 'Please perform a self-evalutation.', 'Performance Evaluation', 'Self Evaluation', '0', 'NoAction', 'Please perform a self-evalutation.', '2018-05-14 08:14:19', '2018-05-14 08:14:19', 'org.default:artifact:1.0.0-SNAPSHOT', '0', '51', 'java.util.HashMap', null, null, '-1', null, null, '0', '52', 'java.util.HashMap', '-1', '3', 'com.sample.evaluation', '32', '101', '\0', 'Completed', '46', null, '3', null, 'admin', 'admin');
INSERT INTO `task` VALUES ('38', '0', null, 'You need to evaluate admin.', 'Performance Evaluation', 'PM Evaluation', '0', 'NoAction', 'You need to evaluate admin.', '2018-05-14 08:14:56', '2018-05-14 08:14:56', 'org.default:artifact:1.0.0-SNAPSHOT', '0', '53', 'java.util.HashMap', null, null, '-1', null, null, null, '-1', null, '-1', '0', 'com.sample.evaluation', '32', '101', '\0', 'Ready', '47', null, '1', null, null, null);
INSERT INTO `task` VALUES ('39', '0', null, 'You need to evaluate admin.', 'Performance Evaluation', 'HR Evaluation', '0', 'NoAction', 'You need to evaluate admin.', '2018-05-14 08:14:56', '2018-05-14 08:14:56', 'org.default:artifact:1.0.0-SNAPSHOT', '0', '54', 'java.util.HashMap', null, null, '-1', null, null, null, '-1', null, '-1', '1', 'com.sample.evaluation', '32', '101', '\0', 'Reserved', '48', null, '2', null, 'john', null);
INSERT INTO `task` VALUES ('40', '0', null, 'Please perform a self-evalutation.', 'Performance Evaluation', 'Self Evaluation', '0', 'NoAction', 'Please perform a self-evalutation.', '2018-05-14 08:18:43', '2018-05-14 08:18:43', 'org.default:artifact:1.0.0-SNAPSHOT', '0', '55', 'java.util.HashMap', null, null, '-1', null, null, '0', '56', 'java.util.HashMap', '-1', '3', 'com.sample.evaluation', '33', '101', '\0', 'Completed', '49', null, '3', null, 'admin', 'admin');
INSERT INTO `task` VALUES ('41', '0', null, 'You need to evaluate admin.', 'Performance Evaluation', 'PM Evaluation', '0', 'NoAction', 'You need to evaluate admin.', '2018-05-14 08:20:10', '2018-05-14 08:20:10', 'org.default:artifact:1.0.0-SNAPSHOT', '0', '57', 'java.util.HashMap', null, null, '-1', null, null, null, '-1', null, '-1', '0', 'com.sample.evaluation', '33', '101', '\0', 'Ready', '50', null, '1', null, null, null);
INSERT INTO `task` VALUES ('42', '0', null, 'You need to evaluate admin.', 'Performance Evaluation', 'HR Evaluation', '0', 'NoAction', 'You need to evaluate admin.', '2018-05-14 08:20:10', '2018-05-14 08:20:10', 'org.default:artifact:1.0.0-SNAPSHOT', '0', '58', 'java.util.HashMap', null, null, '-1', null, null, null, '-1', null, '-1', '1', 'com.sample.evaluation', '33', '101', '\0', 'Reserved', '51', null, '2', null, 'john', null);
INSERT INTO `task` VALUES ('43', '0', null, 'Please perform a self-evalutation.', 'Performance Evaluation', 'Self Evaluation', '0', 'NoAction', 'Please perform a self-evalutation.', '2018-05-14 09:54:38', '2018-05-14 09:54:38', 'org.default:artifact:1.0.0-SNAPSHOT', '0', '59', 'java.util.HashMap', null, null, '-1', null, null, null, '-1', null, '-1', '2', 'com.sample.evaluation', '38', '108', '\0', 'Ready', '56', null, '1', null, null, null);
INSERT INTO `task` VALUES ('44', '0', null, 'Please perform a self-evalutation.', 'Performance Evaluation', 'Self Evaluation', '0', 'NoAction', 'Please perform a self-evalutation.', '2018-05-14 10:00:55', '2018-05-14 10:00:55', 'org.default:artifact:1.0.0-SNAPSHOT', '0', '60', 'java.util.HashMap', null, null, '-1', null, null, '0', '61', 'java.util.HashMap', '-1', '3', 'com.sample.evaluation', '39', '109', '\0', 'Completed', '57', null, '3', null, 'tmp', 'tmp');
INSERT INTO `task` VALUES ('45', '0', null, 'You need to evaluate tmp.', 'Performance Evaluation', 'HR Evaluation', '0', 'NoAction', 'You need to evaluate tmp.', '2018-05-14 11:54:47', '2018-05-14 11:54:47', 'org.default:artifact:1.0.0-SNAPSHOT', '0', '62', 'java.util.HashMap', null, null, '-1', null, null, '0', '65', 'java.util.HashMap', '-1', '3', 'com.sample.evaluation', '39', '109', '\0', 'Completed', '58', null, '4', null, 'mary', null);
INSERT INTO `task` VALUES ('46', '0', null, 'You need to evaluate tmp.', 'Performance Evaluation', 'PM Evaluation', '0', 'NoAction', 'You need to evaluate tmp.', '2018-05-14 11:54:47', '2018-05-14 11:54:47', 'org.default:artifact:1.0.0-SNAPSHOT', '0', '63', 'java.util.HashMap', null, null, '-1', null, null, '0', '64', 'java.util.HashMap', '-1', '3', 'com.sample.evaluation', '39', '109', '\0', 'Completed', '59', null, '4', null, 'john', null);
INSERT INTO `task` VALUES ('47', '0', null, 'Please perform a self-evalutation.', 'Performance Evaluation', 'Self Evaluation', '0', 'NoAction', 'Please perform a self-evalutation.', '2018-05-14 13:34:35', '2018-05-14 13:34:35', 'org.default:artifact:1.0.0-SNAPSHOT', '0', '66', 'java.util.HashMap', null, null, '-1', null, null, '0', '67', 'java.util.HashMap', '-1', '3', 'com.sample.evaluation', '40', '110', '\0', 'Completed', '60', null, '3', null, 'tmp', 'tmp');
INSERT INTO `task` VALUES ('48', '0', null, 'You need to evaluate tmp.', 'Performance Evaluation', 'HR Evaluation', '0', 'NoAction', 'You need to evaluate tmp.', '2018-05-14 13:34:51', '2018-05-14 13:34:51', 'org.default:artifact:1.0.0-SNAPSHOT', '0', '68', 'java.util.HashMap', null, null, '-1', null, null, '0', '70', 'java.util.HashMap', '-1', '3', 'com.sample.evaluation', '40', '110', '\0', 'Completed', '61', null, '4', null, 'tmp', null);
INSERT INTO `task` VALUES ('49', '0', null, 'You need to evaluate tmp.', 'Performance Evaluation', 'PM Evaluation', '0', 'NoAction', 'You need to evaluate tmp.', '2018-05-14 13:34:52', '2018-05-14 13:34:52', 'org.default:artifact:1.0.0-SNAPSHOT', '0', '69', 'java.util.HashMap', null, null, '-1', null, null, null, '-1', null, '-1', '1', 'com.sample.evaluation', '40', '110', '\0', 'Reserved', '62', null, '2', null, 'john', null);
INSERT INTO `task` VALUES ('50', '0', null, '', null, 'john', '0', 'NoAction', '', '2018-05-14 13:38:55', '2018-05-14 13:38:55', 'org.default:artifact:1.0.0-SNAPSHOT', '0', '71', 'java.util.HashMap', null, null, '-1', null, null, '0', '72', 'java.util.HashMap', '-1', '3', 'mytest.helloworldScriptTask', '41', '110', '', 'Completed', '63', null, '3', null, 'john', 'john');
INSERT INTO `task` VALUES ('51', '0', null, '', null, 'mary', '0', 'NoAction', '', '2018-05-14 13:39:14', '2018-05-14 13:39:14', 'org.default:artifact:1.0.0-SNAPSHOT', '0', '73', 'java.util.HashMap', null, null, '-1', null, null, '0', '74', 'java.util.HashMap', '-1', '3', 'mytest.helloworldScriptTask', '41', '110', '', 'Completed', '64', null, '3', null, 'mary', 'mary');
INSERT INTO `task` VALUES ('52', '0', null, '', null, 'tmp', '0', 'NoAction', '', '2018-05-14 13:39:45', '2018-05-14 13:39:45', 'org.default:artifact:1.0.0-SNAPSHOT', '0', '75', 'java.util.HashMap', null, null, '-1', null, null, null, '-1', null, '-1', '2', 'mytest.helloworldScriptTask', '41', '110', '', 'Ready', '65', null, '1', null, null, null);

-- ----------------------------
-- Table structure for taskdef
-- ----------------------------
DROP TABLE IF EXISTS `taskdef`;
CREATE TABLE `taskdef` (
  `id` bigint(20) NOT NULL AUTO_INCREMENT,
  `name` varchar(255) DEFAULT NULL,
  `priority` int(11) NOT NULL,
  PRIMARY KEY (`id`)
) ENGINE=InnoDB DEFAULT CHARSET=utf8;

-- ----------------------------
-- Records of taskdef
-- ----------------------------

-- ----------------------------
-- Table structure for taskevent
-- ----------------------------
DROP TABLE IF EXISTS `taskevent`;
CREATE TABLE `taskevent` (
  `id` bigint(20) NOT NULL AUTO_INCREMENT,
  `logTime` datetime DEFAULT NULL,
  `message` varchar(255) DEFAULT NULL,
  `processInstanceId` bigint(20) DEFAULT NULL,
  `taskId` bigint(20) DEFAULT NULL,
  `type` varchar(255) DEFAULT NULL,
  `userId` varchar(255) DEFAULT NULL,
  `OPTLOCK` int(11) DEFAULT NULL,
  `workItemId` bigint(20) DEFAULT NULL,
  PRIMARY KEY (`id`)
) ENGINE=InnoDB AUTO_INCREMENT=135 DEFAULT CHARSET=utf8;

-- ----------------------------
-- Records of taskevent
-- ----------------------------
INSERT INTO `taskevent` VALUES ('1', '2018-05-13 05:54:08', null, '7', '1', 'ADDED', 'org.jbpm.examples.checklist.sample1', '0', '1');
INSERT INTO `taskevent` VALUES ('2', '2018-05-13 05:56:32', null, '8', '2', 'ADDED', 'com.sample.evaluation', '0', '2');
INSERT INTO `taskevent` VALUES ('3', '2018-05-13 06:31:06', null, '9', '3', 'ADDED', 'com.sample.evaluation', '0', '3');
INSERT INTO `taskevent` VALUES ('4', '2018-05-13 06:42:28', null, '10', '4', 'ADDED', 'org.jbpm.examples.checklist.sample1', '0', '4');
INSERT INTO `taskevent` VALUES ('5', '2018-05-13 09:16:56', null, '11', '5', 'ADDED', 'com.sample.evaluation', '0', '5');
INSERT INTO `taskevent` VALUES ('7', '2018-05-13 09:43:24', null, '12', '6', 'ADDED', 'com.sample.evaluation', '0', '6');
INSERT INTO `taskevent` VALUES ('8', '2018-05-13 10:00:32', null, '13', '7', 'ADDED', 'com.sample.evaluation', '0', '7');
INSERT INTO `taskevent` VALUES ('9', '2018-05-13 10:01:41', null, '13', '7', 'STARTED', 'admin', '0', '7');
INSERT INTO `taskevent` VALUES ('10', '2018-05-13 11:34:39', 'Task output data updated', '13', '7', 'UPDATED', 'admin', '0', '7');
INSERT INTO `taskevent` VALUES ('11', '2018-05-13 11:34:39', null, '13', '8', 'ADDED', 'com.sample.evaluation', '0', '8');
INSERT INTO `taskevent` VALUES ('12', '2018-05-13 11:34:39', null, '13', '9', 'ADDED', 'com.sample.evaluation', '0', '9');
INSERT INTO `taskevent` VALUES ('13', '2018-05-13 11:34:39', null, '13', '7', 'COMPLETED', 'admin', '0', '7');
INSERT INTO `taskevent` VALUES ('14', '2018-05-13 12:10:47', null, '14', '10', 'ADDED', 'com.sample.evaluation', '0', '10');
INSERT INTO `taskevent` VALUES ('15', '2018-05-13 12:22:12', null, '14', '10', 'STARTED', 'admin', '0', '10');
INSERT INTO `taskevent` VALUES ('16', '2018-05-13 12:47:13', null, '15', '11', 'ADDED', 'com.sample.evaluation', '0', '11');
INSERT INTO `taskevent` VALUES ('17', '2018-05-13 12:53:24', null, '15', '11', 'STARTED', 'admin', '0', '11');
INSERT INTO `taskevent` VALUES ('18', '2018-05-13 12:53:38', 'Task output data updated', '15', '11', 'UPDATED', 'admin', '0', '11');
INSERT INTO `taskevent` VALUES ('19', '2018-05-13 12:53:39', null, '15', '12', 'ADDED', 'com.sample.evaluation', '0', '12');
INSERT INTO `taskevent` VALUES ('20', '2018-05-13 12:53:39', null, '15', '13', 'ADDED', 'com.sample.evaluation', '0', '13');
INSERT INTO `taskevent` VALUES ('21', '2018-05-13 12:53:39', null, '15', '11', 'COMPLETED', 'admin', '0', '11');
INSERT INTO `taskevent` VALUES ('22', '2018-05-13 13:03:11', null, '15', '13', 'CLAIMED', 'john', '0', '13');
INSERT INTO `taskevent` VALUES ('23', '2018-05-13 13:10:33', null, '15', '13', 'STARTED', 'john', '0', '13');
INSERT INTO `taskevent` VALUES ('24', '2018-05-13 13:11:03', 'Task output data updated', '15', '13', 'UPDATED', 'john', '0', '13');
INSERT INTO `taskevent` VALUES ('25', '2018-05-13 13:11:03', null, '15', '13', 'COMPLETED', 'john', '0', '13');
INSERT INTO `taskevent` VALUES ('26', '2018-05-13 15:01:22', null, '16', '14', 'ADDED', 'mytest.helloworldScriptTask', '0', '14');
INSERT INTO `taskevent` VALUES ('27', '2018-05-13 15:01:57', null, '16', '14', 'STARTED', 'john', '0', '14');
INSERT INTO `taskevent` VALUES ('28', '2018-05-13 15:02:09', 'Task output data updated', '16', '14', 'UPDATED', 'john', '0', '14');
INSERT INTO `taskevent` VALUES ('29', '2018-05-13 15:02:11', null, '16', '15', 'ADDED', 'mytest.helloworldScriptTask', '0', '15');
INSERT INTO `taskevent` VALUES ('30', '2018-05-13 15:02:11', null, '16', '14', 'COMPLETED', 'john', '0', '14');
INSERT INTO `taskevent` VALUES ('31', '2018-05-13 15:13:03', null, '13', '9', 'CLAIMED', 'mary', '0', '9');
INSERT INTO `taskevent` VALUES ('32', '2018-05-13 15:14:23', null, '16', '15', 'STARTED', 'mary', '0', '15');
INSERT INTO `taskevent` VALUES ('33', '2018-05-13 15:14:27', 'Task output data updated', '16', '15', 'UPDATED', 'mary', '0', '15');
INSERT INTO `taskevent` VALUES ('34', '2018-05-13 15:14:28', null, '16', '16', 'ADDED', 'mytest.helloworldScriptTask', '0', '16');
INSERT INTO `taskevent` VALUES ('35', '2018-05-13 15:14:28', null, '16', '15', 'COMPLETED', 'mary', '0', '15');
INSERT INTO `taskevent` VALUES ('36', '2018-05-13 15:15:37', null, '17', '17', 'ADDED', 'com.sample.evaluation', '0', '17');
INSERT INTO `taskevent` VALUES ('37', '2018-05-13 15:17:37', null, '17', '17', 'STARTED', 'admin', '0', '17');
INSERT INTO `taskevent` VALUES ('38', '2018-05-13 15:17:50', 'Task output data updated', '17', '17', 'UPDATED', 'admin', '0', '17');
INSERT INTO `taskevent` VALUES ('39', '2018-05-13 15:17:50', null, '17', '18', 'ADDED', 'com.sample.evaluation', '0', '18');
INSERT INTO `taskevent` VALUES ('40', '2018-05-13 15:17:51', null, '17', '19', 'ADDED', 'com.sample.evaluation', '0', '19');
INSERT INTO `taskevent` VALUES ('41', '2018-05-13 15:17:51', null, '17', '17', 'COMPLETED', 'admin', '0', '17');
INSERT INTO `taskevent` VALUES ('42', '2018-05-13 15:17:55', 'Task output data updated', '14', '10', 'UPDATED', 'admin', '0', '10');
INSERT INTO `taskevent` VALUES ('43', '2018-05-13 15:17:55', null, '14', '20', 'ADDED', 'com.sample.evaluation', '0', '20');
INSERT INTO `taskevent` VALUES ('44', '2018-05-13 15:17:55', null, '14', '21', 'ADDED', 'com.sample.evaluation', '0', '21');
INSERT INTO `taskevent` VALUES ('45', '2018-05-13 15:17:56', null, '14', '10', 'COMPLETED', 'admin', '0', '10');
INSERT INTO `taskevent` VALUES ('46', '2018-05-13 15:18:13', null, '17', '18', 'CLAIMED', 'john', '0', '18');
INSERT INTO `taskevent` VALUES ('47', '2018-05-13 15:35:26', null, '18', '22', 'ADDED', 'mytest.helloworldScriptTask', '0', '22');
INSERT INTO `taskevent` VALUES ('48', '2018-05-13 15:35:40', null, '18', '22', 'STARTED', 'john', '0', '22');
INSERT INTO `taskevent` VALUES ('49', '2018-05-13 15:35:43', 'Task output data updated', '18', '22', 'UPDATED', 'john', '0', '22');
INSERT INTO `taskevent` VALUES ('50', '2018-05-13 15:35:43', null, '18', '23', 'ADDED', 'mytest.helloworldScriptTask', '0', '23');
INSERT INTO `taskevent` VALUES ('51', '2018-05-13 15:35:43', null, '18', '22', 'COMPLETED', 'john', '0', '22');
INSERT INTO `taskevent` VALUES ('52', '2018-05-13 15:36:18', null, '18', '23', 'STARTED', 'mary', '0', '23');
INSERT INTO `taskevent` VALUES ('53', '2018-05-13 15:36:21', 'Task output data updated', '18', '23', 'UPDATED', 'mary', '0', '23');
INSERT INTO `taskevent` VALUES ('54', '2018-05-13 15:36:21', null, '18', '24', 'ADDED', 'mytest.helloworldScriptTask', '0', '24');
INSERT INTO `taskevent` VALUES ('55', '2018-05-13 15:36:21', null, '18', '23', 'COMPLETED', 'mary', '0', '23');
INSERT INTO `taskevent` VALUES ('56', '2018-05-13 15:38:15', null, '19', '25', 'ADDED', 'com.sample.evaluation', '0', '25');
INSERT INTO `taskevent` VALUES ('57', '2018-05-13 15:38:51', null, '19', '25', 'STARTED', 'admin', '0', '25');
INSERT INTO `taskevent` VALUES ('58', '2018-05-13 15:38:54', 'Task output data updated', '19', '25', 'UPDATED', 'admin', '0', '25');
INSERT INTO `taskevent` VALUES ('59', '2018-05-13 15:38:54', null, '19', '26', 'ADDED', 'com.sample.evaluation', '0', '26');
INSERT INTO `taskevent` VALUES ('60', '2018-05-13 15:38:54', null, '19', '27', 'ADDED', 'com.sample.evaluation', '0', '27');
INSERT INTO `taskevent` VALUES ('61', '2018-05-13 15:38:54', null, '19', '25', 'COMPLETED', 'admin', '0', '25');
INSERT INTO `taskevent` VALUES ('62', '2018-05-13 16:36:19', null, '20', '28', 'ADDED', 'mytest.helloworldScriptTask', '0', '28');
INSERT INTO `taskevent` VALUES ('63', '2018-05-13 16:36:43', null, '20', '28', 'STARTED', 'john', '0', '28');
INSERT INTO `taskevent` VALUES ('64', '2018-05-13 16:36:48', 'Task output data updated', '20', '28', 'UPDATED', 'john', '0', '28');
INSERT INTO `taskevent` VALUES ('65', '2018-05-13 16:36:49', null, '20', '29', 'ADDED', 'mytest.helloworldScriptTask', '0', '29');
INSERT INTO `taskevent` VALUES ('66', '2018-05-13 16:36:49', null, '20', '28', 'COMPLETED', 'john', '0', '28');
INSERT INTO `taskevent` VALUES ('67', '2018-05-13 16:37:06', null, '20', '29', 'STARTED', 'mary', '0', '29');
INSERT INTO `taskevent` VALUES ('68', '2018-05-13 16:37:10', 'Task output data updated', '20', '29', 'UPDATED', 'mary', '0', '29');
INSERT INTO `taskevent` VALUES ('69', '2018-05-13 16:37:10', null, '20', '30', 'ADDED', 'mytest.helloworldScriptTask', '0', '30');
INSERT INTO `taskevent` VALUES ('70', '2018-05-13 16:37:10', null, '20', '29', 'COMPLETED', 'mary', '0', '29');
INSERT INTO `taskevent` VALUES ('71', '2018-05-13 16:42:34', null, '21', '31', 'ADDED', 'com.sample.evaluation', '0', '31');
INSERT INTO `taskevent` VALUES ('72', '2018-05-13 16:42:43', null, '21', '31', 'STARTED', 'admin', '0', '31');
INSERT INTO `taskevent` VALUES ('73', '2018-05-13 16:42:46', 'Task output data updated', '21', '31', 'UPDATED', 'admin', '0', '31');
INSERT INTO `taskevent` VALUES ('74', '2018-05-13 16:42:47', null, '21', '32', 'ADDED', 'com.sample.evaluation', '0', '32');
INSERT INTO `taskevent` VALUES ('75', '2018-05-13 16:42:47', null, '21', '33', 'ADDED', 'com.sample.evaluation', '0', '33');
INSERT INTO `taskevent` VALUES ('76', '2018-05-13 16:42:47', null, '21', '31', 'COMPLETED', 'admin', '0', '31');
INSERT INTO `taskevent` VALUES ('77', '2018-05-13 16:45:44', null, '21', '33', 'CLAIMED', 'john', '0', '33');
INSERT INTO `taskevent` VALUES ('78', '2018-05-13 16:48:17', null, '19', '27', 'CLAIMED', 'john', '0', '27');
INSERT INTO `taskevent` VALUES ('79', '2018-05-13 20:09:08', null, '22', '34', 'ADDED', 'com.sample.evaluation', '0', '34');
INSERT INTO `taskevent` VALUES ('80', '2018-05-13 20:09:33', null, '22', '34', 'STARTED', 'admin', '0', '34');
INSERT INTO `taskevent` VALUES ('81', '2018-05-13 20:10:01', 'Task output data updated', '22', '34', 'UPDATED', 'admin', '0', '34');
INSERT INTO `taskevent` VALUES ('82', '2018-05-13 20:10:01', null, '22', '35', 'ADDED', 'com.sample.evaluation', '0', '35');
INSERT INTO `taskevent` VALUES ('83', '2018-05-13 20:10:01', null, '22', '36', 'ADDED', 'com.sample.evaluation', '0', '36');
INSERT INTO `taskevent` VALUES ('84', '2018-05-13 20:10:01', null, '22', '34', 'COMPLETED', 'admin', '0', '34');
INSERT INTO `taskevent` VALUES ('85', '2018-05-14 08:14:21', null, '32', '37', 'ADDED', 'com.sample.evaluation', '0', '46');
INSERT INTO `taskevent` VALUES ('86', '2018-05-14 08:14:52', null, '32', '37', 'STARTED', 'admin', '0', '46');
INSERT INTO `taskevent` VALUES ('87', '2018-05-14 08:14:56', 'Task output data updated', '32', '37', 'UPDATED', 'admin', '0', '46');
INSERT INTO `taskevent` VALUES ('88', '2018-05-14 08:14:56', null, '32', '38', 'ADDED', 'com.sample.evaluation', '0', '47');
INSERT INTO `taskevent` VALUES ('89', '2018-05-14 08:14:56', null, '32', '39', 'ADDED', 'com.sample.evaluation', '0', '48');
INSERT INTO `taskevent` VALUES ('90', '2018-05-14 08:14:56', null, '32', '37', 'COMPLETED', 'admin', '0', '46');
INSERT INTO `taskevent` VALUES ('91', '2018-05-14 08:17:27', null, '32', '39', 'CLAIMED', 'john', '0', '48');
INSERT INTO `taskevent` VALUES ('92', '2018-05-14 08:18:43', null, '33', '40', 'ADDED', 'com.sample.evaluation', '0', '49');
INSERT INTO `taskevent` VALUES ('93', '2018-05-14 08:20:06', null, '33', '40', 'STARTED', 'admin', '0', '49');
INSERT INTO `taskevent` VALUES ('94', '2018-05-14 08:20:10', 'Task output data updated', '33', '40', 'UPDATED', 'admin', '0', '49');
INSERT INTO `taskevent` VALUES ('95', '2018-05-14 08:20:10', null, '33', '41', 'ADDED', 'com.sample.evaluation', '0', '50');
INSERT INTO `taskevent` VALUES ('96', '2018-05-14 08:20:10', null, '33', '42', 'ADDED', 'com.sample.evaluation', '0', '51');
INSERT INTO `taskevent` VALUES ('97', '2018-05-14 08:20:10', null, '33', '40', 'COMPLETED', 'admin', '0', '49');
INSERT INTO `taskevent` VALUES ('98', '2018-05-14 08:22:52', null, '33', '42', 'CLAIMED', 'john', '0', '51');
INSERT INTO `taskevent` VALUES ('99', '2018-05-14 09:30:48', null, '22', '36', 'CLAIMED', 'mary', '0', '36');
INSERT INTO `taskevent` VALUES ('100', '2018-05-14 09:54:39', null, '38', '43', 'ADDED', 'com.sample.evaluation', '0', '56');
INSERT INTO `taskevent` VALUES ('101', '2018-05-14 10:00:56', null, '39', '44', 'ADDED', 'com.sample.evaluation', '0', '57');
INSERT INTO `taskevent` VALUES ('102', '2018-05-14 11:54:43', null, '39', '44', 'STARTED', 'tmp', '0', '57');
INSERT INTO `taskevent` VALUES ('103', '2018-05-14 11:54:47', 'Task output data updated', '39', '44', 'UPDATED', 'tmp', '0', '57');
INSERT INTO `taskevent` VALUES ('104', '2018-05-14 11:54:47', null, '39', '45', 'ADDED', 'com.sample.evaluation', '0', '58');
INSERT INTO `taskevent` VALUES ('105', '2018-05-14 11:54:47', null, '39', '46', 'ADDED', 'com.sample.evaluation', '0', '59');
INSERT INTO `taskevent` VALUES ('106', '2018-05-14 11:54:47', null, '39', '44', 'COMPLETED', 'tmp', '0', '57');
INSERT INTO `taskevent` VALUES ('107', '2018-05-14 13:32:58', null, '39', '46', 'CLAIMED', 'john', '0', '59');
INSERT INTO `taskevent` VALUES ('108', '2018-05-14 13:33:11', null, '39', '46', 'STARTED', 'john', '0', '59');
INSERT INTO `taskevent` VALUES ('109', '2018-05-14 13:33:15', 'Task output data updated', '39', '46', 'UPDATED', 'john', '0', '59');
INSERT INTO `taskevent` VALUES ('110', '2018-05-14 13:33:15', null, '39', '46', 'COMPLETED', 'john', '0', '59');
INSERT INTO `taskevent` VALUES ('111', '2018-05-14 13:33:37', null, '39', '45', 'CLAIMED', 'mary', '0', '58');
INSERT INTO `taskevent` VALUES ('112', '2018-05-14 13:33:48', null, '39', '45', 'STARTED', 'mary', '0', '58');
INSERT INTO `taskevent` VALUES ('113', '2018-05-14 13:33:51', 'Task output data updated', '39', '45', 'UPDATED', 'mary', '0', '58');
INSERT INTO `taskevent` VALUES ('114', '2018-05-14 13:33:51', null, '39', '45', 'COMPLETED', 'mary', '0', '58');
INSERT INTO `taskevent` VALUES ('115', '2018-05-14 13:34:35', null, '40', '47', 'ADDED', 'com.sample.evaluation', '0', '60');
INSERT INTO `taskevent` VALUES ('116', '2018-05-14 13:34:48', null, '40', '47', 'STARTED', 'tmp', '0', '60');
INSERT INTO `taskevent` VALUES ('117', '2018-05-14 13:34:51', 'Task output data updated', '40', '47', 'UPDATED', 'tmp', '0', '60');
INSERT INTO `taskevent` VALUES ('118', '2018-05-14 13:34:52', null, '40', '48', 'ADDED', 'com.sample.evaluation', '0', '61');
INSERT INTO `taskevent` VALUES ('119', '2018-05-14 13:34:52', null, '40', '49', 'ADDED', 'com.sample.evaluation', '0', '62');
INSERT INTO `taskevent` VALUES ('120', '2018-05-14 13:34:52', null, '40', '47', 'COMPLETED', 'tmp', '0', '60');
INSERT INTO `taskevent` VALUES ('121', '2018-05-14 13:35:23', null, '40', '48', 'CLAIMED', 'tmp', '0', '61');
INSERT INTO `taskevent` VALUES ('122', '2018-05-14 13:35:29', null, '40', '48', 'STARTED', 'tmp', '0', '61');
INSERT INTO `taskevent` VALUES ('123', '2018-05-14 13:35:32', 'Task output data updated', '40', '48', 'UPDATED', 'tmp', '0', '61');
INSERT INTO `taskevent` VALUES ('124', '2018-05-14 13:35:32', null, '40', '48', 'COMPLETED', 'tmp', '0', '61');
INSERT INTO `taskevent` VALUES ('125', '2018-05-14 13:36:00', null, '40', '49', 'CLAIMED', 'john', '0', '62');
INSERT INTO `taskevent` VALUES ('126', '2018-05-14 13:38:55', null, '41', '50', 'ADDED', 'mytest.helloworldScriptTask', '0', '63');
INSERT INTO `taskevent` VALUES ('127', '2018-05-14 13:39:11', null, '41', '50', 'STARTED', 'john', '0', '63');
INSERT INTO `taskevent` VALUES ('128', '2018-05-14 13:39:14', 'Task output data updated', '41', '50', 'UPDATED', 'john', '0', '63');
INSERT INTO `taskevent` VALUES ('129', '2018-05-14 13:39:14', null, '41', '51', 'ADDED', 'mytest.helloworldScriptTask', '0', '64');
INSERT INTO `taskevent` VALUES ('130', '2018-05-14 13:39:14', null, '41', '50', 'COMPLETED', 'john', '0', '63');
INSERT INTO `taskevent` VALUES ('131', '2018-05-14 13:39:41', null, '41', '51', 'STARTED', 'mary', '0', '64');
INSERT INTO `taskevent` VALUES ('132', '2018-05-14 13:39:45', 'Task output data updated', '41', '51', 'UPDATED', 'mary', '0', '64');
INSERT INTO `taskevent` VALUES ('133', '2018-05-14 13:39:45', null, '41', '52', 'ADDED', 'mytest.helloworldScriptTask', '0', '65');
INSERT INTO `taskevent` VALUES ('134', '2018-05-14 13:39:45', null, '41', '51', 'COMPLETED', 'mary', '0', '64');

-- ----------------------------
-- Table structure for taskvariableimpl
-- ----------------------------
DROP TABLE IF EXISTS `taskvariableimpl`;
CREATE TABLE `taskvariableimpl` (
  `id` bigint(20) NOT NULL AUTO_INCREMENT,
  `modificationDate` datetime DEFAULT NULL,
  `name` varchar(255) DEFAULT NULL,
  `processId` varchar(255) DEFAULT NULL,
  `processInstanceId` bigint(20) DEFAULT NULL,
  `taskId` bigint(20) DEFAULT NULL,
  `type` int(11) DEFAULT NULL,
  `value` varchar(4000) DEFAULT NULL,
  PRIMARY KEY (`id`)
) ENGINE=InnoDB AUTO_INCREMENT=162 DEFAULT CHARSET=utf8;

-- ----------------------------
-- Records of taskvariableimpl
-- ----------------------------
INSERT INTO `taskvariableimpl` VALUES ('1', '2018-05-13 05:54:08', 'Locale', 'org.jbpm.examples.checklist.sample1', '7', '1', '0', 'en-UK');
INSERT INTO `taskvariableimpl` VALUES ('2', '2018-05-13 05:54:08', 'Comment', 'org.jbpm.examples.checklist.sample1', '7', '1', '0', '1');
INSERT INTO `taskvariableimpl` VALUES ('3', '2018-05-13 05:54:08', 'Skippable', 'org.jbpm.examples.checklist.sample1', '7', '1', '0', 'false');
INSERT INTO `taskvariableimpl` VALUES ('4', '2018-05-13 05:56:32', 'Comment', 'com.sample.evaluation', '8', '2', '0', 'Please perform a self-evalutation.');
INSERT INTO `taskvariableimpl` VALUES ('5', '2018-05-13 05:56:32', 'Skippable', 'com.sample.evaluation', '8', '2', '0', 'false');
INSERT INTO `taskvariableimpl` VALUES ('6', '2018-05-13 06:31:06', 'Comment', 'com.sample.evaluation', '9', '3', '0', 'Please perform a self-evalutation.');
INSERT INTO `taskvariableimpl` VALUES ('7', '2018-05-13 06:31:06', 'Skippable', 'com.sample.evaluation', '9', '3', '0', 'false');
INSERT INTO `taskvariableimpl` VALUES ('8', '2018-05-13 06:42:27', 'Locale', 'org.jbpm.examples.checklist.sample1', '10', '4', '0', 'en-UK');
INSERT INTO `taskvariableimpl` VALUES ('9', '2018-05-13 06:42:27', 'Comment', 'org.jbpm.examples.checklist.sample1', '10', '4', '0', '1');
INSERT INTO `taskvariableimpl` VALUES ('10', '2018-05-13 06:42:27', 'Skippable', 'org.jbpm.examples.checklist.sample1', '10', '4', '0', 'false');
INSERT INTO `taskvariableimpl` VALUES ('11', '2018-05-13 09:16:56', 'Comment', 'com.sample.evaluation', '11', '5', '0', 'Please perform a self-evalutation.');
INSERT INTO `taskvariableimpl` VALUES ('12', '2018-05-13 09:16:56', 'Skippable', 'com.sample.evaluation', '11', '5', '0', 'false');
INSERT INTO `taskvariableimpl` VALUES ('13', '2018-05-13 09:43:24', 'Comment', 'com.sample.evaluation', '12', '6', '0', 'Please perform a self-evalutation.');
INSERT INTO `taskvariableimpl` VALUES ('14', '2018-05-13 09:43:24', 'Skippable', 'com.sample.evaluation', '12', '6', '0', 'false');
INSERT INTO `taskvariableimpl` VALUES ('15', '2018-05-13 10:00:32', 'Comment', 'com.sample.evaluation', '13', '7', '0', 'Please perform a self-evalutation.');
INSERT INTO `taskvariableimpl` VALUES ('16', '2018-05-13 10:00:32', 'reason', 'com.sample.evaluation', '13', '7', '0', 'Yearly performance evaluation');
INSERT INTO `taskvariableimpl` VALUES ('17', '2018-05-13 10:00:32', 'Skippable', 'com.sample.evaluation', '13', '7', '0', 'false');
INSERT INTO `taskvariableimpl` VALUES ('18', '2018-05-13 11:34:39', 'id', 'com.sample.evaluation', '13', '7', '1', '7');
INSERT INTO `taskvariableimpl` VALUES ('19', '2018-05-13 11:34:39', 'Comment', 'com.sample.evaluation', '13', '8', '0', 'You need to evaluate admin.');
INSERT INTO `taskvariableimpl` VALUES ('20', '2018-05-13 11:34:39', 'reason', 'com.sample.evaluation', '13', '8', '0', 'Yearly performance evaluation');
INSERT INTO `taskvariableimpl` VALUES ('21', '2018-05-13 11:34:39', 'Skippable', 'com.sample.evaluation', '13', '8', '0', 'false');
INSERT INTO `taskvariableimpl` VALUES ('22', '2018-05-13 11:34:39', 'GroupId', 'com.sample.evaluation', '13', '8', '0', 'PM');
INSERT INTO `taskvariableimpl` VALUES ('23', '2018-05-13 11:34:39', 'Comment', 'com.sample.evaluation', '13', '9', '0', 'You need to evaluate admin.');
INSERT INTO `taskvariableimpl` VALUES ('24', '2018-05-13 11:34:39', 'reason', 'com.sample.evaluation', '13', '9', '0', 'Yearly performance evaluation');
INSERT INTO `taskvariableimpl` VALUES ('25', '2018-05-13 11:34:39', 'Skippable', 'com.sample.evaluation', '13', '9', '0', 'false');
INSERT INTO `taskvariableimpl` VALUES ('26', '2018-05-13 11:34:39', 'GroupId', 'com.sample.evaluation', '13', '9', '0', 'HR');
INSERT INTO `taskvariableimpl` VALUES ('27', '2018-05-13 12:10:47', 'Comment', 'com.sample.evaluation', '14', '10', '0', 'Please perform a self-evalutation.');
INSERT INTO `taskvariableimpl` VALUES ('28', '2018-05-13 12:10:47', 'reason', 'com.sample.evaluation', '14', '10', '0', 'Yearly performance evaluation');
INSERT INTO `taskvariableimpl` VALUES ('29', '2018-05-13 12:10:47', 'Skippable', 'com.sample.evaluation', '14', '10', '0', 'false');
INSERT INTO `taskvariableimpl` VALUES ('30', '2018-05-13 12:47:13', 'Comment', 'com.sample.evaluation', '15', '11', '0', 'Please perform a self-evalutation.');
INSERT INTO `taskvariableimpl` VALUES ('31', '2018-05-13 12:47:13', 'reason', 'com.sample.evaluation', '15', '11', '0', 'Yearly performance evaluation');
INSERT INTO `taskvariableimpl` VALUES ('32', '2018-05-13 12:47:13', 'Skippable', 'com.sample.evaluation', '15', '11', '0', 'false');
INSERT INTO `taskvariableimpl` VALUES ('33', '2018-05-13 12:53:38', 'id', 'com.sample.evaluation', '15', '11', '1', '11');
INSERT INTO `taskvariableimpl` VALUES ('34', '2018-05-13 12:53:39', 'Comment', 'com.sample.evaluation', '15', '12', '0', 'You need to evaluate admin.');
INSERT INTO `taskvariableimpl` VALUES ('35', '2018-05-13 12:53:39', 'reason', 'com.sample.evaluation', '15', '12', '0', 'Yearly performance evaluation');
INSERT INTO `taskvariableimpl` VALUES ('36', '2018-05-13 12:53:39', 'Skippable', 'com.sample.evaluation', '15', '12', '0', 'false');
INSERT INTO `taskvariableimpl` VALUES ('37', '2018-05-13 12:53:39', 'GroupId', 'com.sample.evaluation', '15', '12', '0', 'PM');
INSERT INTO `taskvariableimpl` VALUES ('38', '2018-05-13 12:53:39', 'Comment', 'com.sample.evaluation', '15', '13', '0', 'You need to evaluate admin.');
INSERT INTO `taskvariableimpl` VALUES ('39', '2018-05-13 12:53:39', 'reason', 'com.sample.evaluation', '15', '13', '0', 'Yearly performance evaluation');
INSERT INTO `taskvariableimpl` VALUES ('40', '2018-05-13 12:53:39', 'Skippable', 'com.sample.evaluation', '15', '13', '0', 'false');
INSERT INTO `taskvariableimpl` VALUES ('41', '2018-05-13 12:53:39', 'GroupId', 'com.sample.evaluation', '15', '13', '0', 'HR');
INSERT INTO `taskvariableimpl` VALUES ('42', '2018-05-13 13:11:03', 'id', 'com.sample.evaluation', '15', '13', '1', '13');
INSERT INTO `taskvariableimpl` VALUES ('43', '2018-05-13 15:02:09', 'id', 'mytest.helloworldScriptTask', '16', '14', '1', '14');
INSERT INTO `taskvariableimpl` VALUES ('44', '2018-05-13 15:14:27', 'id', 'mytest.helloworldScriptTask', '16', '15', '1', '15');
INSERT INTO `taskvariableimpl` VALUES ('45', '2018-05-13 15:15:37', 'Comment', 'com.sample.evaluation', '17', '17', '0', 'Please perform a self-evalutation.');
INSERT INTO `taskvariableimpl` VALUES ('46', '2018-05-13 15:15:37', 'reason', 'com.sample.evaluation', '17', '17', '0', 'Yearly performance evaluation');
INSERT INTO `taskvariableimpl` VALUES ('47', '2018-05-13 15:15:37', 'Skippable', 'com.sample.evaluation', '17', '17', '0', 'false');
INSERT INTO `taskvariableimpl` VALUES ('48', '2018-05-13 15:17:50', 'id', 'com.sample.evaluation', '17', '17', '1', '17');
INSERT INTO `taskvariableimpl` VALUES ('49', '2018-05-13 15:17:50', 'Comment', 'com.sample.evaluation', '17', '18', '0', 'You need to evaluate admin.');
INSERT INTO `taskvariableimpl` VALUES ('50', '2018-05-13 15:17:50', 'reason', 'com.sample.evaluation', '17', '18', '0', 'Yearly performance evaluation');
INSERT INTO `taskvariableimpl` VALUES ('51', '2018-05-13 15:17:50', 'Skippable', 'com.sample.evaluation', '17', '18', '0', 'false');
INSERT INTO `taskvariableimpl` VALUES ('52', '2018-05-13 15:17:50', 'GroupId', 'com.sample.evaluation', '17', '18', '0', 'HR');
INSERT INTO `taskvariableimpl` VALUES ('53', '2018-05-13 15:17:51', 'Comment', 'com.sample.evaluation', '17', '19', '0', 'You need to evaluate admin.');
INSERT INTO `taskvariableimpl` VALUES ('54', '2018-05-13 15:17:51', 'reason', 'com.sample.evaluation', '17', '19', '0', 'Yearly performance evaluation');
INSERT INTO `taskvariableimpl` VALUES ('55', '2018-05-13 15:17:51', 'Skippable', 'com.sample.evaluation', '17', '19', '0', 'false');
INSERT INTO `taskvariableimpl` VALUES ('56', '2018-05-13 15:17:51', 'GroupId', 'com.sample.evaluation', '17', '19', '0', 'PM');
INSERT INTO `taskvariableimpl` VALUES ('57', '2018-05-13 15:17:55', 'id', 'com.sample.evaluation', '14', '10', '1', '10');
INSERT INTO `taskvariableimpl` VALUES ('58', '2018-05-13 15:17:55', 'Comment', 'com.sample.evaluation', '14', '20', '0', 'You need to evaluate admin.');
INSERT INTO `taskvariableimpl` VALUES ('59', '2018-05-13 15:17:55', 'reason', 'com.sample.evaluation', '14', '20', '0', 'Yearly performance evaluation');
INSERT INTO `taskvariableimpl` VALUES ('60', '2018-05-13 15:17:55', 'Skippable', 'com.sample.evaluation', '14', '20', '0', 'false');
INSERT INTO `taskvariableimpl` VALUES ('61', '2018-05-13 15:17:55', 'GroupId', 'com.sample.evaluation', '14', '20', '0', 'HR');
INSERT INTO `taskvariableimpl` VALUES ('62', '2018-05-13 15:17:55', 'Comment', 'com.sample.evaluation', '14', '21', '0', 'You need to evaluate admin.');
INSERT INTO `taskvariableimpl` VALUES ('63', '2018-05-13 15:17:55', 'reason', 'com.sample.evaluation', '14', '21', '0', 'Yearly performance evaluation');
INSERT INTO `taskvariableimpl` VALUES ('64', '2018-05-13 15:17:55', 'Skippable', 'com.sample.evaluation', '14', '21', '0', 'false');
INSERT INTO `taskvariableimpl` VALUES ('65', '2018-05-13 15:17:55', 'GroupId', 'com.sample.evaluation', '14', '21', '0', 'PM');
INSERT INTO `taskvariableimpl` VALUES ('66', '2018-05-13 15:35:43', 'id', 'mytest.helloworldScriptTask', '18', '22', '1', '22');
INSERT INTO `taskvariableimpl` VALUES ('67', '2018-05-13 15:36:21', 'id', 'mytest.helloworldScriptTask', '18', '23', '1', '23');
INSERT INTO `taskvariableimpl` VALUES ('68', '2018-05-13 15:38:15', 'Comment', 'com.sample.evaluation', '19', '25', '0', 'Please perform a self-evalutation.');
INSERT INTO `taskvariableimpl` VALUES ('69', '2018-05-13 15:38:15', 'reason', 'com.sample.evaluation', '19', '25', '0', 'Yearly performance evaluation');
INSERT INTO `taskvariableimpl` VALUES ('70', '2018-05-13 15:38:15', 'Skippable', 'com.sample.evaluation', '19', '25', '0', 'false');
INSERT INTO `taskvariableimpl` VALUES ('71', '2018-05-13 15:38:54', 'id', 'com.sample.evaluation', '19', '25', '1', '25');
INSERT INTO `taskvariableimpl` VALUES ('72', '2018-05-13 15:38:54', 'Comment', 'com.sample.evaluation', '19', '26', '0', 'You need to evaluate admin.');
INSERT INTO `taskvariableimpl` VALUES ('73', '2018-05-13 15:38:54', 'reason', 'com.sample.evaluation', '19', '26', '0', 'Yearly performance evaluation');
INSERT INTO `taskvariableimpl` VALUES ('74', '2018-05-13 15:38:54', 'Skippable', 'com.sample.evaluation', '19', '26', '0', 'false');
INSERT INTO `taskvariableimpl` VALUES ('75', '2018-05-13 15:38:54', 'GroupId', 'com.sample.evaluation', '19', '26', '0', 'PM');
INSERT INTO `taskvariableimpl` VALUES ('76', '2018-05-13 15:38:54', 'Comment', 'com.sample.evaluation', '19', '27', '0', 'You need to evaluate admin.');
INSERT INTO `taskvariableimpl` VALUES ('77', '2018-05-13 15:38:54', 'reason', 'com.sample.evaluation', '19', '27', '0', 'Yearly performance evaluation');
INSERT INTO `taskvariableimpl` VALUES ('78', '2018-05-13 15:38:54', 'Skippable', 'com.sample.evaluation', '19', '27', '0', 'false');
INSERT INTO `taskvariableimpl` VALUES ('79', '2018-05-13 15:38:54', 'GroupId', 'com.sample.evaluation', '19', '27', '0', 'HR');
INSERT INTO `taskvariableimpl` VALUES ('80', '2018-05-13 16:36:48', 'id', 'mytest.helloworldScriptTask', '20', '28', '1', '28');
INSERT INTO `taskvariableimpl` VALUES ('81', '2018-05-13 16:37:10', 'id', 'mytest.helloworldScriptTask', '20', '29', '1', '29');
INSERT INTO `taskvariableimpl` VALUES ('82', '2018-05-13 16:42:34', 'Comment', 'com.sample.evaluation', '21', '31', '0', 'Please perform a self-evalutation.');
INSERT INTO `taskvariableimpl` VALUES ('83', '2018-05-13 16:42:34', 'reason', 'com.sample.evaluation', '21', '31', '0', 'Yearly performance evaluation');
INSERT INTO `taskvariableimpl` VALUES ('84', '2018-05-13 16:42:34', 'Skippable', 'com.sample.evaluation', '21', '31', '0', 'false');
INSERT INTO `taskvariableimpl` VALUES ('85', '2018-05-13 16:42:46', 'id', 'com.sample.evaluation', '21', '31', '1', '31');
INSERT INTO `taskvariableimpl` VALUES ('86', '2018-05-13 16:42:47', 'Comment', 'com.sample.evaluation', '21', '32', '0', 'You need to evaluate admin.');
INSERT INTO `taskvariableimpl` VALUES ('87', '2018-05-13 16:42:47', 'reason', 'com.sample.evaluation', '21', '32', '0', 'Yearly performance evaluation');
INSERT INTO `taskvariableimpl` VALUES ('88', '2018-05-13 16:42:47', 'Skippable', 'com.sample.evaluation', '21', '32', '0', 'false');
INSERT INTO `taskvariableimpl` VALUES ('89', '2018-05-13 16:42:47', 'GroupId', 'com.sample.evaluation', '21', '32', '0', 'PM');
INSERT INTO `taskvariableimpl` VALUES ('90', '2018-05-13 16:42:47', 'Comment', 'com.sample.evaluation', '21', '33', '0', 'You need to evaluate admin.');
INSERT INTO `taskvariableimpl` VALUES ('91', '2018-05-13 16:42:47', 'reason', 'com.sample.evaluation', '21', '33', '0', 'Yearly performance evaluation');
INSERT INTO `taskvariableimpl` VALUES ('92', '2018-05-13 16:42:47', 'Skippable', 'com.sample.evaluation', '21', '33', '0', 'false');
INSERT INTO `taskvariableimpl` VALUES ('93', '2018-05-13 16:42:47', 'GroupId', 'com.sample.evaluation', '21', '33', '0', 'HR');
INSERT INTO `taskvariableimpl` VALUES ('94', '2018-05-13 20:09:08', 'Comment', 'com.sample.evaluation', '22', '34', '0', 'Please perform a self-evalutation.');
INSERT INTO `taskvariableimpl` VALUES ('95', '2018-05-13 20:09:08', 'reason', 'com.sample.evaluation', '22', '34', '0', 'Yearly performance evaluation');
INSERT INTO `taskvariableimpl` VALUES ('96', '2018-05-13 20:09:08', 'Skippable', 'com.sample.evaluation', '22', '34', '0', 'false');
INSERT INTO `taskvariableimpl` VALUES ('97', '2018-05-13 20:10:01', 'id', 'com.sample.evaluation', '22', '34', '1', '34');
INSERT INTO `taskvariableimpl` VALUES ('98', '2018-05-13 20:10:01', 'Comment', 'com.sample.evaluation', '22', '35', '0', 'You need to evaluate admin.');
INSERT INTO `taskvariableimpl` VALUES ('99', '2018-05-13 20:10:01', 'reason', 'com.sample.evaluation', '22', '35', '0', 'Yearly performance evaluation');
INSERT INTO `taskvariableimpl` VALUES ('100', '2018-05-13 20:10:01', 'Skippable', 'com.sample.evaluation', '22', '35', '0', 'false');
INSERT INTO `taskvariableimpl` VALUES ('101', '2018-05-13 20:10:01', 'GroupId', 'com.sample.evaluation', '22', '35', '0', 'PM');
INSERT INTO `taskvariableimpl` VALUES ('102', '2018-05-13 20:10:01', 'Comment', 'com.sample.evaluation', '22', '36', '0', 'You need to evaluate admin.');
INSERT INTO `taskvariableimpl` VALUES ('103', '2018-05-13 20:10:01', 'reason', 'com.sample.evaluation', '22', '36', '0', 'Yearly performance evaluation');
INSERT INTO `taskvariableimpl` VALUES ('104', '2018-05-13 20:10:01', 'Skippable', 'com.sample.evaluation', '22', '36', '0', 'false');
INSERT INTO `taskvariableimpl` VALUES ('105', '2018-05-13 20:10:01', 'GroupId', 'com.sample.evaluation', '22', '36', '0', 'HR');
INSERT INTO `taskvariableimpl` VALUES ('106', '2018-05-14 08:14:21', 'Comment', 'com.sample.evaluation', '32', '37', '0', 'Please perform a self-evalutation.');
INSERT INTO `taskvariableimpl` VALUES ('107', '2018-05-14 08:14:21', 'reason', 'com.sample.evaluation', '32', '37', '0', 'Yearly performance evaluation');
INSERT INTO `taskvariableimpl` VALUES ('108', '2018-05-14 08:14:21', 'Skippable', 'com.sample.evaluation', '32', '37', '0', 'false');
INSERT INTO `taskvariableimpl` VALUES ('109', '2018-05-14 08:14:56', 'id', 'com.sample.evaluation', '32', '37', '1', '37');
INSERT INTO `taskvariableimpl` VALUES ('110', '2018-05-14 08:14:56', 'Comment', 'com.sample.evaluation', '32', '38', '0', 'You need to evaluate admin.');
INSERT INTO `taskvariableimpl` VALUES ('111', '2018-05-14 08:14:56', 'reason', 'com.sample.evaluation', '32', '38', '0', 'Yearly performance evaluation');
INSERT INTO `taskvariableimpl` VALUES ('112', '2018-05-14 08:14:56', 'Skippable', 'com.sample.evaluation', '32', '38', '0', 'false');
INSERT INTO `taskvariableimpl` VALUES ('113', '2018-05-14 08:14:56', 'GroupId', 'com.sample.evaluation', '32', '38', '0', 'PM');
INSERT INTO `taskvariableimpl` VALUES ('114', '2018-05-14 08:14:56', 'Comment', 'com.sample.evaluation', '32', '39', '0', 'You need to evaluate admin.');
INSERT INTO `taskvariableimpl` VALUES ('115', '2018-05-14 08:14:56', 'reason', 'com.sample.evaluation', '32', '39', '0', 'Yearly performance evaluation');
INSERT INTO `taskvariableimpl` VALUES ('116', '2018-05-14 08:14:56', 'Skippable', 'com.sample.evaluation', '32', '39', '0', 'false');
INSERT INTO `taskvariableimpl` VALUES ('117', '2018-05-14 08:14:56', 'GroupId', 'com.sample.evaluation', '32', '39', '0', 'HR');
INSERT INTO `taskvariableimpl` VALUES ('118', '2018-05-14 08:18:43', 'Comment', 'com.sample.evaluation', '33', '40', '0', 'Please perform a self-evalutation.');
INSERT INTO `taskvariableimpl` VALUES ('119', '2018-05-14 08:18:43', 'reason', 'com.sample.evaluation', '33', '40', '0', 'Yearly performance evaluation');
INSERT INTO `taskvariableimpl` VALUES ('120', '2018-05-14 08:18:43', 'Skippable', 'com.sample.evaluation', '33', '40', '0', 'false');
INSERT INTO `taskvariableimpl` VALUES ('121', '2018-05-14 08:20:10', 'id', 'com.sample.evaluation', '33', '40', '1', '40');
INSERT INTO `taskvariableimpl` VALUES ('122', '2018-05-14 08:20:10', 'Comment', 'com.sample.evaluation', '33', '41', '0', 'You need to evaluate admin.');
INSERT INTO `taskvariableimpl` VALUES ('123', '2018-05-14 08:20:10', 'reason', 'com.sample.evaluation', '33', '41', '0', 'Yearly performance evaluation');
INSERT INTO `taskvariableimpl` VALUES ('124', '2018-05-14 08:20:10', 'Skippable', 'com.sample.evaluation', '33', '41', '0', 'false');
INSERT INTO `taskvariableimpl` VALUES ('125', '2018-05-14 08:20:10', 'GroupId', 'com.sample.evaluation', '33', '41', '0', 'PM');
INSERT INTO `taskvariableimpl` VALUES ('126', '2018-05-14 08:20:10', 'Comment', 'com.sample.evaluation', '33', '42', '0', 'You need to evaluate admin.');
INSERT INTO `taskvariableimpl` VALUES ('127', '2018-05-14 08:20:10', 'reason', 'com.sample.evaluation', '33', '42', '0', 'Yearly performance evaluation');
INSERT INTO `taskvariableimpl` VALUES ('128', '2018-05-14 08:20:10', 'Skippable', 'com.sample.evaluation', '33', '42', '0', 'false');
INSERT INTO `taskvariableimpl` VALUES ('129', '2018-05-14 08:20:10', 'GroupId', 'com.sample.evaluation', '33', '42', '0', 'HR');
INSERT INTO `taskvariableimpl` VALUES ('130', '2018-05-14 09:54:39', 'Comment', 'com.sample.evaluation', '38', '43', '0', 'Please perform a self-evalutation.');
INSERT INTO `taskvariableimpl` VALUES ('131', '2018-05-14 09:54:39', 'reason', 'com.sample.evaluation', '38', '43', '0', 'Yearly performance evaluation');
INSERT INTO `taskvariableimpl` VALUES ('132', '2018-05-14 09:54:39', 'Skippable', 'com.sample.evaluation', '38', '43', '0', 'false');
INSERT INTO `taskvariableimpl` VALUES ('133', '2018-05-14 10:00:56', 'Comment', 'com.sample.evaluation', '39', '44', '0', 'Please perform a self-evalutation.');
INSERT INTO `taskvariableimpl` VALUES ('134', '2018-05-14 10:00:56', 'reason', 'com.sample.evaluation', '39', '44', '0', 'Yearly performance evaluation');
INSERT INTO `taskvariableimpl` VALUES ('135', '2018-05-14 10:00:56', 'Skippable', 'com.sample.evaluation', '39', '44', '0', 'false');
INSERT INTO `taskvariableimpl` VALUES ('136', '2018-05-14 11:54:47', 'id', 'com.sample.evaluation', '39', '44', '1', '44');
INSERT INTO `taskvariableimpl` VALUES ('137', '2018-05-14 11:54:47', 'Comment', 'com.sample.evaluation', '39', '45', '0', 'You need to evaluate tmp.');
INSERT INTO `taskvariableimpl` VALUES ('138', '2018-05-14 11:54:47', 'reason', 'com.sample.evaluation', '39', '45', '0', 'Yearly performance evaluation');
INSERT INTO `taskvariableimpl` VALUES ('139', '2018-05-14 11:54:47', 'Skippable', 'com.sample.evaluation', '39', '45', '0', 'false');
INSERT INTO `taskvariableimpl` VALUES ('140', '2018-05-14 11:54:47', 'GroupId', 'com.sample.evaluation', '39', '45', '0', 'HR');
INSERT INTO `taskvariableimpl` VALUES ('141', '2018-05-14 11:54:47', 'Comment', 'com.sample.evaluation', '39', '46', '0', 'You need to evaluate tmp.');
INSERT INTO `taskvariableimpl` VALUES ('142', '2018-05-14 11:54:47', 'reason', 'com.sample.evaluation', '39', '46', '0', 'Yearly performance evaluation');
INSERT INTO `taskvariableimpl` VALUES ('143', '2018-05-14 11:54:47', 'Skippable', 'com.sample.evaluation', '39', '46', '0', 'false');
INSERT INTO `taskvariableimpl` VALUES ('144', '2018-05-14 11:54:47', 'GroupId', 'com.sample.evaluation', '39', '46', '0', 'PM');
INSERT INTO `taskvariableimpl` VALUES ('145', '2018-05-14 13:33:15', 'id', 'com.sample.evaluation', '39', '46', '1', '46');
INSERT INTO `taskvariableimpl` VALUES ('146', '2018-05-14 13:33:51', 'id', 'com.sample.evaluation', '39', '45', '1', '45');
INSERT INTO `taskvariableimpl` VALUES ('147', '2018-05-14 13:34:35', 'Comment', 'com.sample.evaluation', '40', '47', '0', 'Please perform a self-evalutation.');
INSERT INTO `taskvariableimpl` VALUES ('148', '2018-05-14 13:34:35', 'reason', 'com.sample.evaluation', '40', '47', '0', 'Yearly performance evaluation');
INSERT INTO `taskvariableimpl` VALUES ('149', '2018-05-14 13:34:35', 'Skippable', 'com.sample.evaluation', '40', '47', '0', 'false');
INSERT INTO `taskvariableimpl` VALUES ('150', '2018-05-14 13:34:51', 'id', 'com.sample.evaluation', '40', '47', '1', '47');
INSERT INTO `taskvariableimpl` VALUES ('151', '2018-05-14 13:34:52', 'Comment', 'com.sample.evaluation', '40', '48', '0', 'You need to evaluate tmp.');
INSERT INTO `taskvariableimpl` VALUES ('152', '2018-05-14 13:34:52', 'reason', 'com.sample.evaluation', '40', '48', '0', 'Yearly performance evaluation');
INSERT INTO `taskvariableimpl` VALUES ('153', '2018-05-14 13:34:52', 'Skippable', 'com.sample.evaluation', '40', '48', '0', 'false');
INSERT INTO `taskvariableimpl` VALUES ('154', '2018-05-14 13:34:52', 'GroupId', 'com.sample.evaluation', '40', '48', '0', 'HR');
INSERT INTO `taskvariableimpl` VALUES ('155', '2018-05-14 13:34:52', 'Comment', 'com.sample.evaluation', '40', '49', '0', 'You need to evaluate tmp.');
INSERT INTO `taskvariableimpl` VALUES ('156', '2018-05-14 13:34:52', 'reason', 'com.sample.evaluation', '40', '49', '0', 'Yearly performance evaluation');
INSERT INTO `taskvariableimpl` VALUES ('157', '2018-05-14 13:34:52', 'Skippable', 'com.sample.evaluation', '40', '49', '0', 'false');
INSERT INTO `taskvariableimpl` VALUES ('158', '2018-05-14 13:34:52', 'GroupId', 'com.sample.evaluation', '40', '49', '0', 'PM');
INSERT INTO `taskvariableimpl` VALUES ('159', '2018-05-14 13:35:32', 'id', 'com.sample.evaluation', '40', '48', '1', '48');
INSERT INTO `taskvariableimpl` VALUES ('160', '2018-05-14 13:39:14', 'id', 'mytest.helloworldScriptTask', '41', '50', '1', '50');
INSERT INTO `taskvariableimpl` VALUES ('161', '2018-05-14 13:39:45', 'id', 'mytest.helloworldScriptTask', '41', '51', '1', '51');

-- ----------------------------
-- Table structure for task_comment
-- ----------------------------
DROP TABLE IF EXISTS `task_comment`;
CREATE TABLE `task_comment` (
  `id` bigint(20) NOT NULL AUTO_INCREMENT,
  `addedAt` datetime DEFAULT NULL,
  `text` longtext,
  `addedBy_id` varchar(255) DEFAULT NULL,
  `TaskData_Comments_Id` bigint(20) DEFAULT NULL,
  PRIMARY KEY (`id`),
  KEY `FKqb4mkarf209y9546w7n75lb7a` (`addedBy_id`),
  KEY `FKm2mwc1ukcpdsiqwgkoroy6ise` (`TaskData_Comments_Id`),
  CONSTRAINT `FKm2mwc1ukcpdsiqwgkoroy6ise` FOREIGN KEY (`TaskData_Comments_Id`) REFERENCES `task` (`id`),
  CONSTRAINT `FKqb4mkarf209y9546w7n75lb7a` FOREIGN KEY (`addedBy_id`) REFERENCES `organizationalentity` (`id`)
) ENGINE=InnoDB DEFAULT CHARSET=utf8;

-- ----------------------------
-- Records of task_comment
-- ----------------------------

-- ----------------------------
-- Table structure for t_permission
-- ----------------------------
DROP TABLE IF EXISTS `t_permission`;
CREATE TABLE `t_permission` (
  `id` int(11) NOT NULL AUTO_INCREMENT,
  `name` varchar(200) DEFAULT NULL COMMENT '',
  `url` varchar(200) DEFAULT NULL COMMENT '',
  `pid` int(11) DEFAULT NULL COMMENT 'ID',
  `createTime` datetime DEFAULT NULL COMMENT '',
  `userId` int(11) DEFAULT NULL,
  PRIMARY KEY (`id`)
) ENGINE=InnoDB AUTO_INCREMENT=5 DEFAULT CHARSET=utf8 COMMENT='';

-- ----------------------------
-- Records of t_permission
-- ----------------------------
INSERT INTO `t_permission` VALUES ('1', '1', '/task/complete', '0', null, null);
INSERT INTO `t_permission` VALUES ('2', '2', '/task/start', '0', null, null);
INSERT INTO `t_permission` VALUES ('3', '3', '/task/claim', '0', null, null);

-- ----------------------------
-- Table structure for t_role
-- ----------------------------
DROP TABLE IF EXISTS `t_role`;
CREATE TABLE `t_role` (
  `id` int(11) NOT NULL AUTO_INCREMENT,
  `name` varchar(200) DEFAULT NULL COMMENT '',
  `createTime` datetime DEFAULT NULL COMMENT '',
  `status` tinyint(4) DEFAULT NULL COMMENT '',
  PRIMARY KEY (`id`)
) ENGINE=InnoDB AUTO_INCREMENT=8 DEFAULT CHARSET=utf8 COMMENT='';

-- ----------------------------
-- Records of t_role
-- ----------------------------
INSERT INTO `t_role` VALUES ('1', 'Administrators', null, '0');
INSERT INTO `t_role` VALUES ('2', '', null, '0');
INSERT INTO `t_role` VALUES ('3', '', null, '0');
INSERT INTO `t_role` VALUES ('4', 'CEO', null, '0');
INSERT INTO `t_role` VALUES ('5', '', null, '0');
INSERT INTO `t_role` VALUES ('6', 'PM', null, '0');
INSERT INTO `t_role` VALUES ('7', 'HR', null, '0');

-- ----------------------------
-- Table structure for t_role_permission
-- ----------------------------
DROP TABLE IF EXISTS `t_role_permission`;
CREATE TABLE `t_role_permission` (
  `id` int(11) NOT NULL AUTO_INCREMENT,
  `rid` int(11) DEFAULT NULL COMMENT 'id',
  `pid` int(11) DEFAULT NULL COMMENT 'id',
  `createTime` datetime DEFAULT NULL COMMENT '',
  PRIMARY KEY (`id`)
) ENGINE=InnoDB AUTO_INCREMENT=11 DEFAULT CHARSET=utf8 COMMENT='';

-- ----------------------------
-- Records of t_role_permission
-- ----------------------------
INSERT INTO `t_role_permission` VALUES ('1', '1', '1', null);
INSERT INTO `t_role_permission` VALUES ('2', '1', '2', null);
INSERT INTO `t_role_permission` VALUES ('3', '1', '3', null);
INSERT INTO `t_role_permission` VALUES ('4', '6', '1', null);
INSERT INTO `t_role_permission` VALUES ('5', '6', '2', null);
INSERT INTO `t_role_permission` VALUES ('6', '6', '3', null);
INSERT INTO `t_role_permission` VALUES ('7', '7', '1', null);
INSERT INTO `t_role_permission` VALUES ('8', '7', '2', null);
INSERT INTO `t_role_permission` VALUES ('9', '7', '3', null);

-- ----------------------------
-- Table structure for t_user
-- ----------------------------
DROP TABLE IF EXISTS `t_user`;
CREATE TABLE `t_user` (
  `id` int(11) NOT NULL AUTO_INCREMENT,
  `username` varchar(200) DEFAULT NULL COMMENT '',
  `password` varchar(200) DEFAULT NULL COMMENT '',
  `phone` varchar(200) DEFAULT NULL COMMENT '',
  `email` varchar(200) DEFAULT NULL COMMENT '',
  `regTime` datetime DEFAULT NULL COMMENT '',
  PRIMARY KEY (`id`)
) ENGINE=InnoDB AUTO_INCREMENT=5 DEFAULT CHARSET=utf8 COMMENT='';

-- ----------------------------
-- Records of t_user
-- ----------------------------
INSERT INTO `t_user` VALUES ('1', 'Administrators', '4297f44b13955235245b2497399d7a93', null, null, null);
INSERT INTO `t_user` VALUES ('2', 'mary', '4297f44b13955235245b2497399d7a93', null, null, null);
INSERT INTO `t_user` VALUES ('3', 'john', '4297f44b13955235245b2497399d7a93', null, null, null);
INSERT INTO `t_user` VALUES ('4', 'tmp', '4297f44b13955235245b2497399d7a93', null, null, null);

-- ----------------------------
-- Table structure for t_user_role
-- ----------------------------
DROP TABLE IF EXISTS `t_user_role`;
CREATE TABLE `t_user_role` (
  `id` int(11) NOT NULL AUTO_INCREMENT,
  `uid` int(11) DEFAULT NULL,
  `rid` int(11) DEFAULT NULL,
  PRIMARY KEY (`id`)
) ENGINE=InnoDB AUTO_INCREMENT=11 DEFAULT CHARSET=utf8 COMMENT='';

-- ----------------------------
-- Records of t_user_role
-- ----------------------------
INSERT INTO `t_user_role` VALUES ('1', '1', '1');
INSERT INTO `t_user_role` VALUES ('2', '1', '2');
INSERT INTO `t_user_role` VALUES ('3', '1', '3');
INSERT INTO `t_user_role` VALUES ('4', '1', '4');
INSERT INTO `t_user_role` VALUES ('5', '1', '5');
INSERT INTO `t_user_role` VALUES ('6', '1', '6');
INSERT INTO `t_user_role` VALUES ('7', '1', '7');
INSERT INTO `t_user_role` VALUES ('8', '2', '7');
INSERT INTO `t_user_role` VALUES ('9', '3', '6');
INSERT INTO `t_user_role` VALUES ('10', '4', '7');

-- ----------------------------
-- Table structure for variableinstancelog
-- ----------------------------
DROP TABLE IF EXISTS `variableinstancelog`;
CREATE TABLE `variableinstancelog` (
  `id` bigint(20) NOT NULL AUTO_INCREMENT,
  `log_date` datetime DEFAULT NULL,
  `externalId` varchar(255) DEFAULT NULL,
  `oldValue` varchar(255) DEFAULT NULL,
  `processId` varchar(255) DEFAULT NULL,
  `processInstanceId` bigint(20) NOT NULL,
  `value` varchar(255) DEFAULT NULL,
  `variableId` varchar(255) DEFAULT NULL,
  `variableInstanceId` varchar(255) DEFAULT NULL,
  PRIMARY KEY (`id`)
) ENGINE=InnoDB AUTO_INCREMENT=195 DEFAULT CHARSET=utf8;

-- ----------------------------
-- Records of variableinstancelog
-- ----------------------------
INSERT INTO `variableinstancelog` VALUES ('1', '2018-05-11 21:33:07', 'org.default:artifact:1.0.0-SNAPSHOT', '', 'hello', '1', 'hello', 'name', 'name');
INSERT INTO `variableinstancelog` VALUES ('2', '2018-05-11 21:33:07', 'org.default:artifact:1.0.0-SNAPSHOT', '', 'hello', '1', '', '{\"deploymentId\":\"hello\",\"processId\":\"abc\",{\"allRequestParams:\":{\"a\":\"a\"}}}}', '{\"deploymentId\":\"hello\",\"processId\":\"abc\",{\"allRequestParams:\":{\"a\":\"a\"}}}}');
INSERT INTO `variableinstancelog` VALUES ('3', '2018-05-11 21:33:07', 'org.default:artifact:1.0.0-SNAPSHOT', '', 'hello', '1', 'hello', 'processId', 'processId');
INSERT INTO `variableinstancelog` VALUES ('4', '2018-05-11 21:33:07', 'org.default:artifact:1.0.0-SNAPSHOT', '', 'hello', '1', 'org.default:artifact:1.0.0-SNAPSHOT', 'deploymentId', 'deploymentId');
INSERT INTO `variableinstancelog` VALUES ('5', '2018-05-12 19:08:03', 'org.default:artifact:1.0.0-SNAPSHOT', '', 'hello', '2', 'hello', 'name', 'name');
INSERT INTO `variableinstancelog` VALUES ('6', '2018-05-12 19:08:03', 'org.default:artifact:1.0.0-SNAPSHOT', '', 'hello', '2', 'hello', 'processId', 'processId');
INSERT INTO `variableinstancelog` VALUES ('7', '2018-05-12 19:08:03', 'org.default:artifact:1.0.0-SNAPSHOT', '', 'hello', '2', 'org.default:artifact:1.0.0-SNAPSHOT', 'deploymentId', 'deploymentId');
INSERT INTO `variableinstancelog` VALUES ('8', '2018-05-12 20:04:44', 'org.default:artifact:1.0.0-SNAPSHOT', '', 'hello', '3', 'hello', 'name', 'name');
INSERT INTO `variableinstancelog` VALUES ('9', '2018-05-12 20:04:45', 'org.default:artifact:1.0.0-SNAPSHOT', '', 'hello', '3', 'hello', 'processId', 'processId');
INSERT INTO `variableinstancelog` VALUES ('10', '2018-05-12 20:04:45', 'org.default:artifact:1.0.0-SNAPSHOT', '', 'hello', '3', 'org.default:artifact:1.0.0-SNAPSHOT', 'deploymentId', 'deploymentId');
INSERT INTO `variableinstancelog` VALUES ('11', '2018-05-12 20:23:37', 'org.default:artifact:1.0.0-SNAPSHOT', '', 'hello', '4', 'hello', 'name', 'name');
INSERT INTO `variableinstancelog` VALUES ('12', '2018-05-12 20:23:37', 'org.default:artifact:1.0.0-SNAPSHOT', '', 'hello', '4', 'hello', 'processId', 'processId');
INSERT INTO `variableinstancelog` VALUES ('13', '2018-05-12 20:23:37', 'org.default:artifact:1.0.0-SNAPSHOT', '', 'hello', '4', 'org.default:artifact:1.0.0-SNAPSHOT', 'deploymentId', 'deploymentId');
INSERT INTO `variableinstancelog` VALUES ('14', '2018-05-12 20:32:01', 'org.default:artifact:1.0.0-SNAPSHOT', '', 'hello', '5', 'hello', 'name', 'name');
INSERT INTO `variableinstancelog` VALUES ('15', '2018-05-12 20:32:01', 'org.default:artifact:1.0.0-SNAPSHOT', '', 'hello', '5', 'hello', 'processId', 'processId');
INSERT INTO `variableinstancelog` VALUES ('16', '2018-05-12 20:32:01', 'org.default:artifact:1.0.0-SNAPSHOT', '', 'hello', '5', 'org.default:artifact:1.0.0-SNAPSHOT', 'deploymentId', 'deploymentId');
INSERT INTO `variableinstancelog` VALUES ('17', '2018-05-12 20:34:04', 'org.default:artifact:1.0.0-SNAPSHOT', '', 'hello', '6', 'hello', 'name', 'name');
INSERT INTO `variableinstancelog` VALUES ('18', '2018-05-12 20:34:04', 'org.default:artifact:1.0.0-SNAPSHOT', '', 'hello', '6', 'hello', 'processId', 'processId');
INSERT INTO `variableinstancelog` VALUES ('19', '2018-05-12 20:34:04', 'org.default:artifact:1.0.0-SNAPSHOT', '', 'hello', '6', 'org.default:artifact:1.0.0-SNAPSHOT', 'deploymentId', 'deploymentId');
INSERT INTO `variableinstancelog` VALUES ('20', '2018-05-13 05:54:06', 'org.default:artifact:1.0.0-SNAPSHOT', '', 'org.jbpm.examples.checklist.sample1', '7', 'SampleChecklistProcess', 'name', 'name');
INSERT INTO `variableinstancelog` VALUES ('21', '2018-05-13 05:54:06', 'org.default:artifact:1.0.0-SNAPSHOT', '', 'org.jbpm.examples.checklist.sample1', '7', 'org.jbpm.examples.checklist.sample1', 'processId', 'processId');
INSERT INTO `variableinstancelog` VALUES ('22', '2018-05-13 05:54:06', 'org.default:artifact:1.0.0-SNAPSHOT', '', 'org.jbpm.examples.checklist.sample1', '7', 'org.default:artifact:1.0.0-SNAPSHOT', 'deploymentId', 'deploymentId');
INSERT INTO `variableinstancelog` VALUES ('23', '2018-05-13 05:56:32', 'org.default:artifact:1.0.0-SNAPSHOT', '', 'com.sample.evaluation', '8', 'Evaluation', 'name', 'name');
INSERT INTO `variableinstancelog` VALUES ('24', '2018-05-13 05:56:32', 'org.default:artifact:1.0.0-SNAPSHOT', '', 'com.sample.evaluation', '8', 'com.sample.evaluation', 'processId', 'processId');
INSERT INTO `variableinstancelog` VALUES ('25', '2018-05-13 05:56:32', 'org.default:artifact:1.0.0-SNAPSHOT', '', 'com.sample.evaluation', '8', 'org.default:artifact:1.0.0-SNAPSHOT', 'deploymentId', 'deploymentId');
INSERT INTO `variableinstancelog` VALUES ('26', '2018-05-13 06:31:05', 'org.default:artifact:1.0.0-SNAPSHOT', '', 'com.sample.evaluation', '9', 'Evaluation', 'name', 'name');
INSERT INTO `variableinstancelog` VALUES ('27', '2018-05-13 06:31:05', 'org.default:artifact:1.0.0-SNAPSHOT', '', 'com.sample.evaluation', '9', 'com.sample.evaluation', 'processId', 'processId');
INSERT INTO `variableinstancelog` VALUES ('28', '2018-05-13 06:31:05', 'org.default:artifact:1.0.0-SNAPSHOT', '', 'com.sample.evaluation', '9', 'org.default:artifact:1.0.0-SNAPSHOT', 'deploymentId', 'deploymentId');
INSERT INTO `variableinstancelog` VALUES ('29', '2018-05-13 06:42:26', 'org.default:artifact:1.0.0-SNAPSHOT', '', 'org.jbpm.examples.checklist.sample1', '10', 'SampleChecklistProcess', 'name', 'name');
INSERT INTO `variableinstancelog` VALUES ('30', '2018-05-13 06:42:26', 'org.default:artifact:1.0.0-SNAPSHOT', '', 'org.jbpm.examples.checklist.sample1', '10', 'org.jbpm.examples.checklist.sample1', 'processId', 'processId');
INSERT INTO `variableinstancelog` VALUES ('31', '2018-05-13 06:42:26', 'org.default:artifact:1.0.0-SNAPSHOT', '', 'org.jbpm.examples.checklist.sample1', '10', 'org.default:artifact:1.0.0-SNAPSHOT', 'deploymentId', 'deploymentId');
INSERT INTO `variableinstancelog` VALUES ('32', '2018-05-13 09:16:56', 'org.default:artifact:1.0.0-SNAPSHOT', '', 'com.sample.evaluation', '11', 'Evaluation', 'name', 'name');
INSERT INTO `variableinstancelog` VALUES ('33', '2018-05-13 09:16:56', 'org.default:artifact:1.0.0-SNAPSHOT', '', 'com.sample.evaluation', '11', 'com.sample.evaluation', 'processId', 'processId');
INSERT INTO `variableinstancelog` VALUES ('34', '2018-05-13 09:16:56', 'org.default:artifact:1.0.0-SNAPSHOT', '', 'com.sample.evaluation', '11', 'org.default:artifact:1.0.0-SNAPSHOT', 'deploymentId', 'deploymentId');
INSERT INTO `variableinstancelog` VALUES ('35', '2018-05-13 09:43:23', 'org.default:artifact:1.0.0-SNAPSHOT', '', 'com.sample.evaluation', '12', 'Evaluation', 'name', 'name');
INSERT INTO `variableinstancelog` VALUES ('36', '2018-05-13 09:43:23', 'org.default:artifact:1.0.0-SNAPSHOT', '', 'com.sample.evaluation', '12', 'com.sample.evaluation', 'processId', 'processId');
INSERT INTO `variableinstancelog` VALUES ('37', '2018-05-13 09:43:23', 'org.default:artifact:1.0.0-SNAPSHOT', '', 'com.sample.evaluation', '12', 'org.default:artifact:1.0.0-SNAPSHOT', 'deploymentId', 'deploymentId');
INSERT INTO `variableinstancelog` VALUES ('38', '2018-05-13 10:00:31', 'org.default:artifact:1.0.0-SNAPSHOT', '', 'com.sample.evaluation', '13', 'Evaluation', 'name', 'name');
INSERT INTO `variableinstancelog` VALUES ('39', '2018-05-13 10:00:31', 'org.default:artifact:1.0.0-SNAPSHOT', '', 'com.sample.evaluation', '13', 'Yearly performance evaluation', 'reason', 'reason');
INSERT INTO `variableinstancelog` VALUES ('40', '2018-05-13 10:00:31', 'org.default:artifact:1.0.0-SNAPSHOT', '', 'com.sample.evaluation', '13', 'admin', 'employee', 'employee');
INSERT INTO `variableinstancelog` VALUES ('41', '2018-05-13 10:00:31', 'org.default:artifact:1.0.0-SNAPSHOT', '', 'com.sample.evaluation', '13', 'com.sample.evaluation', 'processId', 'processId');
INSERT INTO `variableinstancelog` VALUES ('42', '2018-05-13 10:00:31', 'org.default:artifact:1.0.0-SNAPSHOT', '', 'com.sample.evaluation', '13', 'org.default:artifact:1.0.0-SNAPSHOT', 'deploymentId', 'deploymentId');
INSERT INTO `variableinstancelog` VALUES ('43', '2018-05-13 12:10:46', 'org.default:artifact:1.0.0-SNAPSHOT', '', 'com.sample.evaluation', '14', 'Evaluation', 'name', 'name');
INSERT INTO `variableinstancelog` VALUES ('44', '2018-05-13 12:10:46', 'org.default:artifact:1.0.0-SNAPSHOT', '', 'com.sample.evaluation', '14', 'Yearly performance evaluation', 'reason', 'reason');
INSERT INTO `variableinstancelog` VALUES ('45', '2018-05-13 12:10:46', 'org.default:artifact:1.0.0-SNAPSHOT', '', 'com.sample.evaluation', '14', 'admin', 'employee', 'employee');
INSERT INTO `variableinstancelog` VALUES ('46', '2018-05-13 12:10:46', 'org.default:artifact:1.0.0-SNAPSHOT', '', 'com.sample.evaluation', '14', 'com.sample.evaluation', 'processId', 'processId');
INSERT INTO `variableinstancelog` VALUES ('47', '2018-05-13 12:10:46', 'org.default:artifact:1.0.0-SNAPSHOT', '', 'com.sample.evaluation', '14', 'org.default:artifact:1.0.0-SNAPSHOT', 'deploymentId', 'deploymentId');
INSERT INTO `variableinstancelog` VALUES ('48', '2018-05-13 12:47:12', 'org.default:artifact:1.0.0-SNAPSHOT', '', 'com.sample.evaluation', '15', 'Evaluation', 'name', 'name');
INSERT INTO `variableinstancelog` VALUES ('49', '2018-05-13 12:47:12', 'org.default:artifact:1.0.0-SNAPSHOT', '', 'com.sample.evaluation', '15', 'Yearly performance evaluation', 'reason', 'reason');
INSERT INTO `variableinstancelog` VALUES ('50', '2018-05-13 12:47:12', 'org.default:artifact:1.0.0-SNAPSHOT', '', 'com.sample.evaluation', '15', 'admin', 'employee', 'employee');
INSERT INTO `variableinstancelog` VALUES ('51', '2018-05-13 12:47:12', 'org.default:artifact:1.0.0-SNAPSHOT', '', 'com.sample.evaluation', '15', 'com.sample.evaluation', 'processId', 'processId');
INSERT INTO `variableinstancelog` VALUES ('52', '2018-05-13 12:47:12', 'org.default:artifact:1.0.0-SNAPSHOT', '', 'com.sample.evaluation', '15', 'org.default:artifact:1.0.0-SNAPSHOT', 'deploymentId', 'deploymentId');
INSERT INTO `variableinstancelog` VALUES ('53', '2018-05-13 15:01:21', 'org.default:artifact:1.0.0-SNAPSHOT', '', 'mytest.helloworldScriptTask', '16', 'mytest.helloworldScriptTask', 'name', 'name');
INSERT INTO `variableinstancelog` VALUES ('54', '2018-05-13 15:01:21', 'org.default:artifact:1.0.0-SNAPSHOT', '', 'mytest.helloworldScriptTask', '16', 'Yearly performance evaluation', 'reason', 'reason');
INSERT INTO `variableinstancelog` VALUES ('55', '2018-05-13 15:01:21', 'org.default:artifact:1.0.0-SNAPSHOT', '', 'mytest.helloworldScriptTask', '16', 'admin', 'employee', 'employee');
INSERT INTO `variableinstancelog` VALUES ('56', '2018-05-13 15:01:21', 'org.default:artifact:1.0.0-SNAPSHOT', '', 'mytest.helloworldScriptTask', '16', 'mytest.helloworldScriptTask', 'processId', 'processId');
INSERT INTO `variableinstancelog` VALUES ('57', '2018-05-13 15:01:21', 'org.default:artifact:1.0.0-SNAPSHOT', '', 'mytest.helloworldScriptTask', '16', 'org.default:artifact:1.0.0-SNAPSHOT', 'deploymentId', 'deploymentId');
INSERT INTO `variableinstancelog` VALUES ('58', '2018-05-13 15:01:21', 'org.default:artifact:1.0.0-SNAPSHOT', '', 'mytest.helloworldScriptTask', '16', '{reason=Yearly performance evaluation, performance=null}', 'content', 'content');
INSERT INTO `variableinstancelog` VALUES ('59', '2018-05-13 15:02:10', 'org.default:artifact:1.0.0-SNAPSHOT', '{reason=Yearly performance evaluation, performance=null}', 'mytest.helloworldScriptTask', '16', '{reason=Yearly performance evaluation, performance=null}', 'content', 'content');
INSERT INTO `variableinstancelog` VALUES ('60', '2018-05-13 15:14:28', 'org.default:artifact:1.0.0-SNAPSHOT', '{reason=Yearly performance evaluation, performance=null}', 'mytest.helloworldScriptTask', '16', '{reason=Yearly performance evaluation, performance=null}', 'content', 'content');
INSERT INTO `variableinstancelog` VALUES ('61', '2018-05-13 15:15:36', 'org.default:artifact:1.0.0-SNAPSHOT', '', 'com.sample.evaluation', '17', 'Evaluation', 'name', 'name');
INSERT INTO `variableinstancelog` VALUES ('62', '2018-05-13 15:15:36', 'org.default:artifact:1.0.0-SNAPSHOT', '', 'com.sample.evaluation', '17', 'Yearly performance evaluation', 'reason', 'reason');
INSERT INTO `variableinstancelog` VALUES ('63', '2018-05-13 15:15:36', 'org.default:artifact:1.0.0-SNAPSHOT', '', 'com.sample.evaluation', '17', 'admin', 'employee', 'employee');
INSERT INTO `variableinstancelog` VALUES ('64', '2018-05-13 15:15:36', 'org.default:artifact:1.0.0-SNAPSHOT', '', 'com.sample.evaluation', '17', 'com.sample.evaluation', 'processId', 'processId');
INSERT INTO `variableinstancelog` VALUES ('65', '2018-05-13 15:15:36', 'org.default:artifact:1.0.0-SNAPSHOT', '', 'com.sample.evaluation', '17', 'org.default:artifact:1.0.0-SNAPSHOT', 'deploymentId', 'deploymentId');
INSERT INTO `variableinstancelog` VALUES ('66', '2018-05-13 15:35:25', 'org.default:artifact:1.0.0-SNAPSHOT', '', 'mytest.helloworldScriptTask', '18', 'mytest.helloworldScriptTask', 'name', 'name');
INSERT INTO `variableinstancelog` VALUES ('67', '2018-05-13 15:35:25', 'org.default:artifact:1.0.0-SNAPSHOT', '', 'mytest.helloworldScriptTask', '18', 'Yearly performance evaluation', 'reason', 'reason');
INSERT INTO `variableinstancelog` VALUES ('68', '2018-05-13 15:35:25', 'org.default:artifact:1.0.0-SNAPSHOT', '', 'mytest.helloworldScriptTask', '18', 'admin', 'employee', 'employee');
INSERT INTO `variableinstancelog` VALUES ('69', '2018-05-13 15:35:25', 'org.default:artifact:1.0.0-SNAPSHOT', '', 'mytest.helloworldScriptTask', '18', 'mytest.helloworldScriptTask', 'processId', 'processId');
INSERT INTO `variableinstancelog` VALUES ('70', '2018-05-13 15:35:25', 'org.default:artifact:1.0.0-SNAPSHOT', '', 'mytest.helloworldScriptTask', '18', 'org.default:artifact:1.0.0-SNAPSHOT', 'deploymentId', 'deploymentId');
INSERT INTO `variableinstancelog` VALUES ('71', '2018-05-13 15:35:25', 'org.default:artifact:1.0.0-SNAPSHOT', '', 'mytest.helloworldScriptTask', '18', '{reason=Yearly performance evaluation, performance=null}', 'content', 'content');
INSERT INTO `variableinstancelog` VALUES ('72', '2018-05-13 15:35:43', 'org.default:artifact:1.0.0-SNAPSHOT', '{reason=Yearly performance evaluation, performance=null}', 'mytest.helloworldScriptTask', '18', '{reason=Yearly performance evaluation, performance=null}', 'content', 'content');
INSERT INTO `variableinstancelog` VALUES ('73', '2018-05-13 15:36:21', 'org.default:artifact:1.0.0-SNAPSHOT', '{reason=Yearly performance evaluation, performance=null}', 'mytest.helloworldScriptTask', '18', '{reason=Yearly performance evaluation, performance=null}', 'content', 'content');
INSERT INTO `variableinstancelog` VALUES ('74', '2018-05-13 15:38:14', 'org.default:artifact:1.0.0-SNAPSHOT', '', 'com.sample.evaluation', '19', 'Evaluation', 'name', 'name');
INSERT INTO `variableinstancelog` VALUES ('75', '2018-05-13 15:38:14', 'org.default:artifact:1.0.0-SNAPSHOT', '', 'com.sample.evaluation', '19', 'Yearly performance evaluation', 'reason', 'reason');
INSERT INTO `variableinstancelog` VALUES ('76', '2018-05-13 15:38:14', 'org.default:artifact:1.0.0-SNAPSHOT', '', 'com.sample.evaluation', '19', 'admin', 'employee', 'employee');
INSERT INTO `variableinstancelog` VALUES ('77', '2018-05-13 15:38:14', 'org.default:artifact:1.0.0-SNAPSHOT', '', 'com.sample.evaluation', '19', 'com.sample.evaluation', 'processId', 'processId');
INSERT INTO `variableinstancelog` VALUES ('78', '2018-05-13 15:38:14', 'org.default:artifact:1.0.0-SNAPSHOT', '', 'com.sample.evaluation', '19', 'org.default:artifact:1.0.0-SNAPSHOT', 'deploymentId', 'deploymentId');
INSERT INTO `variableinstancelog` VALUES ('79', '2018-05-13 16:36:19', 'org.default:artifact:1.0.0-SNAPSHOT', '', 'mytest.helloworldScriptTask', '20', 'mytest.helloworldScriptTask', 'name', 'name');
INSERT INTO `variableinstancelog` VALUES ('80', '2018-05-13 16:36:19', 'org.default:artifact:1.0.0-SNAPSHOT', '', 'mytest.helloworldScriptTask', '20', 'Yearly performance evaluation', 'reason', 'reason');
INSERT INTO `variableinstancelog` VALUES ('81', '2018-05-13 16:36:19', 'org.default:artifact:1.0.0-SNAPSHOT', '', 'mytest.helloworldScriptTask', '20', 'admin', 'employee', 'employee');
INSERT INTO `variableinstancelog` VALUES ('82', '2018-05-13 16:36:19', 'org.default:artifact:1.0.0-SNAPSHOT', '', 'mytest.helloworldScriptTask', '20', 'mytest.helloworldScriptTask', 'processId', 'processId');
INSERT INTO `variableinstancelog` VALUES ('83', '2018-05-13 16:36:19', 'org.default:artifact:1.0.0-SNAPSHOT', '', 'mytest.helloworldScriptTask', '20', 'org.default:artifact:1.0.0-SNAPSHOT', 'deploymentId', 'deploymentId');
INSERT INTO `variableinstancelog` VALUES ('84', '2018-05-13 16:36:19', 'org.default:artifact:1.0.0-SNAPSHOT', '', 'mytest.helloworldScriptTask', '20', '{reason=Yearly performance evaluation, performance=null}', 'content', 'content');
INSERT INTO `variableinstancelog` VALUES ('85', '2018-05-13 16:36:48', 'org.default:artifact:1.0.0-SNAPSHOT', '{reason=Yearly performance evaluation, performance=null}', 'mytest.helloworldScriptTask', '20', '{reason=Yearly performance evaluation, performance=null}', 'content', 'content');
INSERT INTO `variableinstancelog` VALUES ('86', '2018-05-13 16:37:10', 'org.default:artifact:1.0.0-SNAPSHOT', '{reason=Yearly performance evaluation, performance=null}', 'mytest.helloworldScriptTask', '20', '{reason=Yearly performance evaluation, performance=null}', 'content', 'content');
INSERT INTO `variableinstancelog` VALUES ('87', '2018-05-13 16:42:33', 'org.default:artifact:1.0.0-SNAPSHOT', '', 'com.sample.evaluation', '21', 'Evaluation', 'name', 'name');
INSERT INTO `variableinstancelog` VALUES ('88', '2018-05-13 16:42:33', 'org.default:artifact:1.0.0-SNAPSHOT', '', 'com.sample.evaluation', '21', 'Yearly performance evaluation', 'reason', 'reason');
INSERT INTO `variableinstancelog` VALUES ('89', '2018-05-13 16:42:33', 'org.default:artifact:1.0.0-SNAPSHOT', '', 'com.sample.evaluation', '21', 'admin', 'employee', 'employee');
INSERT INTO `variableinstancelog` VALUES ('90', '2018-05-13 16:42:33', 'org.default:artifact:1.0.0-SNAPSHOT', '', 'com.sample.evaluation', '21', 'com.sample.evaluation', 'processId', 'processId');
INSERT INTO `variableinstancelog` VALUES ('91', '2018-05-13 16:42:33', 'org.default:artifact:1.0.0-SNAPSHOT', '', 'com.sample.evaluation', '21', 'org.default:artifact:1.0.0-SNAPSHOT', 'deploymentId', 'deploymentId');
INSERT INTO `variableinstancelog` VALUES ('92', '2018-05-13 20:09:08', 'org.default:artifact:1.0.0-SNAPSHOT', '', 'com.sample.evaluation', '22', 'Evaluation', 'name', 'name');
INSERT INTO `variableinstancelog` VALUES ('93', '2018-05-13 20:09:08', 'org.default:artifact:1.0.0-SNAPSHOT', '', 'com.sample.evaluation', '22', 'Yearly performance evaluation', 'reason', 'reason');
INSERT INTO `variableinstancelog` VALUES ('94', '2018-05-13 20:09:08', 'org.default:artifact:1.0.0-SNAPSHOT', '', 'com.sample.evaluation', '22', 'admin', 'employee', 'employee');
INSERT INTO `variableinstancelog` VALUES ('95', '2018-05-13 20:09:08', 'org.default:artifact:1.0.0-SNAPSHOT', '', 'com.sample.evaluation', '22', 'com.sample.evaluation', 'processId', 'processId');
INSERT INTO `variableinstancelog` VALUES ('96', '2018-05-13 20:09:08', 'org.default:artifact:1.0.0-SNAPSHOT', '', 'com.sample.evaluation', '22', 'org.default:artifact:1.0.0-SNAPSHOT', 'deploymentId', 'deploymentId');
INSERT INTO `variableinstancelog` VALUES ('97', '2018-05-13 21:15:46', 'org.default:artifact:1.0.0-SNAPSHOT', '', 'com.sample.evaluation', '23', 'Evaluation', 'name', 'name');
INSERT INTO `variableinstancelog` VALUES ('98', '2018-05-13 21:15:46', 'org.default:artifact:1.0.0-SNAPSHOT', '', 'com.sample.evaluation', '23', 'Yearly performance evaluation', 'reason', 'reason');
INSERT INTO `variableinstancelog` VALUES ('99', '2018-05-13 21:15:46', 'org.default:artifact:1.0.0-SNAPSHOT', '', 'com.sample.evaluation', '23', 'admin', 'employee', 'employee');
INSERT INTO `variableinstancelog` VALUES ('100', '2018-05-13 21:15:46', 'org.default:artifact:1.0.0-SNAPSHOT', '', 'com.sample.evaluation', '23', 'com.sample.evaluation', 'processId', 'processId');
INSERT INTO `variableinstancelog` VALUES ('101', '2018-05-13 21:15:46', 'org.default:artifact:1.0.0-SNAPSHOT', '', 'com.sample.evaluation', '23', 'org.default:artifact:1.0.0-SNAPSHOT', 'deploymentId', 'deploymentId');
INSERT INTO `variableinstancelog` VALUES ('107', '2018-05-13 21:24:29', 'org.default:artifact:1.0.0-SNAPSHOT', '', 'com.sample.evaluation', '25', 'Evaluation', 'name', 'name');
INSERT INTO `variableinstancelog` VALUES ('108', '2018-05-13 21:24:29', 'org.default:artifact:1.0.0-SNAPSHOT', '', 'com.sample.evaluation', '25', 'Yearly performance evaluation', 'reason', 'reason');
INSERT INTO `variableinstancelog` VALUES ('109', '2018-05-13 21:24:29', 'org.default:artifact:1.0.0-SNAPSHOT', '', 'com.sample.evaluation', '25', 'admin', 'employee', 'employee');
INSERT INTO `variableinstancelog` VALUES ('110', '2018-05-13 21:24:29', 'org.default:artifact:1.0.0-SNAPSHOT', '', 'com.sample.evaluation', '25', 'com.sample.evaluation', 'processId', 'processId');
INSERT INTO `variableinstancelog` VALUES ('111', '2018-05-13 21:24:29', 'org.default:artifact:1.0.0-SNAPSHOT', '', 'com.sample.evaluation', '25', 'org.default:artifact:1.0.0-SNAPSHOT', 'deploymentId', 'deploymentId');
INSERT INTO `variableinstancelog` VALUES ('112', '2018-05-13 21:31:45', 'org.default:artifact:1.0.0-SNAPSHOT', '', 'com.sample.evaluation', '26', 'Evaluation', 'name', 'name');
INSERT INTO `variableinstancelog` VALUES ('113', '2018-05-13 21:31:45', 'org.default:artifact:1.0.0-SNAPSHOT', '', 'com.sample.evaluation', '26', 'Yearly performance evaluation', 'reason', 'reason');
INSERT INTO `variableinstancelog` VALUES ('114', '2018-05-13 21:31:45', 'org.default:artifact:1.0.0-SNAPSHOT', '', 'com.sample.evaluation', '26', 'admin', 'employee', 'employee');
INSERT INTO `variableinstancelog` VALUES ('115', '2018-05-13 21:31:45', 'org.default:artifact:1.0.0-SNAPSHOT', '', 'com.sample.evaluation', '26', 'com.sample.evaluation', 'processId', 'processId');
INSERT INTO `variableinstancelog` VALUES ('116', '2018-05-13 21:31:45', 'org.default:artifact:1.0.0-SNAPSHOT', '', 'com.sample.evaluation', '26', 'org.default:artifact:1.0.0-SNAPSHOT', 'deploymentId', 'deploymentId');
INSERT INTO `variableinstancelog` VALUES ('122', '2018-05-13 21:50:14', 'org.default:artifact:1.0.0-SNAPSHOT', '', 'com.sample.evaluation', '28', 'Evaluation', 'name', 'name');
INSERT INTO `variableinstancelog` VALUES ('123', '2018-05-13 21:50:14', 'org.default:artifact:1.0.0-SNAPSHOT', '', 'com.sample.evaluation', '28', 'Yearly performance evaluation', 'reason', 'reason');
INSERT INTO `variableinstancelog` VALUES ('124', '2018-05-13 21:50:14', 'org.default:artifact:1.0.0-SNAPSHOT', '', 'com.sample.evaluation', '28', 'admin', 'employee', 'employee');
INSERT INTO `variableinstancelog` VALUES ('125', '2018-05-13 21:50:14', 'org.default:artifact:1.0.0-SNAPSHOT', '', 'com.sample.evaluation', '28', 'com.sample.evaluation', 'processId', 'processId');
INSERT INTO `variableinstancelog` VALUES ('126', '2018-05-13 21:50:14', 'org.default:artifact:1.0.0-SNAPSHOT', '', 'com.sample.evaluation', '28', 'org.default:artifact:1.0.0-SNAPSHOT', 'deploymentId', 'deploymentId');
INSERT INTO `variableinstancelog` VALUES ('127', '2018-05-13 21:59:26', 'org.default:artifact:1.0.0-SNAPSHOT', '', 'com.sample.evaluation', '29', 'Evaluation', 'name', 'name');
INSERT INTO `variableinstancelog` VALUES ('128', '2018-05-13 21:59:26', 'org.default:artifact:1.0.0-SNAPSHOT', '', 'com.sample.evaluation', '29', 'Yearly performance evaluation', 'reason', 'reason');
INSERT INTO `variableinstancelog` VALUES ('129', '2018-05-13 21:59:26', 'org.default:artifact:1.0.0-SNAPSHOT', '', 'com.sample.evaluation', '29', 'admin', 'employee', 'employee');
INSERT INTO `variableinstancelog` VALUES ('130', '2018-05-13 21:59:26', 'org.default:artifact:1.0.0-SNAPSHOT', '', 'com.sample.evaluation', '29', 'com.sample.evaluation', 'processId', 'processId');
INSERT INTO `variableinstancelog` VALUES ('131', '2018-05-13 21:59:26', 'org.default:artifact:1.0.0-SNAPSHOT', '', 'com.sample.evaluation', '29', 'org.default:artifact:1.0.0-SNAPSHOT', 'deploymentId', 'deploymentId');
INSERT INTO `variableinstancelog` VALUES ('132', '2018-05-13 21:59:55', 'org.default:artifact:1.0.0-SNAPSHOT', '', 'com.sample.evaluation', '30', 'Evaluation', 'name', 'name');
INSERT INTO `variableinstancelog` VALUES ('133', '2018-05-13 21:59:55', 'org.default:artifact:1.0.0-SNAPSHOT', '', 'com.sample.evaluation', '30', 'Yearly performance evaluation', 'reason', 'reason');
INSERT INTO `variableinstancelog` VALUES ('134', '2018-05-13 21:59:55', 'org.default:artifact:1.0.0-SNAPSHOT', '', 'com.sample.evaluation', '30', 'admin', 'employee', 'employee');
INSERT INTO `variableinstancelog` VALUES ('135', '2018-05-13 21:59:55', 'org.default:artifact:1.0.0-SNAPSHOT', '', 'com.sample.evaluation', '30', 'com.sample.evaluation', 'processId', 'processId');
INSERT INTO `variableinstancelog` VALUES ('136', '2018-05-13 21:59:55', 'org.default:artifact:1.0.0-SNAPSHOT', '', 'com.sample.evaluation', '30', 'org.default:artifact:1.0.0-SNAPSHOT', 'deploymentId', 'deploymentId');
INSERT INTO `variableinstancelog` VALUES ('137', '2018-05-13 22:00:29', 'org.default:artifact:1.0.0-SNAPSHOT', '', 'com.sample.evaluation', '31', 'Evaluation', 'name', 'name');
INSERT INTO `variableinstancelog` VALUES ('138', '2018-05-13 22:00:29', 'org.default:artifact:1.0.0-SNAPSHOT', '', 'com.sample.evaluation', '31', 'Yearly performance evaluation', 'reason', 'reason');
INSERT INTO `variableinstancelog` VALUES ('139', '2018-05-13 22:00:29', 'org.default:artifact:1.0.0-SNAPSHOT', '', 'com.sample.evaluation', '31', 'admin', 'employee', 'employee');
INSERT INTO `variableinstancelog` VALUES ('140', '2018-05-13 22:00:29', 'org.default:artifact:1.0.0-SNAPSHOT', '', 'com.sample.evaluation', '31', 'com.sample.evaluation', 'processId', 'processId');
INSERT INTO `variableinstancelog` VALUES ('141', '2018-05-13 22:00:29', 'org.default:artifact:1.0.0-SNAPSHOT', '', 'com.sample.evaluation', '31', 'org.default:artifact:1.0.0-SNAPSHOT', 'deploymentId', 'deploymentId');
INSERT INTO `variableinstancelog` VALUES ('142', '2018-05-14 08:14:19', 'org.default:artifact:1.0.0-SNAPSHOT', '', 'com.sample.evaluation', '32', 'Evaluation', 'name', 'name');
INSERT INTO `variableinstancelog` VALUES ('143', '2018-05-14 08:14:19', 'org.default:artifact:1.0.0-SNAPSHOT', '', 'com.sample.evaluation', '32', 'Yearly performance evaluation', 'reason', 'reason');
INSERT INTO `variableinstancelog` VALUES ('144', '2018-05-14 08:14:19', 'org.default:artifact:1.0.0-SNAPSHOT', '', 'com.sample.evaluation', '32', 'admin', 'employee', 'employee');
INSERT INTO `variableinstancelog` VALUES ('145', '2018-05-14 08:14:19', 'org.default:artifact:1.0.0-SNAPSHOT', '', 'com.sample.evaluation', '32', 'com.sample.evaluation', 'processId', 'processId');
INSERT INTO `variableinstancelog` VALUES ('146', '2018-05-14 08:14:19', 'org.default:artifact:1.0.0-SNAPSHOT', '', 'com.sample.evaluation', '32', 'org.default:artifact:1.0.0-SNAPSHOT', 'deploymentId', 'deploymentId');
INSERT INTO `variableinstancelog` VALUES ('147', '2018-05-14 08:18:43', 'org.default:artifact:1.0.0-SNAPSHOT', '', 'com.sample.evaluation', '33', 'Evaluation', 'name', 'name');
INSERT INTO `variableinstancelog` VALUES ('148', '2018-05-14 08:18:43', 'org.default:artifact:1.0.0-SNAPSHOT', '', 'com.sample.evaluation', '33', 'Yearly performance evaluation', 'reason', 'reason');
INSERT INTO `variableinstancelog` VALUES ('149', '2018-05-14 08:18:43', 'org.default:artifact:1.0.0-SNAPSHOT', '', 'com.sample.evaluation', '33', 'admin', 'employee', 'employee');
INSERT INTO `variableinstancelog` VALUES ('150', '2018-05-14 08:18:43', 'org.default:artifact:1.0.0-SNAPSHOT', '', 'com.sample.evaluation', '33', 'com.sample.evaluation', 'processId', 'processId');
INSERT INTO `variableinstancelog` VALUES ('151', '2018-05-14 08:18:43', 'org.default:artifact:1.0.0-SNAPSHOT', '', 'com.sample.evaluation', '33', 'org.default:artifact:1.0.0-SNAPSHOT', 'deploymentId', 'deploymentId');
INSERT INTO `variableinstancelog` VALUES ('152', '2018-05-14 09:39:48', 'org.default:artifact:1.0.0-SNAPSHOT', '', 'com.sample.evaluation', '34', 'Evaluation', 'name', 'name');
INSERT INTO `variableinstancelog` VALUES ('153', '2018-05-14 09:39:48', 'org.default:artifact:1.0.0-SNAPSHOT', '', 'com.sample.evaluation', '34', 'Yearly performance evaluation', 'reason', 'reason');
INSERT INTO `variableinstancelog` VALUES ('154', '2018-05-14 09:39:48', 'org.default:artifact:1.0.0-SNAPSHOT', '', 'com.sample.evaluation', '34', 'admin', 'employee', 'employee');
INSERT INTO `variableinstancelog` VALUES ('155', '2018-05-14 09:39:48', 'org.default:artifact:1.0.0-SNAPSHOT', '', 'com.sample.evaluation', '34', 'com.sample.evaluation', 'processId', 'processId');
INSERT INTO `variableinstancelog` VALUES ('156', '2018-05-14 09:39:48', 'org.default:artifact:1.0.0-SNAPSHOT', '', 'com.sample.evaluation', '34', 'org.default:artifact:1.0.0-SNAPSHOT', 'deploymentId', 'deploymentId');
INSERT INTO `variableinstancelog` VALUES ('157', '2018-05-14 09:41:35', 'org.default:artifact:1.0.0-SNAPSHOT', '', 'com.sample.evaluation', '35', 'Evaluation', 'name', 'name');
INSERT INTO `variableinstancelog` VALUES ('158', '2018-05-14 09:41:35', 'org.default:artifact:1.0.0-SNAPSHOT', '', 'com.sample.evaluation', '35', 'Yearly performance evaluation', 'reason', 'reason');
INSERT INTO `variableinstancelog` VALUES ('159', '2018-05-14 09:41:35', 'org.default:artifact:1.0.0-SNAPSHOT', '', 'com.sample.evaluation', '35', 'admin', 'employee', 'employee');
INSERT INTO `variableinstancelog` VALUES ('160', '2018-05-14 09:41:35', 'org.default:artifact:1.0.0-SNAPSHOT', '', 'com.sample.evaluation', '35', 'com.sample.evaluation', 'processId', 'processId');
INSERT INTO `variableinstancelog` VALUES ('161', '2018-05-14 09:41:35', 'org.default:artifact:1.0.0-SNAPSHOT', '', 'com.sample.evaluation', '35', 'org.default:artifact:1.0.0-SNAPSHOT', 'deploymentId', 'deploymentId');
INSERT INTO `variableinstancelog` VALUES ('162', '2018-05-14 09:44:07', 'org.default:artifact:1.0.0-SNAPSHOT', '', 'com.sample.evaluation', '36', 'Evaluation', 'name', 'name');
INSERT INTO `variableinstancelog` VALUES ('163', '2018-05-14 09:44:07', 'org.default:artifact:1.0.0-SNAPSHOT', '', 'com.sample.evaluation', '36', 'Yearly performance evaluation', 'reason', 'reason');
INSERT INTO `variableinstancelog` VALUES ('164', '2018-05-14 09:44:07', 'org.default:artifact:1.0.0-SNAPSHOT', '', 'com.sample.evaluation', '36', 'admin', 'employee', 'employee');
INSERT INTO `variableinstancelog` VALUES ('165', '2018-05-14 09:44:07', 'org.default:artifact:1.0.0-SNAPSHOT', '', 'com.sample.evaluation', '36', 'com.sample.evaluation', 'processId', 'processId');
INSERT INTO `variableinstancelog` VALUES ('166', '2018-05-14 09:44:07', 'org.default:artifact:1.0.0-SNAPSHOT', '', 'com.sample.evaluation', '36', 'org.default:artifact:1.0.0-SNAPSHOT', 'deploymentId', 'deploymentId');
INSERT INTO `variableinstancelog` VALUES ('167', '2018-05-14 09:44:31', 'org.default:artifact:1.0.0-SNAPSHOT', '', 'com.sample.evaluation', '37', 'Evaluation', 'name', 'name');
INSERT INTO `variableinstancelog` VALUES ('168', '2018-05-14 09:44:31', 'org.default:artifact:1.0.0-SNAPSHOT', '', 'com.sample.evaluation', '37', 'Yearly performance evaluation', 'reason', 'reason');
INSERT INTO `variableinstancelog` VALUES ('169', '2018-05-14 09:44:31', 'org.default:artifact:1.0.0-SNAPSHOT', '', 'com.sample.evaluation', '37', 'admin', 'employee', 'employee');
INSERT INTO `variableinstancelog` VALUES ('170', '2018-05-14 09:44:31', 'org.default:artifact:1.0.0-SNAPSHOT', '', 'com.sample.evaluation', '37', 'com.sample.evaluation', 'processId', 'processId');
INSERT INTO `variableinstancelog` VALUES ('171', '2018-05-14 09:44:31', 'org.default:artifact:1.0.0-SNAPSHOT', '', 'com.sample.evaluation', '37', 'org.default:artifact:1.0.0-SNAPSHOT', 'deploymentId', 'deploymentId');
INSERT INTO `variableinstancelog` VALUES ('172', '2018-05-14 09:54:38', 'org.default:artifact:1.0.0-SNAPSHOT', '', 'com.sample.evaluation', '38', 'Evaluation', 'name', 'name');
INSERT INTO `variableinstancelog` VALUES ('173', '2018-05-14 09:54:38', 'org.default:artifact:1.0.0-SNAPSHOT', '', 'com.sample.evaluation', '38', 'Yearly performance evaluation', 'reason', 'reason');
INSERT INTO `variableinstancelog` VALUES ('174', '2018-05-14 09:54:38', 'org.default:artifact:1.0.0-SNAPSHOT', '', 'com.sample.evaluation', '38', 'admin', 'employee', 'employee');
INSERT INTO `variableinstancelog` VALUES ('175', '2018-05-14 09:54:38', 'org.default:artifact:1.0.0-SNAPSHOT', '', 'com.sample.evaluation', '38', 'com.sample.evaluation', 'processId', 'processId');
INSERT INTO `variableinstancelog` VALUES ('176', '2018-05-14 09:54:38', 'org.default:artifact:1.0.0-SNAPSHOT', '', 'com.sample.evaluation', '38', 'org.default:artifact:1.0.0-SNAPSHOT', 'deploymentId', 'deploymentId');
INSERT INTO `variableinstancelog` VALUES ('177', '2018-05-14 10:00:55', 'org.default:artifact:1.0.0-SNAPSHOT', '', 'com.sample.evaluation', '39', 'Evaluation', 'name', 'name');
INSERT INTO `variableinstancelog` VALUES ('178', '2018-05-14 10:00:55', 'org.default:artifact:1.0.0-SNAPSHOT', '', 'com.sample.evaluation', '39', 'Yearly performance evaluation', 'reason', 'reason');
INSERT INTO `variableinstancelog` VALUES ('179', '2018-05-14 10:00:55', 'org.default:artifact:1.0.0-SNAPSHOT', '', 'com.sample.evaluation', '39', 'tmp', 'employee', 'employee');
INSERT INTO `variableinstancelog` VALUES ('180', '2018-05-14 10:00:55', 'org.default:artifact:1.0.0-SNAPSHOT', '', 'com.sample.evaluation', '39', 'com.sample.evaluation', 'processId', 'processId');
INSERT INTO `variableinstancelog` VALUES ('181', '2018-05-14 10:00:55', 'org.default:artifact:1.0.0-SNAPSHOT', '', 'com.sample.evaluation', '39', 'org.default:artifact:1.0.0-SNAPSHOT', 'deploymentId', 'deploymentId');
INSERT INTO `variableinstancelog` VALUES ('182', '2018-05-14 13:34:35', 'org.default:artifact:1.0.0-SNAPSHOT', '', 'com.sample.evaluation', '40', 'Evaluation', 'name', 'name');
INSERT INTO `variableinstancelog` VALUES ('183', '2018-05-14 13:34:35', 'org.default:artifact:1.0.0-SNAPSHOT', '', 'com.sample.evaluation', '40', 'Yearly performance evaluation', 'reason', 'reason');
INSERT INTO `variableinstancelog` VALUES ('184', '2018-05-14 13:34:35', 'org.default:artifact:1.0.0-SNAPSHOT', '', 'com.sample.evaluation', '40', 'tmp', 'employee', 'employee');
INSERT INTO `variableinstancelog` VALUES ('185', '2018-05-14 13:34:35', 'org.default:artifact:1.0.0-SNAPSHOT', '', 'com.sample.evaluation', '40', 'com.sample.evaluation', 'processId', 'processId');
INSERT INTO `variableinstancelog` VALUES ('186', '2018-05-14 13:34:35', 'org.default:artifact:1.0.0-SNAPSHOT', '', 'com.sample.evaluation', '40', 'org.default:artifact:1.0.0-SNAPSHOT', 'deploymentId', 'deploymentId');
INSERT INTO `variableinstancelog` VALUES ('187', '2018-05-14 13:38:55', 'org.default:artifact:1.0.0-SNAPSHOT', '', 'mytest.helloworldScriptTask', '41', 'mytest.helloworldScriptTask', 'name', 'name');
INSERT INTO `variableinstancelog` VALUES ('188', '2018-05-14 13:38:55', 'org.default:artifact:1.0.0-SNAPSHOT', '', 'mytest.helloworldScriptTask', '41', 'Yearly performance evaluation', 'reason', 'reason');
INSERT INTO `variableinstancelog` VALUES ('189', '2018-05-14 13:38:55', 'org.default:artifact:1.0.0-SNAPSHOT', '', 'mytest.helloworldScriptTask', '41', 'john', 'employee', 'employee');
INSERT INTO `variableinstancelog` VALUES ('190', '2018-05-14 13:38:55', 'org.default:artifact:1.0.0-SNAPSHOT', '', 'mytest.helloworldScriptTask', '41', 'mytest.helloworldScriptTask', 'processId', 'processId');
INSERT INTO `variableinstancelog` VALUES ('191', '2018-05-14 13:38:55', 'org.default:artifact:1.0.0-SNAPSHOT', '', 'mytest.helloworldScriptTask', '41', 'org.default:artifact:1.0.0-SNAPSHOT', 'deploymentId', 'deploymentId');
INSERT INTO `variableinstancelog` VALUES ('192', '2018-05-14 13:38:55', 'org.default:artifact:1.0.0-SNAPSHOT', '', 'mytest.helloworldScriptTask', '41', '{reason=Yearly performance evaluation, performance=null}', 'content', 'content');
INSERT INTO `variableinstancelog` VALUES ('193', '2018-05-14 13:39:14', 'org.default:artifact:1.0.0-SNAPSHOT', '{reason=Yearly performance evaluation, performance=null}', 'mytest.helloworldScriptTask', '41', '{reason=Yearly performance evaluation, performance=null}', 'content', 'content');
INSERT INTO `variableinstancelog` VALUES ('194', '2018-05-14 13:39:45', 'org.default:artifact:1.0.0-SNAPSHOT', '{reason=Yearly performance evaluation, performance=null}', 'mytest.helloworldScriptTask', '41', '{reason=Yearly performance evaluation, performance=null}', 'content', 'content');

-- ----------------------------
-- Table structure for workiteminfo
-- ----------------------------
DROP TABLE IF EXISTS `workiteminfo`;
CREATE TABLE `workiteminfo` (
  `workItemId` bigint(20) NOT NULL AUTO_INCREMENT,
  `creationDate` datetime DEFAULT NULL,
  `name` varchar(255) DEFAULT NULL,
  `processInstanceId` bigint(20) NOT NULL,
  `state` bigint(20) NOT NULL,
  `OPTLOCK` int(11) DEFAULT NULL,
  `workItemByteArray` longblob,
  PRIMARY KEY (`workItemId`)
) ENGINE=InnoDB AUTO_INCREMENT=66 DEFAULT CHARSET=utf8;

-- ----------------------------
-- Records of workiteminfo
-- ----------------------------
INSERT INTO `workiteminfo` VALUES ('1', '2018-05-13 05:54:06', 'Human Task', '7', '0', '1', 0xACED00057A000001730A060807100718004AB501080012486F72672E64726F6F6C732E636F72652E6D61727368616C6C696E672E696D706C2E53657269616C697A61626C65506C616365686F6C6465725265736F6C76657253747261746567791A67ACED0005737200136A6176612E7574696C2E41727261794C6973747881D21D99C7619D03000149000473697A65787000000006770400000006740005656E2D554B740001317400055461736B317400055461736B3174000566616C73657400066163746F72317852B001080110071A0A48756D616E205461736B20002A100A064C6F63616C6510001A04000000002A110A07436F6D6D656E7410001A04000000012A120A085461736B4E616D6510001A04000000022A120A084E6F64654E616D6510001A04000000032A130A09536B69707061626C6510001A04000000042A110A074163746F72496410001A040000000532236F72672E64656661756C743A61727469666163743A312E302E302D534E415053484F5438014002);
INSERT INTO `workiteminfo` VALUES ('2', '2018-05-13 05:56:32', 'Human Task', '8', '0', '1', 0xACED00057A000001900A060807100718004AE401080012486F72672E64726F6F6C732E636F72652E6D61727368616C6C696E672E696D706C2E53657269616C697A61626C65506C616365686F6C6465725265736F6C76657253747261746567791A9501ACED0005737200136A6176612E7574696C2E41727261794C6973747881D21D99C7619D03000149000473697A65787000000005770400000005740022506C6561736520706572666F726D20612073656C662D6576616C75746174696F6E2E74000566616C7365740000740016506572666F726D616E6365204576616C756174696F6E74000F53656C66204576616C756174696F6E78529E01080210081A0A48756D616E205461736B20002A110A07436F6D6D656E7410001A04000000002A130A09536B69707061626C6510001A04000000012A110A074163746F72496410001A04000000022A120A085461736B4E616D6510001A04000000032A120A084E6F64654E616D6510001A040000000432236F72672E64656661756C743A61727469666163743A312E302E302D534E415053484F5438014002);
INSERT INTO `workiteminfo` VALUES ('3', '2018-05-13 06:31:05', 'Human Task', '9', '0', '1', 0xACED00057A000001900A060807100718004AE401080012486F72672E64726F6F6C732E636F72652E6D61727368616C6C696E672E696D706C2E53657269616C697A61626C65506C616365686F6C6465725265736F6C76657253747261746567791A9501ACED0005737200136A6176612E7574696C2E41727261794C6973747881D21D99C7619D03000149000473697A65787000000005770400000005740022506C6561736520706572666F726D20612073656C662D6576616C75746174696F6E2E74000566616C7365740000740016506572666F726D616E6365204576616C756174696F6E74000F53656C66204576616C756174696F6E78529E01080310091A0A48756D616E205461736B20002A110A07436F6D6D656E7410001A04000000002A130A09536B69707061626C6510001A04000000012A110A074163746F72496410001A04000000022A120A085461736B4E616D6510001A04000000032A120A084E6F64654E616D6510001A040000000432236F72672E64656661756C743A61727469666163743A312E302E302D534E415053484F5438014002);
INSERT INTO `workiteminfo` VALUES ('4', '2018-05-13 06:42:27', 'Human Task', '10', '0', '1', 0xACED00057A000001730A060807100718004AB501080012486F72672E64726F6F6C732E636F72652E6D61727368616C6C696E672E696D706C2E53657269616C697A61626C65506C616365686F6C6465725265736F6C76657253747261746567791A67ACED0005737200136A6176612E7574696C2E41727261794C6973747881D21D99C7619D03000149000473697A65787000000006770400000006740005656E2D554B740001317400055461736B317400055461736B3174000566616C73657400066163746F72317852B0010804100A1A0A48756D616E205461736B20002A100A064C6F63616C6510001A04000000002A110A07436F6D6D656E7410001A04000000012A120A085461736B4E616D6510001A04000000022A120A084E6F64654E616D6510001A04000000032A130A09536B69707061626C6510001A04000000042A110A074163746F72496410001A040000000532236F72672E64656661756C743A61727469666163743A312E302E302D534E415053484F5438014002);
INSERT INTO `workiteminfo` VALUES ('5', '2018-05-13 09:16:56', 'Human Task', '11', '0', '1', 0xACED00057A000001900A060807100718004AE401080012486F72672E64726F6F6C732E636F72652E6D61727368616C6C696E672E696D706C2E53657269616C697A61626C65506C616365686F6C6465725265736F6C76657253747261746567791A9501ACED0005737200136A6176612E7574696C2E41727261794C6973747881D21D99C7619D03000149000473697A65787000000005770400000005740022506C6561736520706572666F726D20612073656C662D6576616C75746174696F6E2E74000566616C7365740000740016506572666F726D616E6365204576616C756174696F6E74000F53656C66204576616C756174696F6E78529E010805100B1A0A48756D616E205461736B20002A110A07436F6D6D656E7410001A04000000002A130A09536B69707061626C6510001A04000000012A110A074163746F72496410001A04000000022A120A085461736B4E616D6510001A04000000032A120A084E6F64654E616D6510001A040000000432236F72672E64656661756C743A61727469666163743A312E302E302D534E415053484F5438014002);
INSERT INTO `workiteminfo` VALUES ('6', '2018-05-13 09:43:23', 'Human Task', '12', '0', '1', 0xACED00057A000001900A060807100718004AE401080012486F72672E64726F6F6C732E636F72652E6D61727368616C6C696E672E696D706C2E53657269616C697A61626C65506C616365686F6C6465725265736F6C76657253747261746567791A9501ACED0005737200136A6176612E7574696C2E41727261794C6973747881D21D99C7619D03000149000473697A65787000000005770400000005740022506C6561736520706572666F726D20612073656C662D6576616C75746174696F6E2E74000566616C7365740000740016506572666F726D616E6365204576616C756174696F6E74000F53656C66204576616C756174696F6E78529E010806100C1A0A48756D616E205461736B20002A110A07436F6D6D656E7410001A04000000002A130A09536B69707061626C6510001A04000000012A110A074163746F72496410001A04000000022A120A085461736B4E616D6510001A04000000032A120A084E6F64654E616D6510001A040000000432236F72672E64656661756C743A61727469666163743A312E302E302D534E415053484F5438014002);
INSERT INTO `workiteminfo` VALUES ('8', '2018-05-13 11:34:39', 'Human Task', '13', '0', '1', 0xACED00057A000001BB0A060807100718004AFD01080012486F72672E64726F6F6C732E636F72652E6D61727368616C6C696E672E696D706C2E53657269616C697A61626C65506C616365686F6C6465725265736F6C76657253747261746567791AAE01ACED0005737200136A6176612E7574696C2E41727261794C6973747881D21D99C7619D03000149000473697A6578700000000677040000000674001B596F75206E65656420746F206576616C756174652061646D696E2E74000566616C736574001D596561726C7920706572666F726D616E6365206576616C756174696F6E740016506572666F726D616E6365204576616C756174696F6E74000D504D204576616C756174696F6E740002504D7852B0010808100D1A0A48756D616E205461736B20002A110A07436F6D6D656E7410001A04000000002A130A09536B69707061626C6510001A04000000012A100A06726561736F6E10001A04000000022A120A085461736B4E616D6510001A04000000032A120A084E6F64654E616D6510001A04000000042A110A0747726F7570496410001A040000000532236F72672E64656661756C743A61727469666163743A312E302E302D534E415053484F5438034003);
INSERT INTO `workiteminfo` VALUES ('9', '2018-05-13 11:34:39', 'Human Task', '13', '0', '1', 0xACED00057A000001BB0A060807100718004AFD01080012486F72672E64726F6F6C732E636F72652E6D61727368616C6C696E672E696D706C2E53657269616C697A61626C65506C616365686F6C6465725265736F6C76657253747261746567791AAE01ACED0005737200136A6176612E7574696C2E41727261794C6973747881D21D99C7619D03000149000473697A6578700000000677040000000674001B596F75206E65656420746F206576616C756174652061646D696E2E74000566616C736574001D596561726C7920706572666F726D616E6365206576616C756174696F6E740016506572666F726D616E6365204576616C756174696F6E74000D4852204576616C756174696F6E74000248527852B0010809100D1A0A48756D616E205461736B20002A110A07436F6D6D656E7410001A04000000002A130A09536B69707061626C6510001A04000000012A100A06726561736F6E10001A04000000022A120A085461736B4E616D6510001A04000000032A120A084E6F64654E616D6510001A04000000042A110A0747726F7570496410001A040000000532236F72672E64656661756C743A61727469666163743A312E302E302D534E415053484F5438044004);
INSERT INTO `workiteminfo` VALUES ('12', '2018-05-13 12:53:38', 'Human Task', '15', '0', '1', 0xACED00057A000001BB0A060807100718004AFD01080012486F72672E64726F6F6C732E636F72652E6D61727368616C6C696E672E696D706C2E53657269616C697A61626C65506C616365686F6C6465725265736F6C76657253747261746567791AAE01ACED0005737200136A6176612E7574696C2E41727261794C6973747881D21D99C7619D03000149000473697A6578700000000677040000000674001B596F75206E65656420746F206576616C756174652061646D696E2E74000566616C736574001D596561726C7920706572666F726D616E6365206576616C756174696F6E740016506572666F726D616E6365204576616C756174696F6E74000D504D204576616C756174696F6E740002504D7852B001080C100F1A0A48756D616E205461736B20002A110A07436F6D6D656E7410001A04000000002A130A09536B69707061626C6510001A04000000012A100A06726561736F6E10001A04000000022A120A085461736B4E616D6510001A04000000032A120A084E6F64654E616D6510001A04000000042A110A0747726F7570496410001A040000000532236F72672E64656661756C743A61727469666163743A312E302E302D534E415053484F5438034003);
INSERT INTO `workiteminfo` VALUES ('16', '2018-05-13 15:14:28', 'Human Task', '16', '0', '1', 0xACED00057A000001090A060807100718004A9A01080012486F72672E64726F6F6C732E636F72652E6D61727368616C6C696E672E696D706C2E53657269616C697A61626C65506C616365686F6C6465725265736F6C76657253747261746567791A4CACED0005737200136A6176612E7574696C2E41727261794C6973747881D21D99C7619D03000149000473697A65787000000002770400000002740003746D7074000973616C65732D726570785262081010101A0A48756D616E205461736B20002A120A084E6F64654E616D6510001A04000000002A110A074163746F72496410001A040000000132236F72672E64656661756C743A61727469666163743A312E302E302D534E415053484F5438034004);
INSERT INTO `workiteminfo` VALUES ('18', '2018-05-13 15:17:50', 'Human Task', '17', '0', '1', 0xACED00057A000001BB0A060807100718004AFD01080012486F72672E64726F6F6C732E636F72652E6D61727368616C6C696E672E696D706C2E53657269616C697A61626C65506C616365686F6C6465725265736F6C76657253747261746567791AAE01ACED0005737200136A6176612E7574696C2E41727261794C6973747881D21D99C7619D03000149000473697A6578700000000677040000000674001B596F75206E65656420746F206576616C756174652061646D696E2E74000566616C736574001D596561726C7920706572666F726D616E6365206576616C756174696F6E740016506572666F726D616E6365204576616C756174696F6E74000D4852204576616C756174696F6E74000248527852B001081210111A0A48756D616E205461736B20002A110A07436F6D6D656E7410001A04000000002A130A09536B69707061626C6510001A04000000012A100A06726561736F6E10001A04000000022A120A085461736B4E616D6510001A04000000032A120A084E6F64654E616D6510001A04000000042A110A0747726F7570496410001A040000000532236F72672E64656661756C743A61727469666163743A312E302E302D534E415053484F5438044004);
INSERT INTO `workiteminfo` VALUES ('19', '2018-05-13 15:17:50', 'Human Task', '17', '0', '1', 0xACED00057A000001BB0A060807100718004AFD01080012486F72672E64726F6F6C732E636F72652E6D61727368616C6C696E672E696D706C2E53657269616C697A61626C65506C616365686F6C6465725265736F6C76657253747261746567791AAE01ACED0005737200136A6176612E7574696C2E41727261794C6973747881D21D99C7619D03000149000473697A6578700000000677040000000674001B596F75206E65656420746F206576616C756174652061646D696E2E74000566616C736574001D596561726C7920706572666F726D616E6365206576616C756174696F6E740016506572666F726D616E6365204576616C756174696F6E74000D504D204576616C756174696F6E740002504D7852B001081310111A0A48756D616E205461736B20002A110A07436F6D6D656E7410001A04000000002A130A09536B69707061626C6510001A04000000012A100A06726561736F6E10001A04000000022A120A085461736B4E616D6510001A04000000032A120A084E6F64654E616D6510001A04000000042A110A0747726F7570496410001A040000000532236F72672E64656661756C743A61727469666163743A312E302E302D534E415053484F5438034003);
INSERT INTO `workiteminfo` VALUES ('20', '2018-05-13 15:17:55', 'Human Task', '14', '0', '1', 0xACED00057A000001BB0A060807100718004AFD01080012486F72672E64726F6F6C732E636F72652E6D61727368616C6C696E672E696D706C2E53657269616C697A61626C65506C616365686F6C6465725265736F6C76657253747261746567791AAE01ACED0005737200136A6176612E7574696C2E41727261794C6973747881D21D99C7619D03000149000473697A6578700000000677040000000674001B596F75206E65656420746F206576616C756174652061646D696E2E74000566616C736574001D596561726C7920706572666F726D616E6365206576616C756174696F6E740016506572666F726D616E6365204576616C756174696F6E74000D4852204576616C756174696F6E74000248527852B0010814100E1A0A48756D616E205461736B20002A110A07436F6D6D656E7410001A04000000002A130A09536B69707061626C6510001A04000000012A100A06726561736F6E10001A04000000022A120A085461736B4E616D6510001A04000000032A120A084E6F64654E616D6510001A04000000042A110A0747726F7570496410001A040000000532236F72672E64656661756C743A61727469666163743A312E302E302D534E415053484F5438044004);
INSERT INTO `workiteminfo` VALUES ('21', '2018-05-13 15:17:55', 'Human Task', '14', '0', '1', 0xACED00057A000001BB0A060807100718004AFD01080012486F72672E64726F6F6C732E636F72652E6D61727368616C6C696E672E696D706C2E53657269616C697A61626C65506C616365686F6C6465725265736F6C76657253747261746567791AAE01ACED0005737200136A6176612E7574696C2E41727261794C6973747881D21D99C7619D03000149000473697A6578700000000677040000000674001B596F75206E65656420746F206576616C756174652061646D696E2E74000566616C736574001D596561726C7920706572666F726D616E6365206576616C756174696F6E740016506572666F726D616E6365204576616C756174696F6E74000D504D204576616C756174696F6E740002504D7852B0010815100E1A0A48756D616E205461736B20002A110A07436F6D6D656E7410001A04000000002A130A09536B69707061626C6510001A04000000012A100A06726561736F6E10001A04000000022A120A085461736B4E616D6510001A04000000032A120A084E6F64654E616D6510001A04000000042A110A0747726F7570496410001A040000000532236F72672E64656661756C743A61727469666163743A312E302E302D534E415053484F5438034003);
INSERT INTO `workiteminfo` VALUES ('24', '2018-05-13 15:36:21', 'Human Task', '18', '0', '1', 0xACED00057A000001090A060807100718004A9A01080012486F72672E64726F6F6C732E636F72652E6D61727368616C6C696E672E696D706C2E53657269616C697A61626C65506C616365686F6C6465725265736F6C76657253747261746567791A4CACED0005737200136A6176612E7574696C2E41727261794C6973747881D21D99C7619D03000149000473697A65787000000002770400000002740003746D7074000973616C65732D726570785262081810121A0A48756D616E205461736B20002A120A084E6F64654E616D6510001A04000000002A110A074163746F72496410001A040000000132236F72672E64656661756C743A61727469666163743A312E302E302D534E415053484F5438034004);
INSERT INTO `workiteminfo` VALUES ('26', '2018-05-13 15:38:54', 'Human Task', '19', '0', '1', 0xACED00057A000001BB0A060807100718004AFD01080012486F72672E64726F6F6C732E636F72652E6D61727368616C6C696E672E696D706C2E53657269616C697A61626C65506C616365686F6C6465725265736F6C76657253747261746567791AAE01ACED0005737200136A6176612E7574696C2E41727261794C6973747881D21D99C7619D03000149000473697A6578700000000677040000000674001B596F75206E65656420746F206576616C756174652061646D696E2E74000566616C736574001D596561726C7920706572666F726D616E6365206576616C756174696F6E740016506572666F726D616E6365204576616C756174696F6E74000D504D204576616C756174696F6E740002504D7852B001081A10131A0A48756D616E205461736B20002A110A07436F6D6D656E7410001A04000000002A130A09536B69707061626C6510001A04000000012A100A06726561736F6E10001A04000000022A120A085461736B4E616D6510001A04000000032A120A084E6F64654E616D6510001A04000000042A110A0747726F7570496410001A040000000532236F72672E64656661756C743A61727469666163743A312E302E302D534E415053484F5438034003);
INSERT INTO `workiteminfo` VALUES ('27', '2018-05-13 15:38:54', 'Human Task', '19', '0', '1', 0xACED00057A000001BB0A060807100718004AFD01080012486F72672E64726F6F6C732E636F72652E6D61727368616C6C696E672E696D706C2E53657269616C697A61626C65506C616365686F6C6465725265736F6C76657253747261746567791AAE01ACED0005737200136A6176612E7574696C2E41727261794C6973747881D21D99C7619D03000149000473697A6578700000000677040000000674001B596F75206E65656420746F206576616C756174652061646D696E2E74000566616C736574001D596561726C7920706572666F726D616E6365206576616C756174696F6E740016506572666F726D616E6365204576616C756174696F6E74000D4852204576616C756174696F6E74000248527852B001081B10131A0A48756D616E205461736B20002A110A07436F6D6D656E7410001A04000000002A130A09536B69707061626C6510001A04000000012A100A06726561736F6E10001A04000000022A120A085461736B4E616D6510001A04000000032A120A084E6F64654E616D6510001A04000000042A110A0747726F7570496410001A040000000532236F72672E64656661756C743A61727469666163743A312E302E302D534E415053484F5438044004);
INSERT INTO `workiteminfo` VALUES ('30', '2018-05-13 16:37:10', 'Human Task', '20', '0', '1', 0xACED00057A000001090A060807100718004A9A01080012486F72672E64726F6F6C732E636F72652E6D61727368616C6C696E672E696D706C2E53657269616C697A61626C65506C616365686F6C6465725265736F6C76657253747261746567791A4CACED0005737200136A6176612E7574696C2E41727261794C6973747881D21D99C7619D03000149000473697A65787000000002770400000002740003746D7074000973616C65732D726570785262081E10141A0A48756D616E205461736B20002A120A084E6F64654E616D6510001A04000000002A110A074163746F72496410001A040000000132236F72672E64656661756C743A61727469666163743A312E302E302D534E415053484F5438034004);
INSERT INTO `workiteminfo` VALUES ('32', '2018-05-13 16:42:46', 'Human Task', '21', '0', '1', 0xACED00057A000001BB0A060807100718004AFD01080012486F72672E64726F6F6C732E636F72652E6D61727368616C6C696E672E696D706C2E53657269616C697A61626C65506C616365686F6C6465725265736F6C76657253747261746567791AAE01ACED0005737200136A6176612E7574696C2E41727261794C6973747881D21D99C7619D03000149000473697A6578700000000677040000000674001B596F75206E65656420746F206576616C756174652061646D696E2E74000566616C736574001D596561726C7920706572666F726D616E6365206576616C756174696F6E740016506572666F726D616E6365204576616C756174696F6E74000D504D204576616C756174696F6E740002504D7852B001082010151A0A48756D616E205461736B20002A110A07436F6D6D656E7410001A04000000002A130A09536B69707061626C6510001A04000000012A100A06726561736F6E10001A04000000022A120A085461736B4E616D6510001A04000000032A120A084E6F64654E616D6510001A04000000042A110A0747726F7570496410001A040000000532236F72672E64656661756C743A61727469666163743A312E302E302D534E415053484F5438034003);
INSERT INTO `workiteminfo` VALUES ('33', '2018-05-13 16:42:47', 'Human Task', '21', '0', '1', 0xACED00057A000001BB0A060807100718004AFD01080012486F72672E64726F6F6C732E636F72652E6D61727368616C6C696E672E696D706C2E53657269616C697A61626C65506C616365686F6C6465725265736F6C76657253747261746567791AAE01ACED0005737200136A6176612E7574696C2E41727261794C6973747881D21D99C7619D03000149000473697A6578700000000677040000000674001B596F75206E65656420746F206576616C756174652061646D696E2E74000566616C736574001D596561726C7920706572666F726D616E6365206576616C756174696F6E740016506572666F726D616E6365204576616C756174696F6E74000D4852204576616C756174696F6E74000248527852B001082110151A0A48756D616E205461736B20002A110A07436F6D6D656E7410001A04000000002A130A09536B69707061626C6510001A04000000012A100A06726561736F6E10001A04000000022A120A085461736B4E616D6510001A04000000032A120A084E6F64654E616D6510001A04000000042A110A0747726F7570496410001A040000000532236F72672E64656661756C743A61727469666163743A312E302E302D534E415053484F5438044004);
INSERT INTO `workiteminfo` VALUES ('35', '2018-05-13 20:10:01', 'Human Task', '22', '0', '1', 0xACED00057A000001BB0A060807100718004AFD01080012486F72672E64726F6F6C732E636F72652E6D61727368616C6C696E672E696D706C2E53657269616C697A61626C65506C616365686F6C6465725265736F6C76657253747261746567791AAE01ACED0005737200136A6176612E7574696C2E41727261794C6973747881D21D99C7619D03000149000473697A6578700000000677040000000674001B596F75206E65656420746F206576616C756174652061646D696E2E74000566616C736574001D596561726C7920706572666F726D616E6365206576616C756174696F6E740016506572666F726D616E6365204576616C756174696F6E74000D504D204576616C756174696F6E740002504D7852B001082310161A0A48756D616E205461736B20002A110A07436F6D6D656E7410001A04000000002A130A09536B69707061626C6510001A04000000012A100A06726561736F6E10001A04000000022A120A085461736B4E616D6510001A04000000032A120A084E6F64654E616D6510001A04000000042A110A0747726F7570496410001A040000000532236F72672E64656661756C743A61727469666163743A312E302E302D534E415053484F5438034003);
INSERT INTO `workiteminfo` VALUES ('36', '2018-05-13 20:10:01', 'Human Task', '22', '0', '1', 0xACED00057A000001BB0A060807100718004AFD01080012486F72672E64726F6F6C732E636F72652E6D61727368616C6C696E672E696D706C2E53657269616C697A61626C65506C616365686F6C6465725265736F6C76657253747261746567791AAE01ACED0005737200136A6176612E7574696C2E41727261794C6973747881D21D99C7619D03000149000473697A6578700000000677040000000674001B596F75206E65656420746F206576616C756174652061646D696E2E74000566616C736574001D596561726C7920706572666F726D616E6365206576616C756174696F6E740016506572666F726D616E6365204576616C756174696F6E74000D4852204576616C756174696F6E74000248527852B001082410161A0A48756D616E205461736B20002A110A07436F6D6D656E7410001A04000000002A130A09536B69707061626C6510001A04000000012A100A06726561736F6E10001A04000000022A120A085461736B4E616D6510001A04000000032A120A084E6F64654E616D6510001A04000000042A110A0747726F7570496410001A040000000532236F72672E64656661756C743A61727469666163743A312E302E302D534E415053484F5438044004);
INSERT INTO `workiteminfo` VALUES ('37', '2018-05-13 21:15:46', 'Human Task', '23', '0', '1', 0xACED00057A000001C70A060807100718004A8902080012486F72672E64726F6F6C732E636F72652E6D61727368616C6C696E672E696D706C2E53657269616C697A61626C65506C616365686F6C6465725265736F6C76657253747261746567791ABA01ACED0005737200136A6176612E7574696C2E41727261794C6973747881D21D99C7619D03000149000473697A65787000000006770400000006740022506C6561736520706572666F726D20612073656C662D6576616C75746174696F6E2E74000566616C736574001D596561726C7920706572666F726D616E6365206576616C756174696F6E74000561646D696E740016506572666F726D616E6365204576616C756174696F6E74000F53656C66204576616C756174696F6E7852B001082510171A0A48756D616E205461736B20002A110A07436F6D6D656E7410001A04000000002A130A09536B69707061626C6510001A04000000012A100A06726561736F6E10001A04000000022A110A074163746F72496410001A04000000032A120A085461736B4E616D6510001A04000000042A120A084E6F64654E616D6510001A040000000532236F72672E64656661756C743A61727469666163743A312E302E302D534E415053484F5438014002);
INSERT INTO `workiteminfo` VALUES ('39', '2018-05-13 21:24:29', 'Human Task', '25', '0', '1', 0xACED00057A000001C70A060807100718004A8902080012486F72672E64726F6F6C732E636F72652E6D61727368616C6C696E672E696D706C2E53657269616C697A61626C65506C616365686F6C6465725265736F6C76657253747261746567791ABA01ACED0005737200136A6176612E7574696C2E41727261794C6973747881D21D99C7619D03000149000473697A65787000000006770400000006740022506C6561736520706572666F726D20612073656C662D6576616C75746174696F6E2E74000566616C736574001D596561726C7920706572666F726D616E6365206576616C756174696F6E74000561646D696E740016506572666F726D616E6365204576616C756174696F6E74000F53656C66204576616C756174696F6E7852B001082710191A0A48756D616E205461736B20002A110A07436F6D6D656E7410001A04000000002A130A09536B69707061626C6510001A04000000012A100A06726561736F6E10001A04000000022A110A074163746F72496410001A04000000032A120A085461736B4E616D6510001A04000000042A120A084E6F64654E616D6510001A040000000532236F72672E64656661756C743A61727469666163743A312E302E302D534E415053484F5438014002);
INSERT INTO `workiteminfo` VALUES ('40', '2018-05-13 21:31:45', 'Human Task', '26', '0', '1', 0xACED00057A000001C70A060807100718004A8902080012486F72672E64726F6F6C732E636F72652E6D61727368616C6C696E672E696D706C2E53657269616C697A61626C65506C616365686F6C6465725265736F6C76657253747261746567791ABA01ACED0005737200136A6176612E7574696C2E41727261794C6973747881D21D99C7619D03000149000473697A65787000000006770400000006740022506C6561736520706572666F726D20612073656C662D6576616C75746174696F6E2E74000566616C736574001D596561726C7920706572666F726D616E6365206576616C756174696F6E74000561646D696E740016506572666F726D616E6365204576616C756174696F6E74000F53656C66204576616C756174696F6E7852B0010828101A1A0A48756D616E205461736B20002A110A07436F6D6D656E7410001A04000000002A130A09536B69707061626C6510001A04000000012A100A06726561736F6E10001A04000000022A110A074163746F72496410001A04000000032A120A085461736B4E616D6510001A04000000042A120A084E6F64654E616D6510001A040000000532236F72672E64656661756C743A61727469666163743A312E302E302D534E415053484F5438014002);
INSERT INTO `workiteminfo` VALUES ('42', '2018-05-13 21:50:15', 'Human Task', '28', '0', '1', 0xACED00057A000001C70A060807100718004A8902080012486F72672E64726F6F6C732E636F72652E6D61727368616C6C696E672E696D706C2E53657269616C697A61626C65506C616365686F6C6465725265736F6C76657253747261746567791ABA01ACED0005737200136A6176612E7574696C2E41727261794C6973747881D21D99C7619D03000149000473697A65787000000006770400000006740022506C6561736520706572666F726D20612073656C662D6576616C75746174696F6E2E74000566616C736574001D596561726C7920706572666F726D616E6365206576616C756174696F6E74000561646D696E740016506572666F726D616E6365204576616C756174696F6E74000F53656C66204576616C756174696F6E7852B001082A101C1A0A48756D616E205461736B20002A110A07436F6D6D656E7410001A04000000002A130A09536B69707061626C6510001A04000000012A100A06726561736F6E10001A04000000022A110A074163746F72496410001A04000000032A120A085461736B4E616D6510001A04000000042A120A084E6F64654E616D6510001A040000000532236F72672E64656661756C743A61727469666163743A312E302E302D534E415053484F5438014002);
INSERT INTO `workiteminfo` VALUES ('43', '2018-05-13 21:59:26', 'Human Task', '29', '0', '1', 0xACED00057A000001C70A060807100718004A8902080012486F72672E64726F6F6C732E636F72652E6D61727368616C6C696E672E696D706C2E53657269616C697A61626C65506C616365686F6C6465725265736F6C76657253747261746567791ABA01ACED0005737200136A6176612E7574696C2E41727261794C6973747881D21D99C7619D03000149000473697A65787000000006770400000006740022506C6561736520706572666F726D20612073656C662D6576616C75746174696F6E2E74000566616C736574001D596561726C7920706572666F726D616E6365206576616C756174696F6E74000561646D696E740016506572666F726D616E6365204576616C756174696F6E74000F53656C66204576616C756174696F6E7852B001082B101D1A0A48756D616E205461736B20002A110A07436F6D6D656E7410001A04000000002A130A09536B69707061626C6510001A04000000012A100A06726561736F6E10001A04000000022A110A074163746F72496410001A04000000032A120A085461736B4E616D6510001A04000000042A120A084E6F64654E616D6510001A040000000532236F72672E64656661756C743A61727469666163743A312E302E302D534E415053484F5438014002);
INSERT INTO `workiteminfo` VALUES ('44', '2018-05-13 21:59:55', 'Human Task', '30', '0', '1', 0xACED00057A000001C70A060807100718004A8902080012486F72672E64726F6F6C732E636F72652E6D61727368616C6C696E672E696D706C2E53657269616C697A61626C65506C616365686F6C6465725265736F6C76657253747261746567791ABA01ACED0005737200136A6176612E7574696C2E41727261794C6973747881D21D99C7619D03000149000473697A65787000000006770400000006740022506C6561736520706572666F726D20612073656C662D6576616C75746174696F6E2E74000566616C736574001D596561726C7920706572666F726D616E6365206576616C756174696F6E74000561646D696E740016506572666F726D616E6365204576616C756174696F6E74000F53656C66204576616C756174696F6E7852B001082C101E1A0A48756D616E205461736B20002A110A07436F6D6D656E7410001A04000000002A130A09536B69707061626C6510001A04000000012A100A06726561736F6E10001A04000000022A110A074163746F72496410001A04000000032A120A085461736B4E616D6510001A04000000042A120A084E6F64654E616D6510001A040000000532236F72672E64656661756C743A61727469666163743A312E302E302D534E415053484F5438014002);
INSERT INTO `workiteminfo` VALUES ('45', '2018-05-13 22:00:29', 'Human Task', '31', '0', '1', 0xACED00057A000001C70A060807100718004A8902080012486F72672E64726F6F6C732E636F72652E6D61727368616C6C696E672E696D706C2E53657269616C697A61626C65506C616365686F6C6465725265736F6C76657253747261746567791ABA01ACED0005737200136A6176612E7574696C2E41727261794C6973747881D21D99C7619D03000149000473697A65787000000006770400000006740022506C6561736520706572666F726D20612073656C662D6576616C75746174696F6E2E74000566616C736574001D596561726C7920706572666F726D616E6365206576616C756174696F6E74000561646D696E740016506572666F726D616E6365204576616C756174696F6E74000F53656C66204576616C756174696F6E7852B001082D101F1A0A48756D616E205461736B20002A110A07436F6D6D656E7410001A04000000002A130A09536B69707061626C6510001A04000000012A100A06726561736F6E10001A04000000022A110A074163746F72496410001A04000000032A120A085461736B4E616D6510001A04000000042A120A084E6F64654E616D6510001A040000000532236F72672E64656661756C743A61727469666163743A312E302E302D534E415053484F5438014002);
INSERT INTO `workiteminfo` VALUES ('47', '2018-05-14 08:14:56', 'Human Task', '32', '0', '1', 0xACED00057A000001BB0A060807100718004AFD01080012486F72672E64726F6F6C732E636F72652E6D61727368616C6C696E672E696D706C2E53657269616C697A61626C65506C616365686F6C6465725265736F6C76657253747261746567791AAE01ACED0005737200136A6176612E7574696C2E41727261794C6973747881D21D99C7619D03000149000473697A6578700000000677040000000674001B596F75206E65656420746F206576616C756174652061646D696E2E74000566616C736574001D596561726C7920706572666F726D616E6365206576616C756174696F6E740016506572666F726D616E6365204576616C756174696F6E74000D504D204576616C756174696F6E740002504D7852B001082F10201A0A48756D616E205461736B20002A110A07436F6D6D656E7410001A04000000002A130A09536B69707061626C6510001A04000000012A100A06726561736F6E10001A04000000022A120A085461736B4E616D6510001A04000000032A120A084E6F64654E616D6510001A04000000042A110A0747726F7570496410001A040000000532236F72672E64656661756C743A61727469666163743A312E302E302D534E415053484F5438034003);
INSERT INTO `workiteminfo` VALUES ('48', '2018-05-14 08:14:56', 'Human Task', '32', '0', '1', 0xACED00057A000001BB0A060807100718004AFD01080012486F72672E64726F6F6C732E636F72652E6D61727368616C6C696E672E696D706C2E53657269616C697A61626C65506C616365686F6C6465725265736F6C76657253747261746567791AAE01ACED0005737200136A6176612E7574696C2E41727261794C6973747881D21D99C7619D03000149000473697A6578700000000677040000000674001B596F75206E65656420746F206576616C756174652061646D696E2E74000566616C736574001D596561726C7920706572666F726D616E6365206576616C756174696F6E740016506572666F726D616E6365204576616C756174696F6E74000D4852204576616C756174696F6E74000248527852B001083010201A0A48756D616E205461736B20002A110A07436F6D6D656E7410001A04000000002A130A09536B69707061626C6510001A04000000012A100A06726561736F6E10001A04000000022A120A085461736B4E616D6510001A04000000032A120A084E6F64654E616D6510001A04000000042A110A0747726F7570496410001A040000000532236F72672E64656661756C743A61727469666163743A312E302E302D534E415053484F5438044004);
INSERT INTO `workiteminfo` VALUES ('50', '2018-05-14 08:20:10', 'Human Task', '33', '0', '1', 0xACED00057A000001BB0A060807100718004AFD01080012486F72672E64726F6F6C732E636F72652E6D61727368616C6C696E672E696D706C2E53657269616C697A61626C65506C616365686F6C6465725265736F6C76657253747261746567791AAE01ACED0005737200136A6176612E7574696C2E41727261794C6973747881D21D99C7619D03000149000473697A6578700000000677040000000674001B596F75206E65656420746F206576616C756174652061646D696E2E74000566616C736574001D596561726C7920706572666F726D616E6365206576616C756174696F6E740016506572666F726D616E6365204576616C756174696F6E74000D504D204576616C756174696F6E740002504D7852B001083210211A0A48756D616E205461736B20002A110A07436F6D6D656E7410001A04000000002A130A09536B69707061626C6510001A04000000012A100A06726561736F6E10001A04000000022A120A085461736B4E616D6510001A04000000032A120A084E6F64654E616D6510001A04000000042A110A0747726F7570496410001A040000000532236F72672E64656661756C743A61727469666163743A312E302E302D534E415053484F5438034003);
INSERT INTO `workiteminfo` VALUES ('51', '2018-05-14 08:20:10', 'Human Task', '33', '0', '1', 0xACED00057A000001BB0A060807100718004AFD01080012486F72672E64726F6F6C732E636F72652E6D61727368616C6C696E672E696D706C2E53657269616C697A61626C65506C616365686F6C6465725265736F6C76657253747261746567791AAE01ACED0005737200136A6176612E7574696C2E41727261794C6973747881D21D99C7619D03000149000473697A6578700000000677040000000674001B596F75206E65656420746F206576616C756174652061646D696E2E74000566616C736574001D596561726C7920706572666F726D616E6365206576616C756174696F6E740016506572666F726D616E6365204576616C756174696F6E74000D4852204576616C756174696F6E74000248527852B001083310211A0A48756D616E205461736B20002A110A07436F6D6D656E7410001A04000000002A130A09536B69707061626C6510001A04000000012A100A06726561736F6E10001A04000000022A120A085461736B4E616D6510001A04000000032A120A084E6F64654E616D6510001A04000000042A110A0747726F7570496410001A040000000532236F72672E64656661756C743A61727469666163743A312E302E302D534E415053484F5438044004);
INSERT INTO `workiteminfo` VALUES ('52', '2018-05-14 09:39:48', 'Human Task', '34', '0', '1', 0xACED00057A000001C70A060807100718004A8902080012486F72672E64726F6F6C732E636F72652E6D61727368616C6C696E672E696D706C2E53657269616C697A61626C65506C616365686F6C6465725265736F6C76657253747261746567791ABA01ACED0005737200136A6176612E7574696C2E41727261794C6973747881D21D99C7619D03000149000473697A65787000000006770400000006740022506C6561736520706572666F726D20612073656C662D6576616C75746174696F6E2E74000566616C736574001D596561726C7920706572666F726D616E6365206576616C756174696F6E74000561646D696E740016506572666F726D616E6365204576616C756174696F6E74000F53656C66204576616C756174696F6E7852B001083410221A0A48756D616E205461736B20002A110A07436F6D6D656E7410001A04000000002A130A09536B69707061626C6510001A04000000012A100A06726561736F6E10001A04000000022A110A074163746F72496410001A04000000032A120A085461736B4E616D6510001A04000000042A120A084E6F64654E616D6510001A040000000532236F72672E64656661756C743A61727469666163743A312E302E302D534E415053484F5438014002);
INSERT INTO `workiteminfo` VALUES ('53', '2018-05-14 09:41:35', 'Human Task', '35', '0', '1', 0xACED00057A000001C70A060807100718004A8902080012486F72672E64726F6F6C732E636F72652E6D61727368616C6C696E672E696D706C2E53657269616C697A61626C65506C616365686F6C6465725265736F6C76657253747261746567791ABA01ACED0005737200136A6176612E7574696C2E41727261794C6973747881D21D99C7619D03000149000473697A65787000000006770400000006740022506C6561736520706572666F726D20612073656C662D6576616C75746174696F6E2E74000566616C736574001D596561726C7920706572666F726D616E6365206576616C756174696F6E74000561646D696E740016506572666F726D616E6365204576616C756174696F6E74000F53656C66204576616C756174696F6E7852B001083510231A0A48756D616E205461736B20002A110A07436F6D6D656E7410001A04000000002A130A09536B69707061626C6510001A04000000012A100A06726561736F6E10001A04000000022A110A074163746F72496410001A04000000032A120A085461736B4E616D6510001A04000000042A120A084E6F64654E616D6510001A040000000532236F72672E64656661756C743A61727469666163743A312E302E302D534E415053484F5438014002);
INSERT INTO `workiteminfo` VALUES ('54', '2018-05-14 09:44:07', 'Human Task', '36', '0', '1', 0xACED00057A000001C70A060807100718004A8902080012486F72672E64726F6F6C732E636F72652E6D61727368616C6C696E672E696D706C2E53657269616C697A61626C65506C616365686F6C6465725265736F6C76657253747261746567791ABA01ACED0005737200136A6176612E7574696C2E41727261794C6973747881D21D99C7619D03000149000473697A65787000000006770400000006740022506C6561736520706572666F726D20612073656C662D6576616C75746174696F6E2E74000566616C736574001D596561726C7920706572666F726D616E6365206576616C756174696F6E74000561646D696E740016506572666F726D616E6365204576616C756174696F6E74000F53656C66204576616C756174696F6E7852B001083610241A0A48756D616E205461736B20002A110A07436F6D6D656E7410001A04000000002A130A09536B69707061626C6510001A04000000012A100A06726561736F6E10001A04000000022A110A074163746F72496410001A04000000032A120A085461736B4E616D6510001A04000000042A120A084E6F64654E616D6510001A040000000532236F72672E64656661756C743A61727469666163743A312E302E302D534E415053484F5438014002);
INSERT INTO `workiteminfo` VALUES ('55', '2018-05-14 09:44:31', 'Human Task', '37', '0', '1', 0xACED00057A000001C70A060807100718004A8902080012486F72672E64726F6F6C732E636F72652E6D61727368616C6C696E672E696D706C2E53657269616C697A61626C65506C616365686F6C6465725265736F6C76657253747261746567791ABA01ACED0005737200136A6176612E7574696C2E41727261794C6973747881D21D99C7619D03000149000473697A65787000000006770400000006740022506C6561736520706572666F726D20612073656C662D6576616C75746174696F6E2E74000566616C736574001D596561726C7920706572666F726D616E6365206576616C756174696F6E74000561646D696E740016506572666F726D616E6365204576616C756174696F6E74000F53656C66204576616C756174696F6E7852B001083710251A0A48756D616E205461736B20002A110A07436F6D6D656E7410001A04000000002A130A09536B69707061626C6510001A04000000012A100A06726561736F6E10001A04000000022A110A074163746F72496410001A04000000032A120A085461736B4E616D6510001A04000000042A120A084E6F64654E616D6510001A040000000532236F72672E64656661756C743A61727469666163743A312E302E302D534E415053484F5438014002);
INSERT INTO `workiteminfo` VALUES ('56', '2018-05-14 09:54:38', 'Human Task', '38', '0', '1', 0xACED00057A000001C70A060807100718004A8902080012486F72672E64726F6F6C732E636F72652E6D61727368616C6C696E672E696D706C2E53657269616C697A61626C65506C616365686F6C6465725265736F6C76657253747261746567791ABA01ACED0005737200136A6176612E7574696C2E41727261794C6973747881D21D99C7619D03000149000473697A65787000000006770400000006740022506C6561736520706572666F726D20612073656C662D6576616C75746174696F6E2E74000566616C736574001D596561726C7920706572666F726D616E6365206576616C756174696F6E74000561646D696E740016506572666F726D616E6365204576616C756174696F6E74000F53656C66204576616C756174696F6E7852B001083810261A0A48756D616E205461736B20002A110A07436F6D6D656E7410001A04000000002A130A09536B69707061626C6510001A04000000012A100A06726561736F6E10001A04000000022A110A074163746F72496410001A04000000032A120A085461736B4E616D6510001A04000000042A120A084E6F64654E616D6510001A040000000532236F72672E64656661756C743A61727469666163743A312E302E302D534E415053484F5438014002);
INSERT INTO `workiteminfo` VALUES ('62', '2018-05-14 13:34:52', 'Human Task', '40', '0', '1', 0xACED00057A000001B90A060807100718004AFB01080012486F72672E64726F6F6C732E636F72652E6D61727368616C6C696E672E696D706C2E53657269616C697A61626C65506C616365686F6C6465725265736F6C76657253747261746567791AAC01ACED0005737200136A6176612E7574696C2E41727261794C6973747881D21D99C7619D03000149000473697A65787000000006770400000006740019596F75206E65656420746F206576616C7561746520746D702E74000566616C736574001D596561726C7920706572666F726D616E6365206576616C756174696F6E740016506572666F726D616E6365204576616C756174696F6E74000D504D204576616C756174696F6E740002504D7852B001083E10281A0A48756D616E205461736B20002A110A07436F6D6D656E7410001A04000000002A130A09536B69707061626C6510001A04000000012A100A06726561736F6E10001A04000000022A120A085461736B4E616D6510001A04000000032A120A084E6F64654E616D6510001A04000000042A110A0747726F7570496410001A040000000532236F72672E64656661756C743A61727469666163743A312E302E302D534E415053484F5438034003);
INSERT INTO `workiteminfo` VALUES ('65', '2018-05-14 13:39:45', 'Human Task', '41', '0', '1', 0xACED00057A000001090A060807100718004A9A01080012486F72672E64726F6F6C732E636F72652E6D61727368616C6C696E672E696D706C2E53657269616C697A61626C65506C616365686F6C6465725265736F6C76657253747261746567791A4CACED0005737200136A6176612E7574696C2E41727261794C6973747881D21D99C7619D03000149000473697A65787000000002770400000002740003746D7074000973616C65732D726570785262084110291A0A48756D616E205461736B20002A120A084E6F64654E616D6510001A04000000002A110A074163746F72496410001A040000000132236F72672E64656661756C743A61727469666163743A312E302E302D534E415053484F5438034004);
